{
  "runs": 100.0,
  "mttf_mean": 13040.0,
  "mttf_std": 1294.295174989075,
  "energy_left_mean": 16124962.47038395,
  "energy_spent_mean": 3037.529616050422,
  "vote_energy_mean": 3021.250214400002,
  "audit_energy_mean": 16.279401599999996,
  "accuracy_mean": 0.9966999426276535,
  "precision_mean": 0.9442562116811875,
  "recall_mean": 0.9976135685672889,
  "fpr_mean": 0.0033520582899166595,
  "fnr_mean": 0.002386431432711157,
  "tp_mean": 117.05,
  "tn_mean": 2054.51,
  "fp_mean": 6.91,
  "fn_mean": 0.28,
  "audits_mean": 0.63,
  "byzantine_fail_ratio": 0.62,
  "energy_fail_ratio": 0.0,
  "good_left_mean": 2.71,
  "bad_left_mean": 1.33,
  "evicted_left_mean": 123.96
}