{
  "runs": 30.0,
  "mttf_mean": 99.76666666666667,
  "mttf_std": 45.27742876484436,
  "accuracy_mean": 0.9948620074387288,
  "accuracy_std": 0.007290742687578923,
  "fpr_mean": 0.004362412365626232,
  "fnr_mean": 0.008100229346606157,
  "precision_mean": 0.9861051541051541,
  "recall_mean": 0.9918997706533939,
  "energy_mean": 156.75,
  "energy_std": 50.42597710175448
}