{
  "runs": 100.0,
  "mttf_mean": 13118.0,
  "mttf_std": 1255.4186552700257,
  "energy_left_mean": 16125012.259512587,
  "energy_spent_mean": 2987.740487413481,
  "vote_energy_mean": 2984.6396490240004,
  "audit_energy_mean": 3.1008383999999993,
  "accuracy_mean": 0.9976884683746566,
  "precision_mean": 0.9608064516129032,
  "recall_mean": 0.9975717993803901,
  "fpr_mean": 0.002304923335214581,
  "fnr_mean": 0.002428200619609813,
  "tp_mean": 119.14,
  "tn_mean": 2103.67,
  "fp_mean": 4.86,
  "fn_mean": 0.29,
  "audits_mean": 0.12,
  "byzantine_fail_ratio": 0.58,
  "energy_fail_ratio": 0.0,
  "good_left_mean": 2.72,
  "bad_left_mean": 1.28,
  "evicted_left_mean": 124
}