{
  "runs": 100.0,
  "mttf_mean": 12968.0,
  "mttf_std": 1288.012422300344,
  "energy_left_mean": 16124994.77078395,
  "energy_spent_mean": 3005.2292160503566,
  "vote_energy_mean": 2997.477120000002,
  "audit_energy_mean": 7.752095999999998,
  "accuracy_mean": 0.9965951024690108,
  "precision_mean": 0.9442070466822543,
  "recall_mean": 0.9959180202398162,
  "fpr_mean": 0.003366168065183023,
  "fnr_mean": 0.004081979760183689,
  "tp_mean": 117.11,
  "tn_mean": 2048.83,
  "fp_mean": 6.92,
  "fn_mean": 0.48,
  "audits_mean": 0.3,
  "byzantine_fail_ratio": 0.65,
  "energy_fail_ratio": 0.0,
  "good_left_mean": 2.66,
  "bad_left_mean": 1.31,
  "evicted_left_mean": 124.03
}