run_id,seed,method,pa,tids,mttf,accuracy,energy,cmvi,nfg,nbr,nam,false_good_evictions,bad_nodes_retained,audit_mismatch_events,audit_count,audit_update_count,collective_update_count
0,42,Q-TCID,0.0,50,15900.0,0.9983769997681429,5958.820590041578,14.0,14,0,0,14,0,0,0,0,0
1,43,Q-TCID,0.0,50,14600.0,0.999167745515073,7762.408710217103,9.0,9,0,0,9,0,0,0,0,0
2,44,Q-TCID,0.0,50,12950.0,0.9985101994040798,6409.974812002853,13.0,13,0,0,13,0,0,0,0,0
3,45,Q-TCID,0.0,50,11900.0,0.9995204411941014,5885.520888561383,4.0,4,0,0,4,0,0,0,0,0
4,46,Q-TCID,0.0,50,13600.0,0.9991410779471763,6738.468265006319,8.0,8,0,0,8,0,0,0,0,0
5,47,Q-TCID,0.0,50,16050.0,0.9994334919555857,6152.07065317966,5.0,5,0,0,5,0,0,0,0,0
6,48,Q-TCID,0.0,50,14600.0,0.9992455270532442,6853.294571982697,7.0,7,0,0,7,0,0,0,0,0
7,49,Q-TCID,0.0,50,12100.0,0.9985888993414863,6317.425283422694,12.0,12,0,0,12,0,0,0,0,0
8,50,Q-TCID,0.0,50,16050.0,0.9989689540611754,6286.661171173677,9.0,9,0,0,9,0,0,0,0,0
9,51,Q-TCID,0.0,50,14050.0,0.99915611814346,7100.238397561014,8.0,8,0,0,8,0,0,0,0,0
10,52,Q-TCID,0.0,50,13650.0,0.9990972692394493,6533.585212722421,8.0,8,0,0,8,0,0,0,0,0
11,53,Q-TCID,0.0,50,13750.0,0.998856416772554,6455.715408451855,9.0,9,0,0,9,0,0,0,0,0
12,54,Q-TCID,0.0,50,10800.0,0.9989544609665427,5901.01175664179,9.0,9,0,0,9,0,0,0,0,0
13,55,Q-TCID,0.0,50,14900.0,0.9983199327973119,7007.8273569867015,14.0,13,1,0,13,1,0,1,0,0
14,56,Q-TCID,0.0,50,12950.0,0.9983531796300988,6249.170500662178,13.0,13,0,0,13,0,0,0,0,0
15,57,Q-TCID,0.0,50,12950.0,0.997876213592233,5098.889463374391,14.0,13,1,0,13,1,0,0,0,0
16,58,Q-TCID,0.0,50,14550.0,0.9994405281414345,6801.045041201636,5.0,5,0,0,5,0,0,0,0,0
17,59,Q-TCID,0.0,50,13200.0,0.9986897274633124,5986.795158965513,10.0,10,0,0,10,0,0,0,0,0
18,60,Q-TCID,0.0,50,13600.0,0.9980195405334038,5369.178403042257,15.0,15,0,0,15,0,0,0,0,0
19,61,Q-TCID,0.0,50,12500.0,0.9986546481905019,4960.658690275624,10.0,10,0,0,10,0,0,0,0,0
20,62,Q-TCID,0.0,50,12350.0,0.9991835901622614,6827.7534344326705,8.0,8,0,0,8,0,0,0,0,0
21,63,Q-TCID,0.0,50,14300.0,0.9989161066551051,7158.996862726286,10.0,10,0,0,10,0,0,0,0,0
22,64,Q-TCID,0.0,50,15700.0,0.9985024335454886,6829.296586008742,12.0,12,0,0,12,0,0,0,0,0
23,65,Q-TCID,0.0,50,10300.0,0.9986838956688203,5712.62855626829,11.0,11,0,0,11,0,0,0,0,0
24,66,Q-TCID,0.0,50,12850.0,0.998438625990872,6165.286361839622,13.0,13,0,0,13,0,0,0,0,0
25,67,Q-TCID,0.0,50,9500.0,0.9987925945800912,5133.194910703227,9.0,8,1,0,8,1,0,1,0,0
26,68,Q-TCID,0.0,50,11150.0,0.9984562403515022,6030.181460013613,13.0,12,1,0,12,1,0,0,0,0
27,69,Q-TCID,0.0,50,13450.0,0.9991833877741484,5491.64133211039,7.0,6,1,0,6,1,0,1,0,0
28,70,Q-TCID,0.0,50,13800.0,0.9985666018224634,7333.590618584305,14.0,14,0,0,14,0,0,0,0,0
29,71,Q-TCID,0.0,50,10600.0,0.9984676007005254,6019.0826388038695,14.0,14,0,0,14,0,0,0,0,0
30,72,Q-TCID,0.0,50,15150.0,0.9991862357591258,6076.733200246468,7.0,7,0,0,7,0,0,0,0,0
31,73,Q-TCID,0.0,50,12700.0,0.9991248222295154,6676.247600730509,8.0,8,0,0,8,0,0,0,0,0
32,74,Q-TCID,0.0,50,15000.0,0.9991665798520679,6758.588587893173,8.0,8,0,0,8,0,0,0,0,0
33,75,Q-TCID,0.0,50,10300.0,0.9989743589743589,4984.142292359844,8.0,8,0,0,8,0,0,0,0,0
34,76,Q-TCID,0.0,50,12800.0,0.9990361445783132,6371.316885845736,8.0,8,0,0,8,0,0,0,0,0
35,77,Q-TCID,0.0,50,13100.0,0.998178269355888,5628.170681612566,14.0,14,0,0,14,0,0,0,0,0
36,78,Q-TCID,0.0,50,12850.0,0.9981098960442825,4883.065861893818,14.0,14,0,0,14,0,0,0,0,0
37,79,Q-TCID,0.0,50,12050.0,0.9986067131095631,5841.719123637304,11.0,11,0,0,11,0,0,0,0,0
38,80,Q-TCID,0.0,50,16050.0,0.998659217877095,7212.097105285153,12.0,12,0,0,12,0,0,0,0,0
39,81,Q-TCID,0.0,50,13350.0,0.9993811242908716,6765.552554132417,6.0,6,0,0,6,0,0,0,0,0
40,82,Q-TCID,0.0,50,12650.0,0.999278759466282,5915.315585004166,6.0,6,0,0,6,0,0,0,0,0
41,83,Q-TCID,0.0,50,14400.0,0.9985339197654272,5049.567963818088,11.0,11,0,0,11,0,0,0,0,0
42,84,Q-TCID,0.0,50,13150.0,0.998898139079334,6745.076119340956,9.0,9,0,0,9,0,0,0,0,0
43,85,Q-TCID,0.0,50,13300.0,0.9991400491400492,6188.354500019923,7.0,7,0,0,7,0,0,0,0,0
44,86,Q-TCID,0.0,50,11550.0,0.9987916219119226,5372.225138286129,9.0,9,0,0,9,0,0,0,0,0
45,87,Q-TCID,0.0,50,9300.0,0.9981754385964913,4668.726060079411,13.0,12,1,0,12,1,0,0,0,0
46,88,Q-TCID,0.0,50,13250.0,0.998164175190139,5683.902195489034,14.0,14,0,0,14,0,0,0,0,0
47,89,Q-TCID,0.0,50,10200.0,0.9981756946393489,5112.1447399985045,13.0,13,0,0,13,0,0,0,0,0
48,90,Q-TCID,0.0,50,14900.0,0.9989863723392274,6874.760206568986,9.0,9,0,0,9,0,0,0,0,0
49,91,Q-TCID,0.0,50,10150.0,0.9988767200224656,5341.559946058318,8.0,8,0,0,8,0,0,0,0,0
50,92,Q-TCID,0.0,50,15050.0,0.9987325728770595,6035.424218703061,10.0,10,0,0,10,0,0,0,0,0
51,93,Q-TCID,0.0,50,11850.0,0.9986554210976654,5525.293907597661,11.0,11,0,0,11,0,0,0,0,0
52,94,Q-TCID,0.0,50,13150.0,0.9993392361569975,6023.257061725482,5.0,5,0,0,5,0,0,0,0,0
53,95,Q-TCID,0.0,50,13300.0,0.9995018059534189,6159.806195233017,4.0,4,0,0,4,0,0,0,0,0
54,96,Q-TCID,0.0,50,13100.0,0.9995268511947007,5701.866062982008,4.0,4,0,0,4,0,0,0,0,0
55,97,Q-TCID,0.0,50,15550.0,0.9989820156090939,6971.345670165494,9.0,9,0,0,9,0,0,0,0,0
56,98,Q-TCID,0.0,50,13850.0,0.9994568169473113,6112.858775153756,4.0,4,0,0,4,0,0,0,0,0
57,99,Q-TCID,0.0,50,10650.0,0.9985577553428608,5613.253549370915,11.0,11,0,0,11,0,0,0,0,0
58,100,Q-TCID,0.0,50,12800.0,0.9985144554908011,6274.592934250832,13.0,13,0,0,13,0,0,0,0,0
59,101,Q-TCID,0.0,50,13050.0,0.9989718545174142,5776.946323975921,8.0,8,0,0,8,0,0,0,0,0
60,102,Q-TCID,0.0,50,14150.0,0.9992135273299253,5861.938366511837,6.0,6,0,0,6,0,0,0,0,0
61,103,Q-TCID,0.0,50,16050.0,0.9993719250497226,7136.739868348464,6.0,6,0,0,6,0,0,0,0,0
62,104,Q-TCID,0.0,50,14850.0,0.9986328610489684,6146.451998600736,11.0,11,0,0,11,0,0,0,0,0
63,105,Q-TCID,0.0,50,11750.0,0.9992311635058944,5641.050062362105,6.0,5,1,0,5,1,0,0,0,0
64,106,Q-TCID,0.0,50,13550.0,0.998778320746335,6534.653548492119,11.0,11,0,0,11,0,0,0,0,0
65,107,Q-TCID,0.0,50,10900.0,0.9986767235675532,5329.353221124038,10.0,10,0,0,10,0,0,0,0,0
66,108,Q-TCID,0.0,50,11200.0,0.9992970123022847,6041.774881072342,6.0,6,0,0,6,0,0,0,0,0
67,109,Q-TCID,0.0,50,13600.0,0.9991075412762159,6542.092330627143,8.0,7,1,0,7,1,0,0,0,0
68,110,Q-TCID,0.0,50,14250.0,0.998598369011213,6166.433833565563,11.0,11,0,0,11,0,0,0,0,0
69,111,Q-TCID,0.0,50,13400.0,0.9983063150254052,6380.298819549382,14.0,14,0,0,14,0,0,0,0,0
70,112,Q-TCID,0.0,50,14150.0,0.9990317114500121,6113.373159006238,8.0,8,0,0,8,0,0,0,0,0
71,113,Q-TCID,0.0,50,13150.0,0.9991219405114696,6597.62600460276,8.0,8,0,0,8,0,0,0,0,0
72,114,Q-TCID,0.0,50,14250.0,0.9993165508600068,6583.144120281562,6.0,6,0,0,6,0,0,0,0,0
73,115,Q-TCID,0.0,50,12400.0,0.9989650711513584,5462.4797234702855,8.0,8,0,0,8,0,0,0,0,0
74,116,Q-TCID,0.0,50,16050.0,0.9990552668871044,6503.15742848441,8.0,8,0,0,8,0,0,0,0,0
75,117,Q-TCID,0.0,50,13450.0,0.9988393087438742,5610.46400607191,9.0,9,0,0,9,0,0,0,0,0
76,118,Q-TCID,0.0,50,12950.0,0.9982790270766406,6655.5733259394765,15.0,15,0,0,15,0,0,0,0,0
77,119,Q-TCID,0.0,50,15900.0,0.9987404099393107,6234.5105603616685,11.0,11,0,0,11,0,0,0,0,0
78,120,Q-TCID,0.0,50,12250.0,0.9989200863930886,6291.429113969207,9.0,8,1,0,8,1,0,0,0,0
79,121,Q-TCID,0.0,50,11450.0,0.9986751457339693,5681.567684099078,10.0,10,0,0,10,0,0,0,0,0
0,42,TA-QTCID,0.0,50,10750.0,0.9987123358228174,5856.102087993175,10.0,10,0,0,10,0,0,0,0,7766
1,43,TA-QTCID,0.0,50,11300.0,0.9991352286239326,6421.192337181419,8.0,8,0,0,8,0,0,0,0,9251
2,44,TA-QTCID,0.0,50,10550.0,0.9987924325774856,5733.619374960661,9.0,8,1,0,8,1,0,1,0,7453
3,45,TA-QTCID,0.0,50,10600.0,0.9983859810929214,6014.33448000811,14.0,14,0,0,14,0,0,0,0,8674
4,46,TA-QTCID,0.0,50,10250.0,0.9990595979781357,5860.1578069627285,8.0,8,0,0,8,0,0,0,0,8507
5,47,TA-QTCID,0.0,50,12150.0,0.9990517956619651,6510.873186502606,8.0,8,0,0,8,0,0,0,0,8437
6,48,TA-QTCID,0.0,50,12250.0,0.9986217266006766,6467.368181539699,11.0,11,0,0,11,0,0,0,0,7981
7,49,TA-QTCID,0.0,50,12350.0,0.9991039426523297,6734.808225946501,8.0,8,0,0,8,0,0,0,0,8928
8,50,TA-QTCID,0.0,50,12150.0,0.9986921266021449,6344.470004564151,10.0,10,0,0,10,0,0,0,0,7646
9,51,TA-QTCID,0.0,50,12700.0,0.9988993518405284,6696.60533163324,9.0,9,0,0,9,0,0,0,0,8177
10,52,TA-QTCID,0.0,50,10450.0,0.9987174554315762,5754.8871695920825,10.0,9,1,0,9,1,0,0,0,7797
11,53,TA-QTCID,0.0,50,13850.0,0.998576278611324,7330.385611440986,13.0,13,0,0,13,0,0,0,0,9131
12,54,TA-QTCID,0.0,50,10900.0,0.998818106606784,6111.810223389417,10.0,9,1,0,9,1,0,1,0,8461
13,55,TA-QTCID,0.0,50,10000.0,0.9992513102071375,5625.6976822167635,6.0,6,0,0,6,0,0,0,0,8014
14,56,TA-QTCID,0.0,50,13600.0,0.998450922405295,6820.8488202653825,11.0,10,1,0,10,1,0,1,0,7101
15,57,TA-QTCID,0.0,50,12950.0,0.9985031807409255,6675.931056780741,12.0,12,0,0,12,0,0,0,0,8017
16,58,TA-QTCID,0.0,50,13000.0,0.9992605373428641,6777.759279102087,6.0,6,0,0,6,0,0,0,0,8114
17,59,TA-QTCID,0.0,50,16050.0,0.999068576085691,7973.80069684796,8.0,8,0,0,8,0,0,0,0,8589
18,60,TA-QTCID,0.0,50,11300.0,0.9986165262231166,6113.847974866629,11.0,11,0,0,11,0,0,0,0,7951
19,61,TA-QTCID,0.0,50,12600.0,0.9990848776023793,6765.315146256238,8.0,8,0,0,8,0,0,0,0,8742
20,62,TA-QTCID,0.0,50,10750.0,0.998639455782313,6304.387630710378,13.0,13,0,0,13,0,0,0,0,9555
21,63,TA-QTCID,0.0,50,11500.0,0.998861624082975,6197.2177297938615,9.0,8,1,0,8,1,0,1,0,7906
22,64,TA-QTCID,0.0,50,9400.0,0.9985407269832847,5304.445171421394,11.0,11,0,0,11,0,0,0,0,7538
23,65,TA-QTCID,0.0,50,11800.0,0.9986436498150432,6352.185762634501,11.0,10,1,0,10,1,0,1,0,8110
24,66,TA-QTCID,0.0,50,11050.0,0.9987410826689047,5818.947745395824,9.0,9,0,0,9,0,0,0,0,7149
25,67,TA-QTCID,0.0,50,14800.0,0.9979473144030107,7532.934152198955,18.0,18,0,0,18,0,0,0,0,8769
26,68,TA-QTCID,0.0,50,11650.0,0.9994937990382182,6229.188665732741,4.0,4,0,0,4,0,0,0,0,7902
27,69,TA-QTCID,0.0,50,12100.0,0.998104864181933,6390.784336889163,15.0,15,0,0,15,0,0,0,0,7915
28,70,TA-QTCID,0.0,50,9450.0,0.9982449034696909,5280.763729400933,13.0,13,0,0,13,0,0,0,0,7407
29,71,TA-QTCID,0.0,50,13350.0,0.9985486211901307,6923.448618253693,12.0,12,0,0,12,0,0,0,0,8268
30,72,TA-QTCID,0.0,50,10350.0,0.9994154781388824,5908.984706629068,5.0,5,0,0,5,0,0,0,0,8554
31,73,TA-QTCID,0.0,50,11100.0,0.998419452887538,6087.693533485755,13.0,13,0,0,13,0,0,0,0,8225
32,74,TA-QTCID,0.0,50,10700.0,0.9988483685220729,5839.1472042910755,9.0,9,0,0,9,0,0,0,0,7815
33,75,TA-QTCID,0.0,50,10050.0,0.9989235737351991,5511.484679102898,8.0,8,0,0,8,0,0,0,0,7432
34,76,TA-QTCID,0.0,50,12050.0,0.9987212276214834,6554.892575420439,11.0,11,0,0,11,0,0,0,0,8602
35,77,TA-QTCID,0.0,50,13400.0,0.998755233676587,7059.226175945252,11.0,11,0,0,11,0,0,0,0,8837
36,78,TA-QTCID,0.0,50,10400.0,0.9991223671013039,5770.338469687849,7.0,7,0,0,7,0,0,0,0,7976
37,79,TA-QTCID,0.0,50,12200.0,0.9994064577397911,6550.975344393402,5.0,5,0,0,5,0,0,0,0,8424
38,80,TA-QTCID,0.0,50,12450.0,0.9987410826689047,6378.300636079162,9.0,9,0,0,9,0,0,0,0,7149
39,81,TA-QTCID,0.0,50,12050.0,0.9991718916361055,6510.14117872715,7.0,7,0,0,7,0,0,0,0,8453
40,82,TA-QTCID,0.0,50,11550.0,0.9984216756543469,6129.69495488517,12.0,11,1,0,11,1,0,0,0,7603
41,83,TA-QTCID,0.0,50,10750.0,0.9988316240425809,5864.965317774564,9.0,8,1,0,8,1,0,1,0,7703
42,84,TA-QTCID,0.0,50,12550.0,0.9989341859845456,6466.99228564091,8.0,8,0,0,8,0,0,0,0,7506
43,85,TA-QTCID,0.0,50,13150.0,0.9985903274777705,7089.159360351041,13.0,13,0,0,13,0,0,0,0,9222
44,86,TA-QTCID,0.0,50,11000.0,0.9993019197207679,6155.117388417944,6.0,6,0,0,6,0,0,0,0,8595
45,87,TA-QTCID,0.0,50,13150.0,0.9992477432296891,6767.155057746917,6.0,6,0,0,6,0,0,0,0,7976
46,88,TA-QTCID,0.0,50,10950.0,0.9986810867844896,5867.853781023994,10.0,10,0,0,10,0,0,0,0,7582
47,89,TA-QTCID,0.0,50,11200.0,0.9986952911872851,6178.6999104730785,11.0,11,0,0,11,0,0,0,0,8431
48,90,TA-QTCID,0.0,50,9450.0,0.9984005905511811,5484.202549988404,13.0,13,0,0,13,0,0,0,0,8128
49,91,TA-QTCID,0.0,50,9600.0,0.9991709271797706,5304.366035424173,6.0,6,0,0,6,0,0,0,0,7237
50,92,TA-QTCID,0.0,50,8450.0,0.9991946308724832,4930.863993823528,6.0,6,0,0,6,0,0,0,0,7450
51,93,TA-QTCID,0.0,50,10450.0,0.999036476256022,5624.490858538076,7.0,7,0,0,7,0,0,0,0,7265
52,94,TA-QTCID,0.0,50,13700.0,0.9984188761858429,7029.273207517341,13.0,13,0,0,13,0,0,0,0,8222
53,95,TA-QTCID,0.0,50,12000.0,0.9990294795584131,6440.976332210004,8.0,8,0,0,8,0,0,0,0,8243
54,96,TA-QTCID,0.0,50,10600.0,0.9993337774816788,5732.966503096744,5.0,5,0,0,5,0,0,0,0,7505
55,97,TA-QTCID,0.0,50,13700.0,0.999535747446611,7141.151699228212,4.0,4,0,0,4,0,0,0,0,8616
56,98,TA-QTCID,0.0,50,15700.0,0.9985448847100963,7999.895786259323,13.0,13,0,0,13,0,0,0,0,8934
57,99,TA-QTCID,0.0,50,11300.0,0.9987543597409069,6097.644882982597,10.0,10,0,0,10,0,0,0,0,8028
58,100,TA-QTCID,0.0,50,13400.0,0.998781703400155,7162.617333833128,11.0,10,1,0,10,1,0,0,0,9029
59,101,TA-QTCID,0.0,50,12200.0,0.9990845634511958,6629.161692645401,8.0,8,0,0,8,0,0,0,0,8739
60,102,TA-QTCID,0.0,50,11250.0,0.9989538533069859,6235.519544092938,9.0,9,0,0,9,0,0,0,0,8603
61,103,TA-QTCID,0.0,50,13250.0,0.9990013315579228,7078.317731166258,9.0,9,0,0,9,0,0,0,0,9012
62,104,TA-QTCID,0.0,50,11050.0,0.998592210229939,6158.441099597141,12.0,12,0,0,12,0,0,0,0,8524
63,105,TA-QTCID,0.0,50,12350.0,0.9988978287225835,6750.239742005244,10.0,10,0,0,10,0,0,0,0,9073
64,106,TA-QTCID,0.0,50,12900.0,0.9992552135054618,6740.248824579641,6.0,6,0,0,6,0,0,0,0,8056
65,107,TA-QTCID,0.0,50,12600.0,0.9993308798929408,6807.751815456897,6.0,6,0,0,6,0,0,0,0,8967
66,108,TA-QTCID,0.0,50,13750.0,0.9980829950383401,7250.438487647101,17.0,17,0,0,17,0,0,0,0,8868
67,109,TA-QTCID,0.0,50,12250.0,0.9981892805408016,6551.727136217058,15.0,15,0,0,15,0,0,0,0,8284
68,110,TA-QTCID,0.0,50,10300.0,0.9981045220687788,5587.000187991187,14.0,14,0,0,14,0,0,0,0,7386
69,111,TA-QTCID,0.0,50,15850.0,0.9996237772761475,7815.172624962404,3.0,3,0,0,3,0,0,0,0,7974
70,112,TA-QTCID,0.0,50,13050.0,0.9986140859266726,6784.68367735669,11.0,11,0,0,11,0,0,0,0,7937
71,113,TA-QTCID,0.0,50,10250.0,0.9983618763961281,5395.411980435252,11.0,11,0,0,11,0,0,0,0,6715
72,114,TA-QTCID,0.0,50,10550.0,0.9991686460807601,5960.858341535553,7.0,7,0,0,7,0,0,0,0,8420
73,115,TA-QTCID,0.0,50,12400.0,0.9984769640817363,6502.029740773141,12.0,12,0,0,12,0,0,0,0,7879
74,116,TA-QTCID,0.0,50,11300.0,0.9986689737787835,5972.906794499606,10.0,10,0,0,10,0,0,0,0,7513
75,117,TA-QTCID,0.0,50,10800.0,0.998666343355965,6001.395747283474,11.0,11,0,0,11,0,0,0,0,8248
76,118,TA-QTCID,0.0,50,14250.0,0.9990095332425405,7202.402947766706,8.0,7,1,0,7,1,0,0,0,8077
77,119,TA-QTCID,0.0,50,15250.0,0.9990845634511958,7723.335320100188,8.0,8,0,0,8,0,0,0,0,8739
78,120,TA-QTCID,0.0,50,12650.0,0.9985723026718336,7070.443701099604,14.0,13,1,0,13,1,0,1,0,9806
79,121,TA-QTCID,0.0,50,10450.0,0.9985520600236936,5686.731306819245,11.0,11,0,0,11,0,0,0,0,7597
0,42,Q-TCID,0.0,100,15300.0,0.9979113483406823,3394.9533260166645,9.0,8,1,0,8,1,0,0,0,0
1,43,Q-TCID,0.0,100,16100.0,0.9994122257053292,3829.864888086915,3.0,3,0,0,3,0,0,0,0,0
2,44,Q-TCID,0.0,100,12100.0,0.9991007194244604,3200.259031197056,4.0,4,0,0,4,0,0,0,0,0
3,45,Q-TCID,0.0,100,13100.0,0.9993045897079277,3325.333447592333,3.0,3,0,0,3,0,0,0,0,0
4,46,Q-TCID,0.0,100,16100.0,0.9992294355615489,3426.8055579438806,4.0,3,1,0,3,1,0,0,0,0
5,47,Q-TCID,0.0,100,12900.0,0.9995698924731182,3181.305963989347,2.0,2,0,0,2,0,0,0,0,0
6,48,Q-TCID,0.0,100,15300.0,0.9987878787878788,3772.530870575458,6.0,6,0,0,6,0,0,0,0,0
7,49,Q-TCID,0.0,100,13000.0,0.998387839705205,2978.0056313835084,7.0,7,0,0,7,0,0,0,0,0
8,50,Q-TCID,0.0,100,12000.0,0.9986507758039127,3129.0960011910647,6.0,6,0,0,6,0,0,0,0,0
9,51,Q-TCID,0.0,100,14500.0,0.9997601343247782,3394.3993741609156,1.0,1,0,0,1,0,0,0,0,0
10,52,Q-TCID,0.0,100,16100.0,0.9992894362861203,3248.492411021143,3.0,3,0,0,3,0,0,0,0,0
11,53,Q-TCID,0.0,100,10700.0,0.9995085995085995,2748.5112893618643,2.0,2,0,0,2,0,0,0,0,0
12,54,Q-TCID,0.0,100,16100.0,0.9991991991991992,3677.7457505352795,4.0,4,0,0,4,0,0,0,0,0
13,55,Q-TCID,0.0,100,16100.0,0.9985106382978723,4045.035617703572,7.0,7,0,0,7,0,0,0,0,0
14,56,Q-TCID,0.0,100,14100.0,0.9979452054794521,3235.9493581950665,9.0,9,0,0,9,0,0,0,0,0
15,57,Q-TCID,0.0,100,16100.0,0.9990203281900564,3265.9221105929464,4.0,4,0,0,4,0,0,0,0,0
16,58,Q-TCID,0.0,100,12600.0,0.9992713140636386,2813.7786888740957,3.0,3,0,0,3,0,0,0,0,0
17,59,Q-TCID,0.0,100,16100.0,0.9986847873739588,3211.8524522725493,6.0,6,0,0,6,0,0,0,0,0
18,60,Q-TCID,0.0,100,13400.0,0.9983140655105973,3159.5831374879926,7.0,7,0,0,7,0,0,0,0,0
19,61,Q-TCID,0.0,100,11000.0,0.9976059372755566,2740.5779073704034,10.0,10,0,0,10,0,0,0,0,0
20,62,Q-TCID,0.0,100,12200.0,0.9997454175152749,2889.254629805684,1.0,1,0,0,1,0,0,0,0,0
21,63,Q-TCID,0.0,100,15000.0,0.9990503323836657,3861.143384180963,5.0,4,1,0,4,1,0,1,0,0
22,64,Q-TCID,0.0,100,10900.0,0.9981373070782331,2764.496757339686,7.0,6,1,0,6,1,0,1,0,0
23,65,Q-TCID,0.0,100,12300.0,0.9992454728370221,2990.232140287757,3.0,3,0,0,3,0,0,0,0,0
24,66,Q-TCID,0.0,100,12300.0,0.9990999099909991,3092.8715063314885,4.0,4,0,0,4,0,0,0,0,0
25,67,Q-TCID,0.0,100,11800.0,0.9988032551460029,3024.458451645449,5.0,5,0,0,5,0,0,0,0,0
26,68,Q-TCID,0.0,100,11400.0,0.9982555604012211,3129.3927611205727,8.0,8,0,0,8,0,0,0,0,0
27,69,Q-TCID,0.0,100,13600.0,0.9994555353901996,3711.4378940146416,3.0,2,1,0,2,1,0,1,0,0
28,70,Q-TCID,0.0,100,16100.0,0.9980319803198032,2995.395762981847,8.0,8,0,0,8,0,0,0,0,0
29,71,Q-TCID,0.0,100,15500.0,0.9988363072148952,3807.7859496679157,6.0,6,0,0,6,0,0,0,0,0
30,72,Q-TCID,0.0,100,9200.0,0.9985538684020245,2627.017776079476,6.0,6,0,0,6,0,0,0,0,0
31,73,Q-TCID,0.0,100,11600.0,0.9992795389048992,3038.584224058315,3.0,3,0,0,3,0,0,0,0,0
32,74,Q-TCID,0.0,100,15000.0,0.9994361962037211,3531.146347567439,3.0,3,0,0,3,0,0,0,0,0
33,75,Q-TCID,0.0,100,12100.0,0.999193765116904,2729.657142141834,3.0,3,0,0,3,0,0,0,0,0
34,76,Q-TCID,0.0,100,16100.0,0.9987247608926674,3248.6308989729732,6.0,6,0,0,6,0,0,0,0,0
35,77,Q-TCID,0.0,100,10700.0,0.9980634229000243,2852.8322949986905,8.0,8,0,0,8,0,0,0,0,0
36,78,Q-TCID,0.0,100,16100.0,0.9984947315604616,2904.1717620212585,6.0,6,0,0,6,0,0,0,0,0
37,79,Q-TCID,0.0,100,16100.0,0.9978232477144101,3316.311945883557,10.0,9,1,0,9,1,0,1,0,0
38,80,Q-TCID,0.0,100,14700.0,0.9983944954128441,3408.0701146759093,7.0,7,0,0,7,0,0,0,0,0
39,81,Q-TCID,0.0,100,13600.0,0.9990140497904856,2904.7059298921376,4.0,4,0,0,4,0,0,0,0,0
40,82,Q-TCID,0.0,100,10800.0,1.0,2851.269359409809,0.0,0,0,0,0,0,0,0,0,0
41,83,Q-TCID,0.0,100,15800.0,0.9987096774193548,3376.297018708661,6.0,6,0,0,6,0,0,0,0,0
42,84,Q-TCID,0.0,100,15200.0,0.9988115046351319,3074.9669908750802,5.0,4,1,0,4,1,0,1,0,0
43,85,Q-TCID,0.0,100,13700.0,0.9987171263630532,3568.1028502322733,6.0,5,1,0,5,1,0,1,0,0
44,86,Q-TCID,0.0,100,16100.0,0.9990725712960816,2995.8705788627267,4.0,3,1,0,3,1,0,1,0,0
45,87,Q-TCID,0.0,100,12500.0,0.998253656406898,3216.7390990238637,8.0,8,0,0,8,0,0,0,0,0
46,88,Q-TCID,0.0,100,11900.0,0.9987146529562982,2737.6696601156145,5.0,5,0,0,5,0,0,0,0,0
47,89,Q-TCID,0.0,100,9000.0,0.9992416582406471,2524.2003540638834,3.0,3,0,0,3,0,0,0,0,0
48,90,Q-TCID,0.0,100,12300.0,0.9988654413433175,3154.2612428124994,5.0,5,0,0,5,0,0,0,0,0
49,91,Q-TCID,0.0,100,10300.0,0.9982573337205926,2551.7990270853043,6.0,6,0,0,6,0,0,0,0,0
50,92,Q-TCID,0.0,100,11100.0,0.9980227385071676,2635.9799258075655,8.0,8,0,0,8,0,0,0,0,0
51,93,Q-TCID,0.0,100,13400.0,0.9987264391237901,2640.5698126405478,5.0,5,0,0,5,0,0,0,0,0
52,94,Q-TCID,0.0,100,9900.0,0.9978234582829504,2808.278738271445,9.0,8,1,0,8,1,0,1,0,0
53,95,Q-TCID,0.0,100,9800.0,0.9992279979413279,2683.4615138117224,3.0,3,0,0,3,0,0,0,0,0
54,96,Q-TCID,0.0,100,16100.0,0.9994584837545126,4278.803302612156,3.0,3,0,0,3,0,0,0,0,0
55,97,Q-TCID,0.0,100,14900.0,0.9995944849959448,3555.1839014906436,2.0,2,0,0,2,0,0,0,0,0
56,98,Q-TCID,0.0,100,15500.0,0.9984440986885975,3496.9991722255945,7.0,7,0,0,7,0,0,0,0,0
57,99,Q-TCID,0.0,100,13200.0,0.9979700583608221,2857.14520592615,8.0,8,0,0,8,0,0,0,0,0
58,100,Q-TCID,0.0,100,15400.0,0.9994160015573291,3696.5405457764864,3.0,3,0,0,3,0,0,0,0,0
59,101,Q-TCID,0.0,100,13200.0,0.9984879032258065,2934.9952262286097,6.0,6,0,0,6,0,0,0,0,0
60,102,Q-TCID,0.0,100,15000.0,0.9983974358974359,3534.2128668241203,7.0,7,0,0,7,0,0,0,0,0
61,103,Q-TCID,0.0,100,11700.0,0.9997883597883598,3200.59535911493,1.0,1,0,0,1,0,0,0,0,0
62,104,Q-TCID,0.0,100,12700.0,0.9979729729729729,3322.2867123465985,9.0,9,0,0,9,0,0,0,0,0
63,105,Q-TCID,0.0,100,14800.0,0.9997619614377529,3384.903056550771,1.0,1,0,0,1,0,0,0,0,0
64,106,Q-TCID,0.0,100,11900.0,0.9988497814584771,3050.197429144755,5.0,5,0,0,5,0,0,0,0,0
65,107,Q-TCID,0.0,100,11600.0,0.9995732878173672,3155.369146557525,2.0,2,0,0,2,0,0,0,0,0
66,108,Q-TCID,0.0,100,13100.0,0.9995602462620933,3403.2428198978305,2.0,2,0,0,2,0,0,0,0,0
67,109,Q-TCID,0.0,100,12400.0,0.9990682506405777,3089.4884431827813,4.0,4,0,0,4,0,0,0,0,0
68,110,Q-TCID,0.0,100,12900.0,0.9994366197183099,2862.941916447133,2.0,2,0,0,2,0,0,0,0,0
69,111,Q-TCID,0.0,100,11000.0,0.9979818365287588,2508.5314300246537,8.0,8,0,0,8,0,0,0,0,0
70,112,Q-TCID,0.0,100,16100.0,0.9993761696818465,3257.652400692925,3.0,3,0,0,3,0,0,0,0,0
71,113,Q-TCID,0.0,100,15700.0,0.9982214317474433,2964.9481946695596,8.0,8,0,0,8,0,0,0,0,0
72,114,Q-TCID,0.0,100,10700.0,0.9997779751332149,2956.361940836534,1.0,0,1,0,0,1,0,1,0,0
73,115,Q-TCID,0.0,100,16100.0,0.9989977951493285,3445.75862515904,5.0,5,0,0,5,0,0,0,0,0
74,116,Q-TCID,0.0,100,12500.0,0.9989994997498749,2783.172848608345,4.0,4,0,0,4,0,0,0,0,0
75,117,Q-TCID,0.0,100,16100.0,0.998356807511737,3258.265704555437,7.0,7,0,0,7,0,0,0,0,0
76,118,Q-TCID,0.0,100,12400.0,0.9980792316926771,2826.1239017546177,8.0,8,0,0,8,0,0,0,0,0
77,119,Q-TCID,0.0,100,12600.0,0.997920997920998,3187.379650451243,9.0,9,0,0,9,0,0,0,0,0
78,120,Q-TCID,0.0,100,14600.0,0.9985461594378483,2958.162284396589,6.0,6,0,0,6,0,0,0,0,0
79,121,Q-TCID,0.0,100,15300.0,0.9985855728429985,3289.0891687665135,6.0,6,0,0,6,0,0,0,0,0
0,42,TA-QTCID,0.0,100,9400.0,0.9989356040447046,2658.2567041832954,4.0,4,0,0,4,0,0,0,0,3758
1,43,TA-QTCID,0.0,100,11100.0,0.9979074633806092,3114.6932528465986,9.0,9,0,0,9,0,0,0,0,4301
2,44,TA-QTCID,0.0,100,12500.0,0.9992709599027947,3302.166389439255,3.0,3,0,0,3,0,0,0,0,4115
3,45,TA-QTCID,0.0,100,12800.0,0.9986648865153538,3454.1074710413814,6.0,6,0,0,6,0,0,0,0,4494
4,46,TA-QTCID,0.0,100,11500.0,0.9988103735427076,3155.2504425756633,5.0,5,0,0,5,0,0,0,0,4203
5,47,TA-QTCID,0.0,100,9900.0,0.9977289931869796,2793.6979339476675,9.0,9,0,0,9,0,0,0,0,3963
6,48,TA-QTCID,0.0,100,13300.0,0.9995596653456627,3555.084981519729,2.0,2,0,0,2,0,0,0,0,4542
7,49,TA-QTCID,0.0,100,12100.0,0.9986406887177164,3305.589020593092,6.0,6,0,0,6,0,0,0,0,4414
8,50,TA-QTCID,0.0,100,12000.0,0.9985549132947977,3224.3361531198025,6.0,6,0,0,6,0,0,0,0,4152
9,51,TA-QTCID,0.0,100,11600.0,0.9990884229717412,3208.9837729893625,4.0,4,0,0,4,0,0,0,0,4388
10,52,TA-QTCID,0.0,100,11400.0,0.9985036340316374,3262.2620715387166,7.0,7,0,0,7,0,0,0,0,4678
11,53,TA-QTCID,0.0,100,16100.0,0.9987549284083835,4130.6607480775565,6.0,6,0,0,6,0,0,0,0,4819
12,54,TA-QTCID,0.0,100,15000.0,0.9993678887484198,3953.9105367865413,3.0,3,0,0,3,0,0,0,0,4746
13,55,TA-QTCID,0.0,100,14900.0,0.9986298241607673,3827.649080654606,6.0,6,0,0,6,0,0,0,0,4379
14,56,TA-QTCID,0.0,100,11300.0,0.9987163029525032,3047.012205954641,5.0,5,0,0,5,0,0,0,0,3895
15,57,TA-QTCID,0.0,100,10600.0,0.9989558861915949,2893.6071087066084,4.0,4,0,0,4,0,0,0,0,3831
16,58,TA-QTCID,0.0,100,16000.0,0.9990964535803026,4029.84150955081,4.0,4,0,0,4,0,0,0,0,4427
17,59,TA-QTCID,0.0,100,11900.0,1.0,3270.9076773617417,0.0,0,0,0,0,0,0,0,0,4387
18,60,TA-QTCID,0.0,100,15000.0,0.99888442659527,3847.433075647801,5.0,5,0,0,5,0,0,0,0,4482
19,61,TA-QTCID,0.0,100,11300.0,0.9988112220637185,3107.709502596408,5.0,5,0,0,5,0,0,0,0,4206
20,62,TA-QTCID,0.0,100,14300.0,0.9985731272294887,3654.6776123531163,6.0,6,0,0,6,0,0,0,0,4205
21,63,TA-QTCID,0.0,100,13600.0,0.9984598459845985,3619.32361330837,7.0,7,0,0,7,0,0,0,0,4545
22,64,TA-QTCID,0.0,100,12400.0,0.999003984063745,3273.1234848108143,4.0,4,0,0,4,0,0,0,0,4016
23,65,TA-QTCID,0.0,100,15400.0,0.9987413467589679,4009.64205064252,6.0,6,0,0,6,0,0,0,0,4767
24,66,TA-QTCID,0.0,100,13100.0,0.9988433957899607,3465.8789480682462,5.0,5,0,0,5,0,0,0,0,4323
25,67,TA-QTCID,0.0,100,14100.0,0.9987018606663782,3738.0473672989756,6.0,5,1,0,5,1,0,0,0,4622
26,68,TA-QTCID,0.0,100,12100.0,0.9997752303888514,3339.023972157389,1.0,1,0,0,1,0,0,0,0,4449
27,69,TA-QTCID,0.0,100,13100.0,0.9984244879585865,3490.3121818974614,7.0,7,0,0,7,0,0,0,0,4443
28,70,TA-QTCID,0.0,100,9700.0,0.9995287464655985,2836.43136315234,2.0,2,0,0,2,0,0,0,0,4244
29,71,TA-QTCID,0.0,100,14100.0,0.9990094105993066,3596.848994985223,4.0,4,0,0,4,0,0,0,0,4038
30,72,TA-QTCID,0.0,100,10800.0,0.9986200551977921,3065.8861371688545,6.0,6,0,0,6,0,0,0,0,4348
31,73,TA-QTCID,0.0,100,11500.0,0.9990340497464381,3131.5887845475227,4.0,4,0,0,4,0,0,0,0,4141
32,74,TA-QTCID,0.0,100,10100.0,0.9985257985257985,2862.5858045425266,6.0,5,1,0,5,1,0,0,0,4070
33,75,TA-QTCID,0.0,100,13800.0,0.9993502274204028,3686.153948409483,3.0,3,0,0,3,0,0,0,0,4617
34,76,TA-QTCID,0.0,100,12900.0,0.9995506627724107,3468.4904354121536,2.0,2,0,0,2,0,0,0,0,4451
35,77,TA-QTCID,0.0,100,13600.0,0.9987355110642782,3674.619879340753,6.0,6,0,0,6,0,0,0,0,4745
36,78,TA-QTCID,0.0,100,10300.0,0.9974702757399444,2864.346580091864,10.0,10,0,0,10,0,0,0,0,3953
37,79,TA-QTCID,0.0,100,9800.0,0.9994479712945074,2697.0135503876954,2.0,2,0,0,2,0,0,0,0,3623
38,80,TA-QTCID,0.0,100,11000.0,0.999776835527784,3121.400027135387,1.0,1,0,0,1,0,0,0,0,4481
39,81,TA-QTCID,0.0,100,10500.0,0.999002493765586,2919.3460862059146,4.0,4,0,0,4,0,0,0,0,4010
40,82,TA-QTCID,0.0,100,13300.0,0.9976937269372693,3513.6770800091326,10.0,10,0,0,10,0,0,0,0,4336
41,83,TA-QTCID,0.0,100,14300.0,0.9983694386210109,3695.3139381073415,7.0,7,0,0,7,0,0,0,0,4293
42,84,TA-QTCID,0.0,100,10700.0,0.9987002859370938,2905.4181537106633,5.0,5,0,0,5,0,0,0,0,3847
43,85,TA-QTCID,0.0,100,11700.0,0.9983552631578947,3044.10395867005,6.0,6,0,0,6,0,0,0,0,3648
44,86,TA-QTCID,0.0,100,11000.0,0.9994685091682168,2948.309854893014,2.0,2,0,0,2,0,0,0,0,3763
45,87,TA-QTCID,0.0,100,14400.0,0.9993729096989966,3825.1760812811553,3.0,3,0,0,3,0,0,0,0,4784
46,88,TA-QTCID,0.0,100,11500.0,0.9990227217200097,3111.5278136245906,4.0,4,0,0,4,0,0,0,0,4093
47,89,TA-QTCID,0.0,100,11000.0,0.9990379990379991,3042.4421030804515,4.0,4,0,0,4,0,0,0,0,4158
48,90,TA-QTCID,0.0,100,9800.0,0.9989310529128808,2725.04747130163,4.0,4,0,0,4,0,0,0,0,3742
49,91,TA-QTCID,0.0,100,14300.0,0.9987066178055616,3754.725275069475,6.0,6,0,0,6,0,0,0,0,4639
50,92,TA-QTCID,0.0,100,14600.0,0.9987507807620237,3902.808477677405,6.0,6,0,0,6,0,0,0,0,4803
51,93,TA-QTCID,0.0,100,11300.0,0.9978378378378379,3011.005335059017,8.0,8,0,0,8,0,0,0,0,3700
52,94,TA-QTCID,0.0,100,9600.0,0.9983193277310924,2802.2446197923273,7.0,7,0,0,7,0,0,0,0,4165
53,95,TA-QTCID,0.0,100,12300.0,0.9988998899889989,3377.3060024641454,5.0,5,0,0,5,0,0,0,0,4545
54,96,TA-QTCID,0.0,100,11300.0,0.9995039682539683,3080.96154137142,2.0,2,0,0,2,0,0,0,0,4032
55,97,TA-QTCID,0.0,100,13800.0,0.9987807851743478,3545.727151909843,5.0,5,0,0,5,0,0,0,0,4101
56,98,TA-QTCID,0.0,100,11900.0,0.9993063583815028,3258.8196564130485,3.0,3,0,0,3,0,0,0,0,4325
57,99,TA-QTCID,0.0,100,11200.0,0.9985268843604223,3077.6378302127123,6.0,6,0,0,6,0,0,0,0,4073
58,100,TA-QTCID,0.0,100,13100.0,0.998451712792723,3705.700535465032,8.0,6,2,0,6,2,0,1,0,5167
59,101,TA-QTCID,0.0,100,14100.0,0.9987410826689047,3762.22340917401,6.0,6,0,0,6,0,0,0,0,4766
60,102,TA-QTCID,0.0,100,13500.0,0.9982939312698026,3495.634076559916,7.0,7,0,0,7,0,0,0,0,4103
61,103,TA-QTCID,0.0,100,11100.0,0.9990439770554493,3069.1702803224325,4.0,4,0,0,4,0,0,0,0,4184
62,104,TA-QTCID,0.0,100,15200.0,0.9988524213908653,3882.8859947044402,5.0,5,0,0,5,0,0,0,0,4357
63,105,TA-QTCID,0.0,100,13400.0,0.9994067629029069,3712.9810456391424,3.0,3,0,0,3,0,0,0,0,5057
64,106,TA-QTCID,0.0,100,13600.0,0.9982880899975544,3509.3641690630466,7.0,6,1,0,6,1,0,1,0,4089
65,107,TA-QTCID,0.0,100,11200.0,0.9997636492554951,3104.1285994946957,1.0,1,0,0,1,0,0,0,0,4231
66,108,TA-QTCID,0.0,100,13000.0,0.9994068801897983,3639.760480117053,3.0,3,0,0,3,0,0,0,0,5058
67,109,TA-QTCID,0.0,100,10000.0,0.9987481221832749,2829.170636979863,5.0,5,0,0,5,0,0,0,0,3994
68,110,TA-QTCID,0.0,100,11100.0,0.998025178968156,3061.5732262544334,8.0,7,1,0,7,1,0,1,0,4051
69,111,TA-QTCID,0.0,100,13500.0,0.9990684676292502,3565.3330909702927,4.0,4,0,0,4,0,0,0,0,4294
70,112,TA-QTCID,0.0,100,10500.0,0.9989049496276828,3055.915003683418,5.0,5,0,0,5,0,0,0,0,4566
71,113,TA-QTCID,0.0,100,10800.0,0.9997538764459759,2991.300476014614,1.0,1,0,0,1,0,0,0,0,4063
72,114,TA-QTCID,0.0,100,11200.0,0.9987810823988298,3068.6361124720424,5.0,5,0,0,5,0,0,0,0,4102
73,115,TA-QTCID,0.0,100,11600.0,0.9991423670668954,3295.400263171643,4.0,4,0,0,4,0,0,0,0,4664
74,116,TA-QTCID,0.0,100,11600.0,0.9993253879019564,3228.0159761924297,3.0,3,0,0,3,0,0,0,0,4447
75,117,TA-QTCID,0.0,100,15400.0,0.997895622895623,4017.3578087147325,10.0,10,0,0,10,0,0,0,0,4752
76,118,TA-QTCID,0.0,100,9500.0,0.9997357992073976,2676.4975475743413,1.0,1,0,0,1,0,0,0,0,3785
77,119,TA-QTCID,0.0,100,14200.0,0.9990267639902677,3634.3792335242033,4.0,4,0,0,4,0,0,0,0,4110
78,120,TA-QTCID,0.0,100,13300.0,0.9989680082559339,3625.5555717218667,5.0,4,1,0,4,1,0,0,0,4845
79,121,TA-QTCID,0.0,100,13100.0,0.9989473684210526,3580.84374300763,5.0,5,0,0,5,0,0,0,0,4750
0,42,Q-TCID,0.0,200,16200.0,0.9974768713204374,1735.9664252661169,6.0,5,1,0,5,1,0,1,0,0
1,43,Q-TCID,0.0,200,16200.0,0.9991738950846758,1995.1961117554456,2.0,1,1,0,1,1,0,1,0,0
2,44,Q-TCID,0.0,200,14600.0,0.9981875849569551,1755.2953883837909,4.0,3,1,0,3,1,0,0,0,0
3,45,Q-TCID,0.0,200,16000.0,0.9986922406277245,1866.303384333849,3.0,3,0,0,3,0,0,0,0,0
4,46,Q-TCID,0.0,200,16200.0,1.0,1927.9700967352837,0.0,0,0,0,0,0,0,0,0,0
5,47,Q-TCID,0.0,200,12800.0,1.0,1485.7582405079156,0.0,0,0,0,0,0,0,0,0,0
6,48,Q-TCID,0.0,200,16200.0,0.9992141453831042,1771.3204243406653,2.0,2,0,0,2,0,0,0,0,0
7,49,Q-TCID,0.0,200,12800.0,0.9986967854039965,1602.4640270099044,3.0,3,0,0,3,0,0,0,0,0
8,50,Q-TCID,0.0,200,11200.0,0.9986678507992895,1447.792754104361,3.0,3,0,0,3,0,0,0,0,0
9,51,Q-TCID,0.0,200,13600.0,1.0,1517.6104724463075,0.0,0,0,0,0,0,0,0,0,0
10,52,Q-TCID,0.0,200,13000.0,0.9995215311004785,1477.0334987081587,1.0,1,0,0,1,0,0,0,0,0
11,53,Q-TCID,0.0,200,12400.0,0.9978392394122731,1446.0121945403516,5.0,5,0,0,5,0,0,0,0,0
12,54,Q-TCID,0.0,200,14600.0,1.0,1788.9677478764206,0.0,0,0,0,0,0,0,0,0,0
13,55,Q-TCID,0.0,200,12400.0,0.9986876640419947,1562.896037010476,3.0,3,0,0,3,0,0,0,0,0
14,56,Q-TCID,0.0,200,12800.0,0.9975478175576263,1517.0960885845125,5.0,5,0,0,5,0,0,0,0,0
15,57,Q-TCID,0.0,200,11800.0,0.9985074626865672,1403.2787653561682,3.0,3,0,0,3,0,0,0,0,0
16,58,Q-TCID,0.0,200,11400.0,0.9979757085020243,1670.9957856945693,5.0,4,1,0,4,1,0,1,0,0
17,59,Q-TCID,0.0,200,14400.0,0.9991964644435516,1845.549973566085,2.0,2,0,0,2,0,0,0,0,0
18,60,Q-TCID,0.0,200,10600.0,0.9990990990990991,1439.562612177804,2.0,2,0,0,2,0,0,0,0,0
19,61,Q-TCID,0.0,200,15200.0,0.9984490112446684,1975.056004844606,4.0,4,0,0,4,0,0,0,0,0
20,62,Q-TCID,0.0,200,15800.0,0.9996045867931989,1926.743489054963,1.0,1,0,0,1,0,0,0,0,0
21,63,Q-TCID,0.0,200,12800.0,0.9987628865979381,1758.183851659298,3.0,3,0,0,3,0,0,0,0,0
22,64,Q-TCID,0.0,200,9600.0,0.9983669025585193,1252.425803475082,3.0,3,0,0,3,0,0,0,0,0
23,65,Q-TCID,0.0,200,14000.0,0.9983613273248668,1805.3488957416266,4.0,3,1,0,3,1,0,1,0,0
24,66,Q-TCID,0.0,200,11200.0,0.9995497523638001,1475.2727231588215,1.0,1,0,0,1,0,0,0,0,0
25,67,Q-TCID,0.0,200,10200.0,0.9994783515910276,1290.7276177946478,1.0,1,0,0,1,0,0,0,0,0
26,68,Q-TCID,0.0,200,15400.0,0.9969578444154715,1513.5745374634862,7.0,7,0,0,7,0,0,0,0,0
27,69,Q-TCID,0.0,200,14600.0,0.9996039603960396,1854.8088832348585,1.0,1,0,0,1,0,0,0,0,0
28,70,Q-TCID,0.0,200,14800.0,0.9986425339366516,1844.6992617994547,3.0,3,0,0,3,0,0,0,0,0
29,71,Q-TCID,0.0,200,14400.0,1.0,1819.830780075863,0.0,0,0,0,0,0,0,0,0,0
30,72,Q-TCID,0.0,200,13200.0,0.9996209249431387,1830.6921933274716,1.0,1,0,0,1,0,0,0,0,0
31,73,Q-TCID,0.0,200,12800.0,0.9987405541561712,1623.0393818113953,3.0,3,0,0,3,0,0,0,0,0
32,74,Q-TCID,0.0,200,14000.0,0.9991745769706974,1669.0371701866388,2.0,2,0,0,2,0,0,0,0,0
33,75,Q-TCID,0.0,200,10200.0,0.9994941831057157,1341.612052936107,1.0,1,0,0,1,0,0,0,0,0
34,76,Q-TCID,0.0,200,14000.0,0.9990909090909091,1593.9569091629237,2.0,2,0,0,2,0,0,0,0,0
35,77,Q-TCID,0.0,200,14000.0,0.9971167707832773,1616.5304474644363,6.0,6,0,0,6,0,0,0,0,0
36,78,Q-TCID,0.0,200,12600.0,0.9978002639683238,1638.0554340146482,5.0,4,1,0,4,1,0,1,0,0
37,79,Q-TCID,0.0,200,13800.0,1.0,1704.4703052341938,0.0,0,0,0,0,0,0,0,0,0
38,80,Q-TCID,0.0,200,10000.0,0.9986950848194868,1424.4278560001403,3.0,3,0,0,3,0,0,0,0,0
39,81,Q-TCID,0.0,200,14400.0,0.9977827050997783,1828.4170339051634,5.0,4,1,0,4,1,0,1,0,0
40,82,Q-TCID,0.0,200,13400.0,1.0,1728.5672111380845,0.0,0,0,0,0,0,0,0,0,0
41,83,Q-TCID,0.0,200,13400.0,0.9987113402061856,1644.6039363574237,3.0,3,0,0,3,0,0,0,0,0
42,84,Q-TCID,0.0,200,16200.0,0.9981990094552003,1971.6135897263885,4.0,3,1,0,3,1,0,0,0,0
43,85,Q-TCID,0.0,200,16200.0,0.9991820040899796,1798.7806093990803,2.0,2,0,0,2,0,0,0,0,0
44,86,Q-TCID,0.0,200,12400.0,0.9995644599303136,1618.6473349165171,1.0,1,0,0,1,0,0,0,0,0
45,87,Q-TCID,0.0,200,13000.0,1.0,1653.091270217672,0.0,0,0,0,0,0,0,0,0,0
46,88,Q-TCID,0.0,200,11600.0,0.9980732177263969,1473.4328116159886,4.0,4,0,0,4,0,0,0,0,0
47,89,Q-TCID,0.0,200,16200.0,0.9991659716430359,1928.5042646098882,2.0,2,0,0,2,0,0,0,0,0
48,90,Q-TCID,0.0,200,13400.0,0.998303647158609,1705.4990729652345,4.0,4,0,0,4,0,0,0,0,0
49,91,Q-TCID,0.0,200,10800.0,0.997344662772172,1388.341849124059,5.0,5,0,0,5,0,0,0,0,0
50,92,Q-TCID,0.0,200,13400.0,0.9973776223776224,1730.545610645786,6.0,5,1,0,5,1,0,1,0,0
51,93,Q-TCID,0.0,200,12400.0,0.9980430528375733,1447.4762101788074,4.0,4,0,0,4,0,0,0,0,0
52,94,Q-TCID,0.0,200,13200.0,0.9980923311713087,1869.3699035514146,5.0,4,1,0,4,1,0,1,0,0
53,95,Q-TCID,0.0,200,15600.0,0.9986818980667839,1524.8711986243725,3.0,3,0,0,3,0,0,0,0,0
54,96,Q-TCID,0.0,200,12400.0,0.9995918367346939,1675.981352435425,1.0,1,0,0,1,0,0,0,0,0
55,97,Q-TCID,0.0,200,12600.0,0.9987135506003431,1714.0061908215284,3.0,1,2,0,1,2,0,2,0,0
56,98,Q-TCID,0.0,200,15000.0,0.9991027366532077,1619.1419347915798,2.0,2,0,0,2,0,0,0,0,0
57,99,Q-TCID,0.0,200,16200.0,0.9968210717529519,1629.92421207577,7.0,7,0,0,7,0,0,0,0,0
58,100,Q-TCID,0.0,200,13800.0,0.9994903160040775,1355.480633430183,1.0,1,0,0,1,0,0,0,0,0
59,101,Q-TCID,0.0,200,16200.0,0.9986175115207373,1533.0617725420743,3.0,3,0,0,3,0,0,0,0,0
60,102,Q-TCID,0.0,200,11000.0,0.9980029955067399,1348.2990432418883,4.0,4,0,0,4,0,0,0,0,0
61,103,Q-TCID,0.0,200,10600.0,0.9991007194244604,1422.8649203982204,2.0,2,0,0,2,0,0,0,0,0
62,104,Q-TCID,0.0,200,13000.0,0.9990706319702602,1652.517534352839,2.0,2,0,0,2,0,0,0,0,0
63,105,Q-TCID,0.0,200,14400.0,0.9995598591549296,1541.5688904020935,1.0,1,0,0,1,0,0,0,0,0
64,106,Q-TCID,0.0,200,15800.0,0.9991075412762159,1746.3134546559304,2.0,2,0,0,2,0,0,0,0,0
65,107,Q-TCID,0.0,200,12800.0,0.99833748960931,1646.938447771594,4.0,4,0,0,4,0,0,0,0,0
66,108,Q-TCID,0.0,200,14000.0,0.999118554429264,1753.5148288346827,2.0,2,0,0,2,0,0,0,0,0
67,109,Q-TCID,0.0,200,16200.0,0.9985748218527316,1480.891377730295,3.0,3,0,0,3,0,0,0,0,0
68,110,Q-TCID,0.0,200,14200.0,0.9995557529986673,1660.2530764061958,1.0,1,0,0,1,0,0,0,0,0
69,111,Q-TCID,0.0,200,15400.0,0.9991529013130029,1759.4500273335725,2.0,2,0,0,2,0,0,0,0,0
70,112,Q-TCID,0.0,200,15600.0,0.9993286337697214,1971.5740217268467,2.0,2,0,0,2,0,0,0,0,0
71,113,Q-TCID,0.0,200,12200.0,0.9995251661918328,1569.7808672748506,1.0,1,0,0,1,0,0,0,0,0
72,114,Q-TCID,0.0,200,16200.0,0.9996095275283092,2041.3323880862445,1.0,1,0,0,1,0,0,0,0,0
73,115,Q-TCID,0.0,200,16200.0,0.9982578397212544,2026.3559038750827,4.0,4,0,0,4,0,0,0,0,0
74,116,Q-TCID,0.0,200,10400.0,0.9991015274034142,1476.5586828291416,2.0,2,0,0,2,0,0,0,0,0
75,117,Q-TCID,0.0,200,16200.0,0.9987704918032787,1797.4946497306228,3.0,3,0,0,3,0,0,0,0,0
76,118,Q-TCID,0.0,200,15800.0,0.9986950848194868,1690.324748814106,3.0,3,0,0,3,0,0,0,0,0
77,119,Q-TCID,0.0,200,11800.0,0.9990962494351558,1561.8474852684885,2.0,2,0,0,2,0,0,0,0,0
78,120,Q-TCID,0.0,200,11600.0,0.9995083579154376,1338.5455337185413,1.0,1,0,0,1,0,0,0,0,0
79,121,Q-TCID,0.0,200,12600.0,0.9975161450571287,1528.1355577930808,5.0,4,1,0,4,1,0,0,0,0
0,42,TA-QTCID,0.0,200,16200.0,0.9986795774647887,2048.7316022459418,3.0,3,0,0,3,0,0,0,0,2272
1,43,TA-QTCID,0.0,200,16200.0,0.9988095238095238,2108.4001311585307,3.0,3,0,0,3,0,0,0,0,2520
2,44,TA-QTCID,0.0,200,14000.0,0.9986419194205522,1833.1454087141901,3.0,3,0,0,3,0,0,0,0,2209
3,45,TA-QTCID,0.0,200,10400.0,0.9974380871050385,1544.4177856780589,6.0,6,0,0,6,0,0,0,0,2342
4,46,TA-QTCID,0.0,200,12000.0,0.996238834038552,1641.2208732198924,8.0,8,0,0,8,0,0,0,0,2127
5,47,TA-QTCID,0.0,200,12200.0,0.9981990094552003,1675.4076165780425,4.0,4,0,0,4,0,0,0,0,2221
6,48,TA-QTCID,0.0,200,11400.0,0.9986625055728935,1608.874041384086,3.0,2,1,0,2,1,0,0,0,2243
7,49,TA-QTCID,0.0,200,8400.0,0.9994422755158952,1227.2407778389752,1.0,1,0,0,1,0,0,0,0,1793
8,50,TA-QTCID,0.0,200,13400.0,0.9976624590930341,1765.8204737342894,5.0,5,0,0,5,0,0,0,0,2139
9,51,TA-QTCID,0.0,200,10800.0,0.9976787372330548,1529.4610854499042,5.0,5,0,0,5,0,0,0,0,2154
10,52,TA-QTCID,0.0,200,12800.0,0.9982158786797503,1736.5599451251328,4.0,4,0,0,4,0,0,0,0,2242
11,53,TA-QTCID,0.0,200,13400.0,0.9980087614496217,1855.0660751666874,5.0,5,0,0,5,0,0,0,0,2511
12,54,TA-QTCID,0.0,200,13400.0,1.0,1772.2502721175551,0.0,0,0,0,0,0,0,0,0,2109
13,55,TA-QTCID,0.0,200,13600.0,0.9995737425404945,1829.069905737415,1.0,1,0,0,1,0,0,0,0,2346
14,56,TA-QTCID,0.0,200,13000.0,0.9971955128205128,1842.3647503741086,7.0,5,2,0,5,2,0,1,0,2496
15,57,TA-QTCID,0.0,200,13600.0,0.999034749034749,1767.601033281535,2.0,2,0,0,2,0,0,0,0,2072
16,58,TA-QTCID,0.0,200,11200.0,0.9995173745173745,1556.1694787181914,1.0,1,0,0,1,0,0,0,0,2072
17,59,TA-QTCID,0.0,200,13000.0,0.9978614200171086,1777.9480626601726,5.0,5,0,0,5,0,0,0,0,2338
18,60,TA-QTCID,0.0,200,10000.0,0.9989124524197933,1387.3130813874304,2.0,2,0,0,2,0,0,0,0,1839
19,61,TA-QTCID,0.0,200,14000.0,0.9988170347003155,1931.3927278909832,3.0,3,0,0,3,0,0,0,0,2536
20,62,TA-QTCID,0.0,200,12400.0,0.9983545865898807,1757.432059854269,4.0,4,0,0,4,0,0,0,0,2431
21,63,TA-QTCID,0.0,200,13400.0,0.9987980769230769,1882.961508123204,3.0,2,1,0,2,1,0,1,0,2496
22,64,TA-QTCID,0.0,200,10400.0,0.9976733364355514,1496.065701905638,5.0,5,0,0,5,0,0,0,0,2149
23,65,TA-QTCID,0.0,200,11000.0,0.9980506822612085,1527.6409579217434,4.0,4,0,0,4,0,0,0,0,2052
24,66,TA-QTCID,0.0,200,12800.0,0.9990601503759399,1711.0979435611516,2.0,2,0,0,2,0,0,0,0,2128
25,67,TA-QTCID,0.0,200,11000.0,0.9990710636321412,1550.5310401339084,2.0,2,0,0,2,0,0,0,0,2153
26,68,TA-QTCID,0.0,200,13400.0,1.0,1768.3923930805176,0.0,0,0,0,0,0,0,0,0,2154
27,69,TA-QTCID,0.0,200,13800.0,0.9995162070633768,1789.1853718273342,1.0,1,0,0,1,0,0,0,0,2067
28,70,TA-QTCID,0.0,200,10800.0,0.9995557529986673,1559.038157986477,1.0,1,0,0,1,0,0,0,0,2251
29,71,TA-QTCID,0.0,200,16200.0,1.0,2115.601505348459,0.0,0,0,0,0,0,0,0,0,2547
30,72,TA-QTCID,0.0,200,11600.0,1.0,1591.1080138795078,0.0,0,0,0,0,0,0,0,0,2100
31,73,TA-QTCID,0.0,200,13200.0,0.9985632183908046,1732.4053061734885,3.0,3,0,0,3,0,0,0,0,2088
32,74,TA-QTCID,0.0,200,12400.0,0.9991438356164384,1727.854987328872,2.0,2,0,0,2,0,0,0,0,2336
33,75,TA-QTCID,0.0,200,16200.0,1.0,2173.212498765439,0.0,0,0,0,0,0,0,0,0,2862
34,76,TA-QTCID,0.0,200,14200.0,0.9964269763287181,1876.5910617373884,8.0,8,0,0,8,0,0,0,0,2239
35,77,TA-QTCID,0.0,200,12800.0,0.9995571302037201,1743.246935436502,1.0,1,0,0,1,0,0,0,0,2258
36,78,TA-QTCID,0.0,200,12000.0,0.9981105337742088,1642.5068328958005,4.0,4,0,0,4,0,0,0,0,2117
37,79,TA-QTCID,0.0,200,11800.0,0.9987129987129987,1665.6738910395652,3.0,3,0,0,3,0,0,0,0,2331
38,80,TA-QTCID,0.0,200,11800.0,0.9982386613826508,1654.100253963843,4.0,4,0,0,4,0,0,0,0,2271
39,81,TA-QTCID,0.0,200,14600.0,0.9991863303498779,1959.624488754198,2.0,2,0,0,2,0,0,0,0,2458
40,82,TA-QTCID,0.0,200,12800.0,0.9991285403050109,1746.3332386482507,2.0,2,0,0,2,0,0,0,0,2295
41,83,TA-QTCID,0.0,200,15000.0,0.9995829858215179,1980.674659434706,1.0,1,0,0,1,0,0,0,0,2398
42,84,TA-QTCID,0.0,200,10600.0,0.998914223669924,1436.1201970484108,2.0,2,0,0,2,0,0,0,0,1842
43,85,TA-QTCID,0.0,200,12200.0,0.997852233676976,1701.6411939449608,5.0,5,0,0,5,0,0,0,0,2328
44,86,TA-QTCID,0.0,200,11400.0,0.9991338241663058,1623.2767897490412,2.0,2,0,0,2,0,0,0,0,2309
45,87,TA-QTCID,0.0,200,14800.0,0.9983818770226537,1839.7532630655915,3.0,3,0,0,3,0,0,0,0,1854
46,88,TA-QTCID,0.0,200,12600.0,0.9973591549295775,1721.4054049476981,6.0,6,0,0,6,0,0,0,0,2272
47,89,TA-QTCID,0.0,200,11000.0,0.9978824775013234,1491.3768950924277,4.0,4,0,0,4,0,0,0,0,1889
48,90,TA-QTCID,0.0,200,13200.0,1.0,1804.6762399151921,0.0,0,0,0,0,0,0,0,0,2363
49,91,TA-QTCID,0.0,200,14600.0,0.9992009588493808,1969.6549742110074,2.0,2,0,0,2,0,0,0,0,2503
50,92,TA-QTCID,0.0,200,13400.0,0.9991564740615774,1848.2405968979,2.0,1,1,0,1,1,0,1,0,2371
51,93,TA-QTCID,0.0,200,15000.0,0.9981105337742088,1912.2616047207266,4.0,4,0,0,4,0,0,0,0,2117
52,94,TA-QTCID,0.0,200,15000.0,0.9982758620689656,1956.7558094691485,4.0,4,0,0,4,0,0,0,0,2320
53,95,TA-QTCID,0.0,200,12000.0,0.9995991983967936,1723.5222924072295,1.0,1,0,0,1,0,0,0,0,2495
54,96,TA-QTCID,0.0,200,12600.0,0.9986824769433466,1725.2632839754224,3.0,3,0,0,3,0,0,0,0,2277
55,97,TA-QTCID,0.0,200,10800.0,0.999526066350711,1525.3460145033896,1.0,1,0,0,1,0,0,0,0,2110
56,98,TA-QTCID,0.0,200,11800.0,0.9952215464813206,1681.4813030343503,11.0,9,2,0,9,2,0,1,0,2302
57,99,TA-QTCID,0.0,200,13400.0,0.9985902255639098,1773.2790398467332,3.0,3,0,0,3,0,0,0,0,2128
58,100,TA-QTCID,0.0,200,16000.0,0.9995808885163453,2082.938129596412,1.0,1,0,0,1,0,0,0,0,2386
59,101,TA-QTCID,0.0,200,15000.0,0.9996078431372549,2014.6239948477596,1.0,1,0,0,1,0,0,0,0,2550
60,102,TA-QTCID,0.0,200,10200.0,0.9987201365187713,1527.2057100310922,3.0,3,0,0,3,0,0,0,0,2344
61,103,TA-QTCID,0.0,200,9800.0,0.9990243902439024,1414.08082661964,2.0,2,0,0,2,0,0,0,0,2050
62,104,TA-QTCID,0.0,200,15200.0,0.9987582781456954,1999.1726947538555,3.0,3,0,0,3,0,0,0,0,2416
63,105,TA-QTCID,0.0,200,16200.0,0.9995744680851064,2062.1055828686804,1.0,1,0,0,1,0,0,0,0,2350
64,106,TA-QTCID,0.0,200,10800.0,0.9985387238188017,1506.8281951844692,3.0,3,0,0,3,0,0,0,0,2053
65,107,TA-QTCID,0.0,200,13200.0,0.9995847176079734,1818.5646044071764,1.0,1,0,0,1,0,0,0,0,2408
66,108,TA-QTCID,0.0,200,11600.0,0.9984135378106822,1570.3941711243242,3.0,2,1,0,2,1,0,1,0,1891
67,109,TA-QTCID,0.0,200,14600.0,1.0,1932.876527518034,0.0,0,0,0,0,0,0,0,0,2330
68,110,TA-QTCID,0.0,200,11800.0,0.9994646680942184,1563.311500908807,1.0,1,0,0,1,0,0,0,0,1868
69,111,TA-QTCID,0.0,200,12600.0,0.9995709995709996,1736.5797291062772,1.0,1,0,0,1,0,0,0,0,2331
70,112,TA-QTCID,0.0,200,11000.0,0.9991216512955643,1611.3470407668501,2.0,1,1,0,1,1,0,1,0,2277
71,113,TA-QTCID,0.0,200,11600.0,0.997168475696083,1599.852539671585,6.0,6,0,0,6,0,0,0,0,2119
72,114,TA-QTCID,0.0,200,13400.0,0.9990871748060246,1785.6242527253926,2.0,2,0,0,2,0,0,0,0,2191
73,115,TA-QTCID,0.0,200,11400.0,0.9995588883987648,1616.3326075021178,1.0,0,1,0,0,1,0,0,0,2267
74,116,TA-QTCID,0.0,200,10200.0,0.9994967287367891,1435.3881892357022,1.0,1,0,0,1,0,0,0,0,1987
75,117,TA-QTCID,0.0,200,12000.0,0.9986933797909407,1678.2565118502825,3.0,3,0,0,3,0,0,0,0,2296
76,118,TA-QTCID,0.0,200,12400.0,0.9986731534719151,1707.2796325292438,3.0,3,0,0,3,0,0,0,0,2261
77,119,TA-QTCID,0.0,200,15600.0,0.9976258309591642,1969.0416703838855,5.0,4,1,0,4,1,0,0,0,2106
78,120,TA-QTCID,0.0,200,14000.0,0.9979114452798663,1888.4416747391224,5.0,5,0,0,5,0,0,0,0,2394
79,121,TA-QTCID,0.0,200,11600.0,0.9986059479553904,1603.4532267618924,3.0,3,0,0,3,0,0,0,0,2152
0,42,Q-TCID,0.0,350,14350.0,0.9986235375086029,1029.5788837950677,2.0,2,0,0,2,0,0,0,0,0
1,43,Q-TCID,0.0,350,12950.0,0.9992038216560509,908.0062345247716,1.0,1,0,0,1,0,0,0,0,0
2,44,Q-TCID,0.0,350,10500.0,0.9991680532445923,823.2120319511741,1.0,1,0,0,1,0,0,0,0,0
3,45,Q-TCID,0.0,350,15750.0,1.0,715.5475311540067,0.0,0,0,0,0,0,0,0,0,0
4,46,Q-TCID,0.0,350,13650.0,0.9991796554552912,916.2165924534202,1.0,1,0,0,1,0,0,0,0,0
5,47,Q-TCID,0.0,350,15750.0,1.0,1071.93641708605,0.0,0,0,0,0,0,0,0,0,0
6,48,Q-TCID,0.0,350,14000.0,1.0,984.0954792927951,0.0,0,0,0,0,0,0,0,0,0
7,49,Q-TCID,0.0,350,12950.0,0.9983471074380166,868.3195405490696,2.0,1,1,0,1,1,0,1,0,0
8,50,Q-TCID,0.0,350,15400.0,1.0,1069.9184495992959,0.0,0,0,0,0,0,0,0,0,0
9,51,Q-TCID,0.0,350,10850.0,0.999213217938631,858.6847349833697,1.0,0,1,0,0,1,0,0,0,0
10,52,Q-TCID,0.0,350,15400.0,0.9993016759776536,1112.81015076302,1.0,1,0,0,1,0,0,0,0,0
11,53,Q-TCID,0.0,350,16100.0,0.9979879275653923,1198.8903130088001,3.0,3,0,0,3,0,0,0,0,0
12,54,Q-TCID,0.0,350,13650.0,0.9992283950617284,918.2939119189978,1.0,1,0,0,1,0,0,0,0,0
13,55,Q-TCID,0.0,350,15750.0,0.9993127147766323,976.9138891026378,1.0,1,0,0,1,0,0,0,0,0
14,56,Q-TCID,0.0,350,12250.0,0.9978102189781022,884.1467365492135,3.0,3,0,0,3,0,0,0,0,0
15,57,Q-TCID,0.0,350,15750.0,1.0,943.4789375551045,0.0,0,0,0,0,0,0,0,0,0
16,58,Q-TCID,0.0,350,14350.0,0.9993079584775086,1035.1184023953974,1.0,0,1,0,0,1,0,1,0,0
17,59,Q-TCID,0.0,350,14700.0,0.998587570621469,1037.789241719991,2.0,2,0,0,2,0,0,0,0,0
18,60,Q-TCID,0.0,350,14700.0,0.9992570579494799,1072.9651848375797,1.0,1,0,0,1,0,0,0,0,0
19,61,Q-TCID,0.0,350,12950.0,0.9984779299847792,887.4704477079213,2.0,2,0,0,2,0,0,0,0,0
20,62,Q-TCID,0.0,350,16100.0,0.9992932862190813,1143.8908069115132,1.0,0,1,0,0,1,0,0,0,0
21,63,Q-TCID,0.0,350,12250.0,1.0,970.226898798719,0.0,0,0,0,0,0,0,0,0,0
22,64,Q-TCID,0.0,350,12250.0,1.0,915.7022085692734,0.0,0,0,0,0,0,0,0,0,0
23,65,Q-TCID,0.0,350,12250.0,1.0,887.9848315827549,0.0,0,0,0,0,0,0,0,0,0
24,66,Q-TCID,0.0,350,14000.0,1.0,1017.1941029243171,0.0,0,0,0,0,0,0,0,0,0
25,67,Q-TCID,0.0,350,13650.0,1.0,1045.9995996505022,0.0,0,0,0,0,0,0,0,0,0
26,68,Q-TCID,0.0,350,10500.0,0.9959935897435898,852.7693204805255,5.0,5,0,0,5,0,0,0,0,0
27,69,Q-TCID,0.0,350,16100.0,0.9993333333333333,1077.1198237873614,1.0,1,0,0,1,0,0,0,0,0
28,70,Q-TCID,0.0,350,13650.0,0.9984674329501916,938.3350988589227,2.0,2,0,0,2,0,0,0,0,0
29,71,Q-TCID,0.0,350,12950.0,0.9993131868131868,977.1710810381919,1.0,1,0,0,1,0,0,0,0,0
30,72,Q-TCID,0.0,350,16100.0,0.9985528219971056,1196.1799056865275,2.0,1,1,0,1,1,0,1,0,0
31,73,Q-TCID,0.0,350,9800.0,0.9976470588235294,814.1311782449484,3.0,2,1,0,2,1,0,1,0,0
32,74,Q-TCID,0.0,350,14700.0,0.9993523316062176,1123.889187965542,1.0,1,0,0,1,0,0,0,0,0
33,75,Q-TCID,0.0,350,12600.0,1.0,935.011387694627,0.0,0,0,0,0,0,0,0,0,0
34,76,Q-TCID,0.0,350,12950.0,0.999198717948718,905.9486990403384,1.0,1,0,0,1,0,0,0,0,0
35,77,Q-TCID,0.0,350,16100.0,0.9975369458128078,862.7800219487399,3.0,3,0,0,3,0,0,0,0,0
36,78,Q-TCID,0.0,350,13650.0,1.0,852.2549366112798,0.0,0,0,0,0,0,0,0,0,0
37,79,Q-TCID,0.0,350,16100.0,0.9993581514762516,1145.2163345757872,1.0,1,0,0,1,0,0,0,0,0
38,80,Q-TCID,0.0,350,14000.0,0.9966442953020134,1074.5479044299573,5.0,5,0,0,5,0,0,0,0,0
39,81,Q-TCID,0.0,350,14700.0,0.9984917043740573,1032.3684270922095,2.0,2,0,0,2,0,0,0,0,0
40,82,Q-TCID,0.0,350,12250.0,1.0,919.0654877275229,0.0,0,0,0,0,0,0,0,0,0
41,83,Q-TCID,0.0,350,15400.0,0.9984362783424551,860.7422704696655,2.0,2,0,0,2,0,0,0,0,0
42,84,Q-TCID,0.0,350,12600.0,0.9969348659003832,963.6586124505848,4.0,3,1,0,3,1,0,1,0,0
43,85,Q-TCID,0.0,350,14000.0,1.0,949.6515439953655,0.0,0,0,0,0,0,0,0,0,0
44,86,Q-TCID,0.0,350,16100.0,1.0,1200.9478484932333,0.0,0,0,0,0,0,0,0,0,0
45,87,Q-TCID,0.0,350,12600.0,0.9992587101556709,967.3780035153031,1.0,1,0,0,1,0,0,0,0,0
46,88,Q-TCID,0.0,350,16100.0,0.9993368700265252,1114.6302782967687,1.0,1,0,0,1,0,0,0,0,0
47,89,Q-TCID,0.0,350,14700.0,0.999231950844854,973.0164420902729,1.0,1,0,0,1,0,0,0,0,0
48,90,Q-TCID,0.0,350,16100.0,0.9992038216560509,961.1856130827218,1.0,1,0,0,1,0,0,0,0,0
49,91,Q-TCID,0.0,350,16100.0,0.9986348122866894,1192.203322706744,2.0,2,0,0,2,0,0,0,0,0
50,92,Q-TCID,0.0,350,12250.0,1.0,838.9007399827242,0.0,0,0,0,0,0,0,0,0,0
51,93,Q-TCID,0.0,350,15400.0,0.9991728701406121,878.1917540580034,1.0,1,0,0,1,0,0,0,0,0
52,94,Q-TCID,0.0,350,11550.0,0.997003745318352,961.2449650615454,4.0,2,2,0,2,2,0,2,0,0
53,95,Q-TCID,0.0,350,11900.0,0.9983857949959645,832.7281335499138,2.0,2,0,0,2,0,0,0,0,0
54,96,Q-TCID,0.0,350,12950.0,0.9993060374739764,955.5867424923927,1.0,0,1,0,0,1,0,0,0,0
55,97,Q-TCID,0.0,350,13650.0,1.0,999.7644033301622,0.0,0,0,0,0,0,0,0,0,0
56,98,Q-TCID,0.0,350,16100.0,0.9985063480209111,1159.7971388958395,2.0,2,0,0,2,0,0,0,0,0
57,99,Q-TCID,0.0,350,13650.0,0.996141975308642,989.1997499987483,5.0,5,0,0,5,0,0,0,0,0
58,100,Q-TCID,0.0,350,16100.0,0.9992695398100804,1051.0247343759984,1.0,0,1,0,0,1,0,1,0,0
59,101,Q-TCID,0.0,350,14000.0,1.0,865.0947493705899,0.0,0,0,0,0,0,0,0,0,0
60,102,Q-TCID,0.0,350,12950.0,0.9986728599867286,972.5614102054387,2.0,2,0,0,2,0,0,0,0,0
61,103,Q-TCID,0.0,350,15400.0,0.9992576095025983,966.8636196479201,1.0,1,0,0,1,0,0,0,0,0
62,104,Q-TCID,0.0,350,13300.0,0.9969395562356542,1035.0788344033062,4.0,3,1,0,3,1,0,1,0,0
63,105,Q-TCID,0.0,350,11900.0,0.9992619926199262,915.7417765688151,1.0,1,0,0,1,0,0,0,0,0
64,106,Q-TCID,0.0,350,15400.0,0.9992690058479532,1043.1704883612692,1.0,1,0,0,1,0,0,0,0,0
65,107,Q-TCID,0.0,350,12600.0,1.0,917.2651441823691,0.0,0,0,0,0,0,0,0,0,0
66,108,Q-TCID,0.0,350,9450.0,0.9991311902693311,739.1894051861018,1.0,1,0,0,1,0,0,0,0,0
67,109,Q-TCID,0.0,350,12950.0,0.9977810650887574,968.1495793182403,3.0,3,0,0,3,0,0,0,0,0
68,110,Q-TCID,0.0,350,12600.0,1.0,901.5764361452311,0.0,0,0,0,0,0,0,0,0,0
69,111,Q-TCID,0.0,350,14000.0,1.0,936.8117312397808,0.0,0,0,0,0,0,0,0,0,0
70,112,Q-TCID,0.0,350,16100.0,0.9993686868686869,1222.809162961319,1.0,1,0,0,1,0,0,0,0,0
71,113,Q-TCID,0.0,350,14350.0,0.999137187230371,883.0586168244481,1.0,1,0,0,1,0,0,0,0,0
72,114,Q-TCID,0.0,350,12950.0,1.0,1008.2517371866852,0.0,0,0,0,0,0,0,0,0,0
73,115,Q-TCID,0.0,350,11900.0,0.9974093264248705,890.3984789699316,3.0,2,1,0,2,1,0,1,0,0
74,116,Q-TCID,0.0,350,14350.0,0.9992537313432835,982.789735622704,1.0,1,0,0,1,0,0,0,0,0
75,117,Q-TCID,0.0,350,13650.0,0.9992790194664743,1048.0571351181716,1.0,1,0,0,1,0,0,0,0,0
76,118,Q-TCID,0.0,350,13300.0,0.9976851851851852,971.473290482536,3.0,3,0,0,3,0,0,0,0,0
77,119,Q-TCID,0.0,350,12600.0,0.9977544910179641,875.4022107627243,3.0,3,0,0,3,0,0,0,0,0
78,120,Q-TCID,0.0,350,13300.0,0.9992559523809523,983.8185033593327,1.0,1,0,0,1,0,0,0,0,0
79,121,Q-TCID,0.0,350,16100.0,0.9974895397489539,945.4969050474465,3.0,3,0,0,3,0,0,0,0,0
0,42,TA-QTCID,0.0,350,13300.0,0.9993421052631579,1083.80681409128,1.0,1,0,0,1,0,0,0,0,1520
1,43,TA-QTCID,0.0,350,13300.0,0.9993197278911564,1074.805096367374,1.0,0,1,0,0,1,0,0,0,1470
2,44,TA-QTCID,0.0,350,10850.0,0.9981718464351006,858.9023589361459,2.0,2,0,0,2,0,0,0,0,1094
3,45,TA-QTCID,0.0,350,15400.0,0.9985218033998522,1157.245003534481,2.0,2,0,0,2,0,0,0,0,1353
4,46,TA-QTCID,0.0,350,11900.0,0.9974468085106383,931.6283245626837,3.0,3,0,0,3,0,0,0,0,1175
5,47,TA-QTCID,0.0,350,12950.0,0.995928338762215,993.2950369678438,5.0,5,0,0,5,0,0,0,0,1228
6,48,TA-QTCID,0.0,350,15400.0,1.0,1151.3295890372247,0.0,0,0,0,0,0,0,0,0,1305
7,49,TA-QTCID,0.0,350,12950.0,0.9983974358974359,1028.9062279667705,2.0,1,1,0,1,1,0,1,0,1248
8,50,TA-QTCID,0.0,350,14350.0,0.9980106100795756,1136.214616842568,3.0,3,0,0,3,0,0,0,0,1508
9,51,TA-QTCID,0.0,350,10850.0,1.0,876.1342185810208,0.0,0,0,0,0,0,0,0,0,1185
10,52,TA-QTCID,0.0,350,13300.0,1.0,1024.9098609816283,0.0,0,0,0,0,0,0,0,0,1267
11,53,TA-QTCID,0.0,350,13650.0,0.9978494623655914,1075.5568881761283,3.0,3,0,0,3,0,0,0,0,1395
12,54,TA-QTCID,0.0,350,12250.0,0.9992932862190813,1004.9082420282066,1.0,1,0,0,1,0,0,0,0,1415
13,55,TA-QTCID,0.0,350,10500.0,1.0,891.0711348000914,0.0,0,0,0,0,0,0,0,0,1313
14,56,TA-QTCID,0.0,350,10850.0,0.9991273996509599,864.8177734352648,1.0,1,0,0,1,0,0,0,0,1146
15,57,TA-QTCID,0.0,350,12950.0,0.9976284584980237,1005.6402498483658,3.0,2,1,0,2,1,0,0,0,1265
16,58,TA-QTCID,0.0,350,10150.0,0.9975510204081632,849.4258253294975,3.0,3,0,0,3,0,0,0,0,1225
17,59,TA-QTCID,0.0,350,12250.0,0.9991511035653651,948.8404002003372,1.0,1,0,0,1,0,0,0,0,1178
18,60,TA-QTCID,0.0,350,13650.0,1.0,1068.6127059366554,0.0,0,0,0,0,0,0,0,0,1358
19,61,TA-QTCID,0.0,350,13300.0,0.9963072378138847,1045.999599646777,5.0,5,0,0,5,0,0,0,0,1354
20,62,TA-QTCID,0.0,350,14700.0,0.9992614475627769,1115.6194780487567,1.0,1,0,0,1,0,0,0,0,1354
21,63,TA-QTCID,0.0,350,14000.0,0.9993284083277367,1113.60151056014,1.0,1,0,0,1,0,0,0,0,1489
22,64,TA-QTCID,0.0,350,15750.0,0.9984214680347278,1149.2522695530206,2.0,2,0,0,2,0,0,0,0,1267
23,65,TA-QTCID,0.0,350,12950.0,0.9970414201183432,1022.6149175595492,4.0,4,0,0,4,0,0,0,0,1352
24,66,TA-QTCID,0.0,350,16100.0,0.9993618379068283,1218.4369000662118,1.0,1,0,0,1,0,0,0,0,1567
25,67,TA-QTCID,0.0,350,12950.0,0.9984459984459985,1009.755320802331,2.0,2,0,0,2,0,0,0,0,1287
26,68,TA-QTCID,0.0,350,11900.0,1.0,949.1173761337996,0.0,0,0,0,0,0,0,0,0,1258
27,69,TA-QTCID,0.0,350,13300.0,0.9992277992277993,1034.6831545140594,1.0,1,0,0,1,0,0,0,0,1295
28,70,TA-QTCID,0.0,350,15050.0,0.9992570579494799,1144.147998854518,1.0,1,0,0,1,0,0,0,0,1346
29,71,TA-QTCID,0.0,350,12250.0,0.9985041136873598,985.8760388400406,2.0,2,0,0,2,0,0,0,0,1337
30,72,TA-QTCID,0.0,350,10150.0,0.9991503823279524,836.0518447030336,1.0,1,0,0,1,0,0,0,0,1177
31,73,TA-QTCID,0.0,350,16100.0,0.9992395437262357,1171.6279679033905,1.0,1,0,0,1,0,0,0,0,1315
32,74,TA-QTCID,0.0,350,14700.0,0.9993650793650793,1176.3167747128755,1.0,1,0,0,1,0,0,0,0,1575
33,75,TA-QTCID,0.0,350,15400.0,0.9978245105148659,1186.6835880950093,3.0,2,1,0,2,1,0,1,0,1379
34,76,TA-QTCID,0.0,350,10150.0,0.9991721854304636,848.9114414602518,1.0,1,0,0,1,0,0,0,0,1208
35,77,TA-QTCID,0.0,350,14000.0,0.9984767707539984,1067.0497703254223,2.0,2,0,0,2,0,0,0,0,1313
36,78,TA-QTCID,0.0,350,11900.0,0.9966777408637874,934.2002438995987,4.0,4,0,0,4,0,0,0,0,1204
37,79,TA-QTCID,0.0,350,15050.0,0.9986082115518441,1159.83670688048,2.0,2,0,0,2,0,0,0,0,1437
38,80,TA-QTCID,0.0,350,11200.0,0.9984744469870328,926.2668619044125,2.0,2,0,0,2,0,0,0,0,1311
39,81,TA-QTCID,0.0,350,14700.0,0.9986876640419947,1155.4842279702425,2.0,2,0,0,2,0,0,0,0,1524
40,82,TA-QTCID,0.0,350,8750.0,0.9990774907749077,742.2559244148433,1.0,1,0,0,1,0,0,0,0,1084
41,83,TA-QTCID,0.0,350,12250.0,0.9991922455573505,965.5578759796917,1.0,1,0,0,1,0,0,0,0,1238
42,84,TA-QTCID,0.0,350,11550.0,0.999271137026239,959.4248375222087,1.0,1,0,0,1,0,0,0,0,1372
43,85,TA-QTCID,0.0,350,10850.0,0.9970126960418223,912.9126652814448,4.0,4,0,0,4,0,0,0,0,1339
44,86,TA-QTCID,0.0,350,13300.0,1.0,1078.405783455819,0.0,0,0,0,0,0,0,0,0,1485
45,87,TA-QTCID,0.0,350,12250.0,0.9992169146436961,979.4462404754013,1.0,0,1,0,0,1,0,0,0,1277
46,88,TA-QTCID,0.0,350,12250.0,0.9975922953451043,965.0434921085835,3.0,3,0,0,3,0,0,0,0,1246
47,89,TA-QTCID,0.0,350,16100.0,0.9973568281938326,1126.6193792782724,3.0,3,0,0,3,0,0,0,0,1135
48,90,TA-QTCID,0.0,350,12950.0,1.0,1030.3306756038219,0.0,0,0,0,0,0,0,0,0,1366
49,91,TA-QTCID,0.0,350,12950.0,0.9992826398852224,1034.7029385082424,1.0,1,0,0,1,0,0,0,0,1394
50,92,TA-QTCID,0.0,350,11550.0,0.9991364421416234,903.3569956962019,1.0,1,0,0,1,0,0,0,0,1158
51,93,TA-QTCID,0.0,350,12600.0,0.9969183359013868,993.8292048275471,4.0,4,0,0,4,0,0,0,0,1298
52,94,TA-QTCID,0.0,350,14350.0,0.9985063480209111,1094.0351395122707,2.0,2,0,0,2,0,0,0,0,1339
53,95,TA-QTCID,0.0,350,12950.0,0.999244142101285,1019.0142304636538,1.0,1,0,0,1,0,0,0,0,1323
54,96,TA-QTCID,0.0,350,10850.0,1.0,894.3948459625244,0.0,0,0,0,0,0,0,0,0,1261
55,97,TA-QTCID,0.0,350,11200.0,0.9991142604074402,880.4866974782199,1.0,1,0,0,1,0,0,0,0,1129
56,98,TA-QTCID,0.0,350,10500.0,0.9983593109105825,864.5803654938936,2.0,2,0,0,2,0,0,0,0,1219
57,99,TA-QTCID,0.0,350,14350.0,0.9969558599695586,1092.7491798345,4.0,4,0,0,4,0,0,0,0,1314
58,100,TA-QTCID,0.0,350,11900.0,0.9993678887484198,1029.8756437189877,1.0,1,0,0,1,0,0,0,0,1582
59,101,TA-QTCID,0.0,350,12250.0,0.9984848484848485,980.2178162708879,2.0,2,0,0,2,0,0,0,0,1320
60,102,TA-QTCID,0.0,350,11900.0,0.9992625368731564,976.8941051159054,1.0,1,0,0,1,0,0,0,0,1356
61,103,TA-QTCID,0.0,350,12250.0,1.0,967.3582195173949,0.0,0,0,0,0,0,0,0,0,1275
62,104,TA-QTCID,0.0,350,11550.0,0.9983498349834984,923.4179666284472,2.0,2,0,0,2,0,0,0,0,1212
63,105,TA-QTCID,0.0,350,13650.0,0.9986216402481047,1088.9308688007295,2.0,2,0,0,2,0,0,0,0,1451
64,106,TA-QTCID,0.0,350,10500.0,0.9983539094650206,866.1235171053559,2.0,2,0,0,2,0,0,0,0,1215
65,107,TA-QTCID,0.0,350,11900.0,0.9992337164750957,965.0632761064917,1.0,1,0,0,1,0,0,0,0,1305
66,108,TA-QTCID,0.0,350,10500.0,0.9950980392156863,868.4382445178926,6.0,6,0,0,6,0,0,0,0,1224
67,109,TA-QTCID,0.0,350,13650.0,0.9993234100135318,1091.759980076924,1.0,1,0,0,1,0,0,0,0,1478
68,110,TA-QTCID,0.0,350,11550.0,0.999194847020934,928.5618053264916,1.0,1,0,0,1,0,0,0,0,1242
69,111,TA-QTCID,0.0,350,12250.0,0.9986541049798116,1046.9492314010859,2.0,1,1,0,1,1,0,1,0,1486
70,112,TA-QTCID,0.0,350,14700.0,0.9963924963924964,1150.459093246609,5.0,3,2,0,3,2,0,1,0,1386
71,113,TA-QTCID,0.0,350,11900.0,0.9963556851311953,975.8653373699635,5.0,5,0,0,5,0,0,0,0,1372
72,114,TA-QTCID,0.0,350,12250.0,0.9992526158445441,987.4191904533654,1.0,1,0,0,1,0,0,0,0,1338
73,115,TA-QTCID,0.0,350,14350.0,0.9985119047619048,1095.3210991863161,2.0,1,1,0,1,1,0,0,0,1344
74,116,TA-QTCID,0.0,350,11550.0,1.0,937.5635230522603,0.0,0,0,0,0,0,0,0,0,1287
75,117,TA-QTCID,0.0,350,14350.0,1.0,1122.3262523636222,0.0,0,0,0,0,0,0,0,0,1429
76,118,TA-QTCID,0.0,350,13300.0,1.0,993.5324449166656,0.0,0,0,0,0,0,0,0,0,1110
77,119,TA-QTCID,0.0,350,12250.0,0.9992144540455616,968.3869872633368,1.0,1,0,0,1,0,0,0,0,1273
78,120,TA-QTCID,0.0,350,7350.0,0.997384481255449,686.5244104992598,3.0,3,0,0,3,0,0,0,0,1147
79,121,TA-QTCID,0.0,350,9800.0,0.9990909090909091,802.1222932823002,1.0,1,0,0,1,0,0,0,0,1100
0,42,Q-TCID,0.0,600,16200.0,0.9988038277511961,658.1739456597716,1.0,1,0,0,1,0,0,0,0,0
1,43,Q-TCID,0.0,600,16200.0,0.9973718791064389,621.1580910161138,2.0,2,0,0,2,0,0,0,0,0
2,44,Q-TCID,0.0,600,15000.0,0.9974093264248705,570.8078237418085,2.0,1,1,0,1,1,0,0,0,0
3,45,Q-TCID,0.0,600,15600.0,0.996078431372549,586.7339397165924,3.0,2,1,0,2,1,0,0,0,0
4,46,Q-TCID,0.0,600,10800.0,1.0,493.9865711554885,0.0,0,0,0,0,0,0,0,0,0
5,47,Q-TCID,0.0,600,13800.0,1.0,626.0645217765123,0.0,0,0,0,0,0,0,0,0,0
6,48,Q-TCID,0.0,600,14400.0,1.0,598.307576790452,0.0,0,0,0,0,0,0,0,0,0
7,49,Q-TCID,0.0,600,16200.0,0.9988276670574443,609.3668299950659,1.0,0,1,0,0,1,0,0,0,0
8,50,Q-TCID,0.0,600,14400.0,1.0,551.7954045478255,0.0,0,0,0,0,0,0,0,0,0
9,51,Q-TCID,0.0,600,13800.0,0.9988344988344988,575.199870634824,1.0,0,1,0,0,1,0,0,0,0
10,52,Q-TCID,0.0,600,11400.0,1.0,530.2110660001636,0.0,0,0,0,0,0,0,0,0,0
11,53,Q-TCID,0.0,600,16200.0,0.9987063389391979,535.6120966318995,1.0,1,0,0,1,0,0,0,0,0
12,54,Q-TCID,0.0,600,16200.0,1.0,702.6285824235529,0.0,0,0,0,0,0,0,0,0,0
13,55,Q-TCID,0.0,600,15600.0,1.0,693.4092407543212,0.0,0,0,0,0,0,0,0,0,0
14,56,Q-TCID,0.0,600,14400.0,0.9973718791064389,550.2522529345006,2.0,2,0,0,2,0,0,0,0,0
15,57,Q-TCID,0.0,600,16200.0,1.0,690.5405614804476,0.0,0,0,0,0,0,0,0,0,0
16,58,Q-TCID,0.0,600,15000.0,1.0,686.9794423822314,0.0,0,0,0,0,0,0,0,0,0
17,59,Q-TCID,0.0,600,16200.0,0.9988776655443322,619.1401235256344,1.0,1,0,0,1,0,0,0,0,0
18,60,Q-TCID,0.0,600,14400.0,1.0,656.6505780462176,0.0,0,0,0,0,0,0,0,0,0
19,61,Q-TCID,0.0,600,11400.0,0.9944444444444445,494.1250591222197,4.0,2,2,0,2,2,0,1,0,0
20,62,Q-TCID,0.0,600,15000.0,1.0,650.4779716059566,0.0,0,0,0,0,0,0,0,0,0
21,63,Q-TCID,0.0,600,14400.0,1.0,565.9409609716386,0.0,0,0,0,0,0,0,0,0,0
22,64,Q-TCID,0.0,600,12000.0,0.9985734664764622,517.0942773111165,1.0,1,0,0,1,0,0,0,0,0
23,65,Q-TCID,0.0,600,12000.0,0.9986789960369881,496.04410663433373,1.0,1,0,0,1,0,0,0,0,0
24,66,Q-TCID,0.0,600,13200.0,1.0,576.4660463146865,0.0,0,0,0,0,0,0,0,0,0
25,67,Q-TCID,0.0,600,10800.0,1.0,497.58725824579597,0.0,0,0,0,0,0,0,0,0,0
26,68,Q-TCID,0.0,600,14400.0,0.9975669099756691,565.9409609697759,2.0,2,0,0,2,0,0,0,0,0
27,69,Q-TCID,0.0,600,15000.0,0.9988518943742825,639.31979842484,1.0,0,1,0,0,1,0,1,0,0
28,70,Q-TCID,0.0,600,14400.0,0.9987623762376238,562.3402738757432,1.0,1,0,0,1,0,0,0,0,0
29,71,Q-TCID,0.0,600,13200.0,0.9988249118683902,580.99658116512,1.0,0,1,0,0,1,0,1,0,0
30,72,Q-TCID,0.0,600,16200.0,0.9976931949250288,666.146895647049,2.0,2,0,0,2,0,0,0,0,0
31,73,Q-TCID,0.0,600,12000.0,0.9986522911051213,545.3656061720103,1.0,1,0,0,1,0,0,0,0,0
32,74,Q-TCID,0.0,600,14400.0,1.0,635.0662394985557,0.0,0,0,0,0,0,0,0,0,0
33,75,Q-TCID,0.0,600,15000.0,0.9987639060568603,651.2297634202987,1.0,1,0,0,1,0,0,0,0,0
34,76,Q-TCID,0.0,600,13800.0,0.998914223669924,644.58234109357,1.0,1,0,0,1,0,0,0,0,0
35,77,Q-TCID,0.0,600,13200.0,0.996996996996997,533.4160731937736,2.0,1,1,0,1,1,0,1,0,0
36,78,Q-TCID,0.0,600,16200.0,0.9987421383647799,612.1761572863907,1.0,1,0,0,1,0,0,0,0,0
37,79,Q-TCID,0.0,600,16200.0,0.9988179669030733,668.3429190889001,1.0,0,1,0,0,1,0,1,0,0
38,80,Q-TCID,0.0,600,13200.0,0.996437054631829,535.6318806316704,3.0,3,0,0,3,0,0,0,0,0
39,81,Q-TCID,0.0,600,14400.0,0.9987405541561712,576.466046307236,1.0,1,0,0,1,0,0,0,0,0
40,82,Q-TCID,0.0,600,12600.0,1.0,599.613320460543,0.0,0,0,0,0,0,0,0,0,0
41,83,Q-TCID,0.0,600,13800.0,0.9987849331713244,591.5216665044427,1.0,0,1,0,0,1,0,1,0,0
42,84,Q-TCID,0.0,600,10800.0,0.9986928104575163,498.10164211690426,1.0,1,0,0,1,0,0,0,0,0
43,85,Q-TCID,0.0,600,16200.0,1.0,566.9895127080381,0.0,0,0,0,0,0,0,0,0,0
44,86,Q-TCID,0.0,600,14400.0,1.0,607.3092945162207,0.0,0,0,0,0,0,0,0,0,0
45,87,Q-TCID,0.0,600,15600.0,1.0,649.1920119300485,0.0,0,0,0,0,0,0,0,0,0
46,88,Q-TCID,0.0,600,15000.0,1.0,681.5784117504954,0.0,0,0,0,0,0,0,0,0,0
47,89,Q-TCID,0.0,600,11400.0,1.0,461.08578746952116,0.0,0,0,0,0,0,0,0,0,0
48,90,Q-TCID,0.0,600,13200.0,0.9961038961038962,499.3876017872244,3.0,3,0,0,3,0,0,0,0,0
49,91,Q-TCID,0.0,600,16200.0,1.0,670.0047746710479,0.0,0,0,0,0,0,0,0,0,0
50,92,Q-TCID,0.0,600,13200.0,0.9989130434782608,591.1457706019282,1.0,1,0,0,1,0,0,0,0,0
51,93,Q-TCID,0.0,600,13800.0,0.9972489683631361,541.507727144286,2.0,2,0,0,2,0,0,0,0,0
52,94,Q-TCID,0.0,600,16200.0,0.9953434225844005,600.7805761620402,4.0,3,1,0,3,1,0,1,0,0
53,95,Q-TCID,0.0,600,16200.0,0.9988789237668162,708.0296130590141,1.0,1,0,0,1,0,0,0,0,0
54,96,Q-TCID,0.0,600,16200.0,1.0,734.777574300766,0.0,0,0,0,0,0,0,0,0,0
55,97,Q-TCID,0.0,600,16200.0,1.0,605.5089509766549,0.0,0,0,0,0,0,0,0,0,0
56,98,Q-TCID,0.0,600,10800.0,1.0,511.1986468061805,0.0,0,0,0,0,0,0,0,0,0
57,99,Q-TCID,0.0,600,12000.0,0.9961928934010152,539.4699756577611,3.0,3,0,0,3,0,0,0,0,0
58,100,Q-TCID,0.0,600,15000.0,1.0,551.8151885401458,0.0,0,0,0,0,0,0,0,0,0
59,101,Q-TCID,0.0,600,12000.0,1.0,559.2539706584066,0.0,0,0,0,0,0,0,0,0,0
60,102,Q-TCID,0.0,600,12600.0,0.9978021978021978,606.3003107700497,2.0,2,0,0,2,0,0,0,0,0
61,103,Q-TCID,0.0,600,12000.0,0.9986910994764397,533.2973692212254,1.0,1,0,0,1,0,0,0,0,0
62,104,Q-TCID,0.0,600,12000.0,0.9962311557788944,541.5275111459196,3.0,3,0,0,3,0,0,0,0,0
63,105,Q-TCID,0.0,600,12000.0,1.0,515.313717763871,0.0,0,0,0,0,0,0,0,0,0
64,106,Q-TCID,0.0,600,16200.0,1.0,641.7334458176047,0.0,0,0,0,0,0,0,0,0,0
65,107,Q-TCID,0.0,600,13200.0,0.9988532110091743,614.2534767631441,1.0,1,0,0,1,0,0,0,0,0
66,108,Q-TCID,0.0,600,11400.0,1.0,523.5438596848398,0.0,0,0,0,0,0,0,0,0,0
67,109,Q-TCID,0.0,600,10800.0,0.9974160206718347,500.416369529441,2.0,2,0,0,2,0,0,0,0,0
68,110,Q-TCID,0.0,600,10800.0,0.9986149584487535,530.0923620313406,1.0,0,1,0,0,1,0,1,0,0
69,111,Q-TCID,0.0,600,16200.0,1.0,708.5439969301224,0.0,0,0,0,0,0,0,0,0,0
70,112,Q-TCID,0.0,600,14400.0,0.9989035087719298,642.2676136828959,1.0,1,0,0,1,0,0,0,0,0
71,113,Q-TCID,0.0,600,11400.0,0.9987212276214834,537.9268240500242,1.0,1,0,0,1,0,0,0,0,0
72,114,Q-TCID,0.0,600,13200.0,1.0,585.7249559685588,0.0,0,0,0,0,0,0,0,0,0
73,115,Q-TCID,0.0,600,11400.0,0.9961783439490446,538.6983998585492,3.0,2,1,0,2,1,0,0,0,0
74,116,Q-TCID,0.0,600,16200.0,0.9954597048808173,641.8917177692056,4.0,3,1,0,3,1,0,1,0,0
75,117,Q-TCID,0.0,600,12000.0,0.9986130374479889,486.7851969767362,1.0,1,0,0,1,0,0,0,0,0
76,118,Q-TCID,0.0,600,11400.0,0.9940387481371088,516.9755733478814,4.0,3,1,0,3,1,0,1,0,0
77,119,Q-TCID,0.0,600,16200.0,0.9987515605493134,613.7193088978529,1.0,1,0,0,1,0,0,0,0,0
78,120,Q-TCID,0.0,600,12600.0,1.0,533.0599612761289,0.0,0,0,0,0,0,0,0,0,0
79,121,Q-TCID,0.0,600,11400.0,0.9926144756277696,543.8422385584563,5.0,3,2,0,3,2,0,2,0,0
0,42,TA-QTCID,0.0,600,14400.0,1.0,675.9201891776174,0.0,0,0,0,0,0,0,0,0,895
1,43,TA-QTCID,0.0,600,11400.0,1.0,547.1659497153014,0.0,0,0,0,0,0,0,0,0,739
2,44,TA-QTCID,0.0,600,15600.0,1.0,699.2850872743875,0.0,0,0,0,0,0,0,0,0,818
3,45,TA-QTCID,0.0,600,15600.0,1.0,710.8587243501097,0.0,0,0,0,0,0,0,0,0,888
4,46,TA-QTCID,0.0,600,10800.0,1.0,520.9521563407034,0.0,0,0,0,0,0,0,0,0,706
5,47,TA-QTCID,0.0,600,14400.0,1.0,662.5462085567415,0.0,0,0,0,0,0,0,0,0,833
6,48,TA-QTCID,0.0,600,13800.0,0.9986577181208054,622.1868587620556,1.0,1,0,0,1,0,0,0,0,745
7,49,TA-QTCID,0.0,600,11400.0,0.9976162097735399,571.8563754763454,2.0,1,1,0,1,1,0,0,0,839
8,50,TA-QTCID,0.0,600,15000.0,0.9987063389391979,664.8411519788206,1.0,0,1,0,0,1,0,0,0,773
9,51,TA-QTCID,0.0,600,12600.0,1.0,618.625739660114,0.0,0,0,0,0,0,0,0,0,874
10,52,TA-QTCID,0.0,600,12000.0,0.9985652797704447,583.5289325285703,1.0,0,1,0,0,1,0,1,0,697
11,53,TA-QTCID,0.0,600,10800.0,1.0,542.0418950133026,0.0,0,0,0,0,0,0,0,0,788
12,54,TA-QTCID,0.0,600,14400.0,1.0,680.5496440026909,0.0,0,0,0,0,0,0,0,0,918
13,55,TA-QTCID,0.0,600,10200.0,0.9976608187134502,540.5185273941606,2.0,2,0,0,2,0,0,0,0,855
14,56,TA-QTCID,0.0,600,14400.0,0.9987531172069826,654.5732585713267,1.0,1,0,0,1,0,0,0,0,802
15,57,TA-QTCID,0.0,600,11400.0,0.9976047904191617,595.1223535928875,2.0,1,1,0,1,1,0,1,0,835
16,58,TA-QTCID,0.0,600,8400.0,0.9985294117647059,441.3017924744636,1.0,0,1,0,0,1,0,0,0,680
17,59,TA-QTCID,0.0,600,14400.0,0.9988109393579072,662.0318246874958,1.0,1,0,0,1,0,0,0,0,841
18,60,TA-QTCID,0.0,600,16200.0,0.9987179487179487,683.33918729797,1.0,1,0,0,1,0,0,0,0,780
19,61,TA-QTCID,0.0,600,11400.0,0.9977578475336323,585.4875480309129,2.0,2,0,0,2,0,0,0,0,892
20,62,TA-QTCID,0.0,600,10200.0,0.9975728155339806,531.5168096665293,2.0,2,0,0,2,0,0,0,0,824
21,63,TA-QTCID,0.0,600,11400.0,0.9987484355444305,560.5399303343147,1.0,1,0,0,1,0,0,0,0,799
22,64,TA-QTCID,0.0,600,12000.0,0.9963985594237695,589.3256430607289,3.0,3,0,0,3,0,0,0,0,833
23,65,TA-QTCID,0.0,600,12000.0,1.0,594.983865628019,0.0,0,0,0,0,0,0,0,0,864
24,66,TA-QTCID,0.0,600,11400.0,0.9988610478359908,581.6296690050513,1.0,1,0,0,1,0,0,0,0,878
25,67,TA-QTCID,0.0,600,15000.0,0.9963144963144963,675.3860213123262,3.0,3,0,0,3,0,0,0,0,814
26,68,TA-QTCID,0.0,600,12000.0,0.998745294855709,581.3526930827647,1.0,1,0,0,1,0,0,0,0,797
27,69,TA-QTCID,0.0,600,12000.0,0.9987421383647799,579.2951575946063,1.0,1,0,0,1,0,0,0,0,795
28,70,TA-QTCID,0.0,600,12000.0,1.0,569.7790560014546,0.0,0,0,0,0,0,0,0,0,752
29,71,TA-QTCID,0.0,600,13800.0,1.0,660.5084570758045,0.0,0,0,0,0,0,0,0,0,894
30,72,TA-QTCID,0.0,600,12000.0,1.0,573.1225511562079,0.0,0,0,0,0,0,0,0,0,766
31,73,TA-QTCID,0.0,600,15600.0,1.0,677.4237728007138,0.0,0,0,0,0,0,0,0,0,738
32,74,TA-QTCID,0.0,600,11400.0,0.9973262032085561,549.4806771315634,2.0,2,0,0,2,0,0,0,0,748
33,75,TA-QTCID,0.0,600,12600.0,1.0,615.7966283671558,0.0,0,0,0,0,0,0,0,0,868
34,76,TA-QTCID,0.0,600,15600.0,0.998812351543943,705.4576937183738,1.0,1,0,0,1,0,0,0,0,842
35,77,TA-QTCID,0.0,600,12000.0,0.9986225895316805,564.1208334341645,1.0,1,0,0,1,0,0,0,0,726
36,78,TA-QTCID,0.0,600,15600.0,0.9975155279503105,690.7977534215897,2.0,2,0,0,2,0,0,0,0,805
37,79,TA-QTCID,0.0,600,12600.0,0.9974025974025974,592.1349703520536,2.0,2,0,0,2,0,0,0,0,770
38,80,TA-QTCID,0.0,600,13200.0,0.9986301369863013,630.0411047749221,1.0,0,1,0,0,1,0,1,0,730
39,81,TA-QTCID,0.0,600,13800.0,0.9988066825775657,643.5337893608958,1.0,0,1,0,0,1,0,0,0,838
40,82,TA-QTCID,0.0,600,16200.0,0.9986945169712794,685.9111066535115,1.0,1,0,0,1,0,0,0,0,766
41,83,TA-QTCID,0.0,600,14400.0,1.0,669.7475827373564,0.0,0,0,0,0,0,0,0,0,861
42,84,TA-QTCID,0.0,600,13200.0,0.9987951807228915,625.0357540361583,1.0,1,0,0,1,0,0,0,0,830
43,85,TA-QTCID,0.0,600,14400.0,0.9987893462469734,658.1739456597716,1.0,1,0,0,1,0,0,0,0,826
44,86,TA-QTCID,0.0,600,10200.0,1.0,503.4828887563199,0.0,0,0,0,0,0,0,0,0,697
45,87,TA-QTCID,0.0,600,15600.0,1.0,701.3426227532327,0.0,0,0,0,0,0,0,0,0,836
46,88,TA-QTCID,0.0,600,14400.0,0.9987405541561712,654.0588747039437,1.0,1,0,0,1,0,0,0,0,794
47,89,TA-QTCID,0.0,600,12000.0,0.9954954954954955,549.9752770084888,3.0,3,0,0,3,0,0,0,0,666
48,90,TA-QTCID,0.0,600,12600.0,1.0,587.762707458809,0.0,0,0,0,0,0,0,0,0,743
49,91,TA-QTCID,0.0,600,11400.0,0.99875,562.8546577524394,1.0,1,0,0,1,0,0,0,0,800
50,92,TA-QTCID,0.0,600,15600.0,0.9988751406074241,713.68783563748,1.0,1,0,0,1,0,0,0,0,889
51,93,TA-QTCID,0.0,600,14400.0,0.9940546967895363,663.3177843634039,5.0,5,0,0,5,0,0,0,0,841
52,94,TA-QTCID,0.0,600,11400.0,0.9987373737373737,559.7683545295149,1.0,1,0,0,1,0,0,0,0,792
53,95,TA-QTCID,0.0,600,13800.0,0.9962825278810409,638.389950664714,3.0,3,0,0,3,0,0,0,0,807
54,96,TA-QTCID,0.0,600,12600.0,1.0,575.6746865175664,0.0,0,0,0,0,0,0,0,0,687
55,97,TA-QTCID,0.0,600,10800.0,1.0,547.4429256450385,0.0,0,0,0,0,0,0,0,0,817
56,98,TA-QTCID,0.0,600,10800.0,0.9984984984984985,514.7795499060303,1.0,1,0,0,1,0,0,0,0,666
57,99,TA-QTCID,0.0,600,10200.0,0.9988425925925926,542.8332548104227,1.0,1,0,0,1,0,0,0,0,864
58,100,TA-QTCID,0.0,600,11400.0,1.0,574.9426786974072,0.0,0,0,0,0,0,0,0,0,847
59,101,TA-QTCID,0.0,600,14400.0,1.0,648.9150360003114,0.0,0,0,0,0,0,0,0,0,790
60,102,TA-QTCID,0.0,600,14400.0,1.0,666.9184714518487,0.0,0,0,0,0,0,0,0,0,850
61,103,TA-QTCID,0.0,600,15600.0,1.0,727.8333920557052,0.0,0,0,0,0,0,0,0,0,954
62,104,TA-QTCID,0.0,600,13800.0,0.9987789987789988,638.9043345302343,1.0,1,0,0,1,0,0,0,0,819
63,105,TA-QTCID,0.0,600,12000.0,0.995850622406639,587.3868115507066,3.0,1,2,0,1,2,0,1,0,723
64,106,TA-QTCID,0.0,600,13200.0,0.9986522911051213,604.9747831076384,1.0,1,0,0,1,0,0,0,0,742
65,107,TA-QTCID,0.0,600,10800.0,0.9987468671679198,544.6138143613935,1.0,1,0,0,1,0,0,0,0,798
66,108,TA-QTCID,0.0,600,11400.0,0.9986522911051213,547.9375255238265,1.0,1,0,0,1,0,0,0,0,742
67,109,TA-QTCID,0.0,600,12600.0,0.9961880559085133,596.2500413116068,3.0,3,0,0,3,0,0,0,0,787
68,110,TA-QTCID,0.0,600,13800.0,0.9973082099596231,644.68126106821,2.0,1,1,0,1,1,0,1,0,743
69,111,TA-QTCID,0.0,600,9600.0,0.9986684420772304,495.01533889584243,1.0,1,0,0,1,0,0,0,0,751
70,112,TA-QTCID,0.0,600,12000.0,0.9964994165694282,593.9550978913903,3.0,3,0,0,3,0,0,0,0,857
71,113,TA-QTCID,0.0,600,11400.0,0.9974715549936789,560.5399303399026,2.0,2,0,0,2,0,0,0,0,791
72,114,TA-QTCID,0.0,600,12000.0,0.9987623762376238,582.895844688639,1.0,1,0,0,1,0,0,0,0,808
73,115,TA-QTCID,0.0,600,11400.0,0.9985714285714286,538.4214239250869,1.0,1,0,0,1,0,0,0,0,700
74,116,TA-QTCID,0.0,600,13200.0,0.9987834549878345,624.2641782350838,1.0,1,0,0,1,0,0,0,0,822
75,117,TA-QTCID,0.0,600,12000.0,0.9961489088575096,577.752005988732,3.0,3,0,0,3,0,0,0,0,779
76,118,TA-QTCID,0.0,600,12000.0,1.0,570.8078237399459,0.0,0,0,0,0,0,0,0,0,766
77,119,TA-QTCID,0.0,600,12600.0,0.9986504723346828,608.4567662291229,1.0,0,1,0,0,1,0,1,0,741
78,120,TA-QTCID,0.0,600,16200.0,1.0,681.7960356920958,0.0,0,0,0,0,0,0,0,0,770
79,121,TA-QTCID,0.0,600,12000.0,1.0,574.922894699499,0.0,0,0,0,0,0,0,0,0,783
0,42,Q-TCID,0.0,1000,13000.0,0.998062015503876,363.1550122201443,1.0,1,0,0,1,0,0,0,0,0
1,43,Q-TCID,0.0,1000,11000.0,1.0,297.8876127190888,0.0,0,0,0,0,0,0,0,0,0
2,44,Q-TCID,0.0,1000,11000.0,0.9958071278825996,335.398067234084,2.0,1,1,0,1,1,0,0,0,0
3,45,Q-TCID,0.0,1000,16000.0,0.998003992015968,359.29713319242,1.0,1,0,0,1,0,0,0,0,0
4,46,Q-TCID,0.0,1000,10000.0,1.0,293.772541757673,0.0,0,0,0,0,0,0,0,0,0
5,47,Q-TCID,0.0,1000,12000.0,1.0,341.570673674345,0.0,0,0,0,0,0,0,0,0,0
6,48,Q-TCID,0.0,1000,16000.0,1.0,379.3383201304823,0.0,0,0,0,0,0,0,0,0,0
7,49,Q-TCID,0.0,1000,11000.0,0.9979919678714859,305.3461788315326,1.0,1,0,0,1,0,0,0,0,0
8,50,Q-TCID,0.0,1000,14000.0,1.0,366.7556993123144,0.0,0,0,0,0,0,0,0,0,0
9,51,Q-TCID,0.0,1000,12000.0,1.0,300.45953206159174,0.0,0,0,0,0,0,0,0,0,0
10,52,Q-TCID,0.0,1000,12000.0,1.0,335.6552591715008,0.0,0,0,0,0,0,0,0,0,0
11,53,Q-TCID,0.0,1000,16000.0,1.0,385.2537346370518,0.0,0,0,0,0,0,0,0,0,0
12,54,Q-TCID,0.0,1000,12000.0,0.998015873015873,342.34224948100746,1.0,0,1,0,0,1,0,0,0,0
13,55,Q-TCID,0.0,1000,17000.0,1.0,455.92216477543116,0.0,0,0,0,0,0,0,0,0,0
14,56,Q-TCID,0.0,1000,13000.0,0.9957173447537473,332.8261478859931,2.0,2,0,0,2,0,0,0,0,0
15,57,Q-TCID,0.0,1000,14000.0,1.0,386.7968862429261,0.0,0,0,0,0,0,0,0,0,0
16,58,Q-TCID,0.0,1000,15000.0,1.0,350.82958333566785,0.0,0,0,0,0,0,0,0,0,0
17,59,Q-TCID,0.0,1000,15000.0,1.0,383.1961991544813,0.0,0,0,0,0,0,0,0,0,0
18,60,Q-TCID,0.0,1000,15000.0,0.9980314960629921,361.0974767394364,1.0,1,0,0,1,0,0,0,0,0
19,61,Q-TCID,0.0,1000,12000.0,0.9979423868312757,319.9863351304084,1.0,1,0,0,1,0,0,0,0,0
20,62,Q-TCID,0.0,1000,13000.0,1.0,342.5994414165616,0.0,0,0,0,0,0,0,0,0,0
21,63,Q-TCID,0.0,1000,15000.0,1.0,326.15894156880677,0.0,0,0,0,0,0,0,0,0,0
22,64,Q-TCID,0.0,1000,12000.0,1.0,321.78667867928743,0.0,0,0,0,0,0,0,0,0,0
23,65,Q-TCID,0.0,1000,13000.0,1.0,342.3422494791448,0.0,0,0,0,0,0,0,0,0,0
24,66,Q-TCID,0.0,1000,13000.0,1.0,358.2683654539287,0.0,0,0,0,0,0,0,0,0,0
25,67,Q-TCID,0.0,1000,17000.0,1.0,423.5357649587095,0.0,0,0,0,0,0,0,0,0,0
26,68,Q-TCID,0.0,1000,15000.0,0.99812734082397,367.7844670508057,1.0,1,0,0,1,0,0,0,0,0
27,69,Q-TCID,0.0,1000,15000.0,1.0,407.8668409176171,0.0,0,0,0,0,0,0,0,0,0
28,70,Q-TCID,0.0,1000,15000.0,0.9982238010657194,410.6959522087127,1.0,1,0,0,1,0,0,0,0,0
29,71,Q-TCID,0.0,1000,14000.0,0.9980694980694981,328.2164770513773,1.0,1,0,0,1,0,0,0,0,0
30,72,Q-TCID,0.0,1000,15000.0,1.0,373.4229056239128,0.0,0,0,0,0,0,0,0,0,0
31,73,Q-TCID,0.0,1000,10000.0,0.9976635514018691,287.3427433799952,1.0,1,0,0,1,0,0,0,0,0
32,74,Q-TCID,0.0,1000,16000.0,1.0,431.25152301229537,0.0,0,0,0,0,0,0,0,0,0
33,75,Q-TCID,0.0,1000,15000.0,1.0,384.4821588303894,0.0,0,0,0,0,0,0,0,0,0
34,76,Q-TCID,0.0,1000,15000.0,0.998015873015873,342.3422494791448,1.0,1,0,0,1,0,0,0,0,0
35,77,Q-TCID,0.0,1000,14000.0,1.0,328.96826886199415,0.0,0,0,0,0,0,0,0,0,0
36,78,Q-TCID,0.0,1000,14000.0,1.0,359.55432512797415,0.0,0,0,0,0,0,0,0,0,0
37,79,Q-TCID,0.0,1000,16000.0,1.0,387.3112701177597,0.0,0,0,0,0,0,0,0,0,0
38,80,Q-TCID,0.0,1000,15000.0,1.0,382.16743141785264,0.0,0,0,0,0,0,0,0,0,0
39,81,Q-TCID,0.0,1000,15000.0,0.9980842911877394,346.9717043098062,1.0,1,0,0,1,0,0,0,0,0
40,82,Q-TCID,0.0,1000,13000.0,1.0,365.72693156823516,0.0,0,0,0,0,0,0,0,0,0
41,83,Q-TCID,0.0,1000,17000.0,1.0,429.45117947272956,0.0,0,0,0,0,0,0,0,0,0
42,84,Q-TCID,0.0,1000,11000.0,1.0,329.2452447898686,0.0,0,0,0,0,0,0,0,0,0
43,85,Q-TCID,0.0,1000,12000.0,1.0,341.33326573483646,0.0,0,0,0,0,0,0,0,0,0
44,86,Q-TCID,0.0,1000,13000.0,1.0,322.04387061297894,0.0,0,0,0,0,0,0,0,0,0
45,87,Q-TCID,0.0,1000,14000.0,0.997867803837953,351.06699127331376,1.0,1,0,0,1,0,0,0,0,0
46,88,Q-TCID,0.0,1000,17000.0,0.9965694682675815,476.616223545745,2.0,1,1,0,1,1,0,1,0,0
47,89,Q-TCID,0.0,1000,12000.0,0.9978213507625272,313.0421528853476,1.0,1,0,0,1,0,0,0,0,0
48,90,Q-TCID,0.0,1000,15000.0,0.9964601769911504,411.21033607795835,2.0,2,0,0,2,0,0,0,0,0
49,91,Q-TCID,0.0,1000,16000.0,0.9982456140350877,412.4962957520038,1.0,1,0,0,1,0,0,0,0,0
50,92,Q-TCID,0.0,1000,17000.0,0.9982394366197183,429.7083714026958,1.0,0,1,0,0,1,0,0,0,0
51,93,Q-TCID,0.0,1000,15000.0,0.9980506822612085,362.3834364172071,1.0,1,0,0,1,0,0,0,0,0
52,94,Q-TCID,0.0,1000,16000.0,0.9961538461538462,371.7808340359479,2.0,1,1,0,1,1,0,1,0,0
53,95,Q-TCID,0.0,1000,10000.0,0.9978118161925602,277.07484997436404,1.0,1,0,0,1,0,0,0,0,0
54,96,Q-TCID,0.0,1000,15000.0,1.0,377.7951685190201,0.0,0,0,0,0,0,0,0,0,0
55,97,Q-TCID,0.0,1000,14000.0,1.0,354.6676783673465,0.0,0,0,0,0,0,0,0,0,0
56,98,Q-TCID,0.0,1000,14000.0,1.0,316.3856480382383,0.0,0,0,0,0,0,0,0,0,0
57,99,Q-TCID,0.0,1000,11000.0,0.9978947368421053,317.1572238449007,1.0,1,0,0,1,0,0,0,0,0
58,100,Q-TCID,0.0,1000,15000.0,0.998015873015873,342.34224948100746,1.0,1,0,0,1,0,0,0,0,0
59,101,Q-TCID,0.0,1000,13000.0,0.9978991596638656,342.73792938143015,1.0,0,1,0,0,1,0,1,0,0
60,102,Q-TCID,0.0,1000,17000.0,1.0,395.79860397055745,0.0,0,0,0,0,0,0,0,0,0
61,103,Q-TCID,0.0,1000,15000.0,1.0,319.4719512593001,0.0,0,0,0,0,0,0,0,0,0
62,104,Q-TCID,0.0,1000,15000.0,0.9979123173277662,353.6389106232673,1.0,1,0,0,1,0,0,0,0,0
63,105,Q-TCID,0.0,1000,12000.0,1.0,326.6733254417777,0.0,0,0,0,0,0,0,0,0,0
64,106,Q-TCID,0.0,1000,14000.0,1.0,324.8729818947613,0.0,0,0,0,0,0,0,0,0,0
65,107,Q-TCID,0.0,1000,15000.0,0.9982174688057041,392.4551088139415,1.0,1,0,0,1,0,0,0,0,0
66,108,Q-TCID,0.0,1000,12000.0,1.0,323.0726383496076,0.0,0,0,0,0,0,0,0,0,0
67,109,Q-TCID,0.0,1000,14000.0,1.0,379.5955120623112,0.0,0,0,0,0,0,0,0,0,0
68,110,Q-TCID,0.0,1000,17000.0,1.0,432.5176986902952,0.0,0,0,0,0,0,0,0,0,0
69,111,Q-TCID,0.0,1000,17000.0,1.0,355.95363804139197,0.0,0,0,0,0,0,0,0,0,0
70,112,Q-TCID,0.0,1000,14000.0,0.9982788296041308,397.5989475119859,1.0,1,0,0,1,0,0,0,0,0
71,113,Q-TCID,0.0,1000,13000.0,0.99812734082397,367.78446704894304,1.0,1,0,0,1,0,0,0,0,0
72,114,Q-TCID,0.0,1000,14000.0,1.0,364.955355765298,0.0,0,0,0,0,0,0,0,0,0
73,115,Q-TCID,0.0,1000,14000.0,0.9980276134122288,325.387365764007,1.0,1,0,0,1,0,0,0,0,0
74,116,Q-TCID,0.0,1000,16000.0,0.9981308411214953,385.7681185044348,1.0,1,0,0,1,0,0,0,0,0
75,117,Q-TCID,0.0,1000,17000.0,0.9982300884955753,375.75741703622043,1.0,1,0,0,1,0,0,0,0,0
76,118,Q-TCID,0.0,1000,9000.0,0.9953703703703703,270.64505160041153,2.0,2,0,0,2,0,0,0,0,0
77,119,Q-TCID,0.0,1000,14000.0,0.997946611909651,320.2435270640999,1.0,1,0,0,1,0,0,0,0,0
78,120,Q-TCID,0.0,1000,13000.0,1.0,346.71451237797737,0.0,0,0,0,0,0,0,0,0,0
79,121,Q-TCID,0.0,1000,13000.0,0.9936708860759493,342.22354551032186,3.0,2,1,0,2,1,0,1,0,0
0,42,TA-QTCID,0.0,1000,10000.0,1.0,327.4449012465775,0.0,0,0,0,0,0,0,0,0,513
1,43,TA-QTCID,0.0,1000,15000.0,0.9965635738831615,435.88097784109414,2.0,2,0,0,2,0,0,0,0,582
2,44,TA-QTCID,0.0,1000,13000.0,1.0,374.1944814287126,0.0,0,0,0,0,0,0,0,0,484
3,45,TA-QTCID,0.0,1000,13000.0,1.0,387.3112701140344,0.0,0,0,0,0,0,0,0,0,535
4,46,TA-QTCID,0.0,1000,8000.0,1.0,267.558748383075,0.0,0,0,0,0,0,0,0,0,415
5,47,TA-QTCID,0.0,1000,10000.0,1.0,327.95928511582315,0.0,0,0,0,0,0,0,0,0,515
6,48,TA-QTCID,0.0,1000,11000.0,1.0,341.5706736780703,0.0,0,0,0,0,0,0,0,0,491
7,49,TA-QTCID,0.0,1000,9000.0,1.0,305.08898689597845,0.0,0,0,0,0,0,0,0,0,495
8,50,TA-QTCID,0.0,1000,9000.0,1.0,296.3444611057639,0.0,0,0,0,0,0,0,0,0,453
9,51,TA-QTCID,0.0,1000,13000.0,0.9983498349834984,405.3147055692971,1.0,1,0,0,1,0,0,0,0,606
10,52,TA-QTCID,0.0,1000,12000.0,0.9963768115942029,373.95707349292934,2.0,2,0,0,2,0,0,0,0,552
11,53,TA-QTCID,0.0,1000,16000.0,1.0,444.6057196352631,0.0,0,0,0,0,0,0,0,0,552
12,54,TA-QTCID,0.0,1000,12000.0,0.9981024667931688,367.2700831796974,1.0,1,0,0,1,0,0,0,0,527
13,55,TA-QTCID,0.0,1000,14000.0,0.9983525535420099,423.55554895848036,1.0,1,0,0,1,0,0,0,0,607
14,56,TA-QTCID,0.0,1000,12000.0,0.9961538461538462,365.7269315700978,2.0,2,0,0,2,0,0,0,0,520
15,57,TA-QTCID,0.0,1000,12000.0,1.0,344.63719290308654,0.0,0,0,0,0,0,0,0,0,424
16,58,TA-QTCID,0.0,1000,12000.0,0.9981167608286252,368.29885092005134,1.0,1,0,0,1,0,0,0,0,531
17,59,TA-QTCID,0.0,1000,11000.0,0.9979591836734694,340.0275220684707,1.0,1,0,0,1,0,0,0,0,490
18,60,TA-QTCID,0.0,1000,11000.0,0.9976635514018691,326.91073338128626,1.0,1,0,0,1,0,0,0,0,428
19,61,TA-QTCID,0.0,1000,12000.0,1.0,353.89610256254673,0.0,0,0,0,0,0,0,0,0,469
20,62,TA-QTCID,0.0,1000,12000.0,1.0,354.924870301038,0.0,0,0,0,0,0,0,0,0,474
21,63,TA-QTCID,0.0,1000,16000.0,1.0,454.37901316955686,0.0,0,0,0,0,0,0,0,0,575
22,64,TA-QTCID,0.0,1000,15000.0,1.0,420.19226980768144,0.0,0,0,0,0,0,0,0,0,516
23,65,TA-QTCID,0.0,1000,14000.0,0.9980842911877394,405.29492157511413,1.0,1,0,0,1,0,0,0,0,522
24,66,TA-QTCID,0.0,1000,17000.0,0.9963436928702011,468.6432735584676,2.0,1,1,0,1,1,0,1,0,547
25,67,TA-QTCID,0.0,1000,16000.0,0.996116504854369,437.66153739206493,2.0,2,0,0,2,0,0,0,0,515
26,68,TA-QTCID,0.0,1000,12000.0,0.9981785063752276,373.1854976899922,1.0,1,0,0,1,0,0,0,0,549
27,69,TA-QTCID,0.0,1000,14000.0,1.0,399.8938909377903,0.0,0,0,0,0,0,0,0,0,506
28,70,TA-QTCID,0.0,1000,12000.0,1.0,365.4697396364063,0.0,0,0,0,0,0,0,0,0,519
29,71,TA-QTCID,0.0,1000,13000.0,1.0,388.5972297936678,0.0,0,0,0,0,0,0,0,0,536
30,72,TA-QTCID,0.0,1000,12000.0,1.0,350.29541547223926,0.0,0,0,0,0,0,0,0,0,451
31,73,TA-QTCID,0.0,1000,10000.0,1.0,304.04043516144156,0.0,0,0,0,0,0,0,0,0,414
32,74,TA-QTCID,0.0,1000,13000.0,0.9982046678635548,417.2642385456711,1.0,0,1,0,0,1,0,1,0,557
33,75,TA-QTCID,0.0,1000,14000.0,1.0,403.2373860925436,0.0,0,0,0,0,0,0,0,0,519
34,76,TA-QTCID,0.0,1000,14000.0,1.0,402.4658102840185,0.0,0,0,0,0,0,0,0,0,525
35,77,TA-QTCID,0.0,1000,9000.0,1.0,299.17357238940895,0.0,0,0,0,0,0,0,0,0,469
36,78,TA-QTCID,0.0,1000,11000.0,0.9956427015250545,332.3117640167475,2.0,1,1,0,1,1,0,0,0,459
37,79,TA-QTCID,0.0,1000,9000.0,0.9977678571428571,318.32447954826057,1.0,0,1,0,0,1,0,1,0,448
38,80,TA-QTCID,0.0,1000,11000.0,0.9979919678714859,342.3422494828701,1.0,1,0,0,1,0,0,0,0,498
39,81,TA-QTCID,0.0,1000,14000.0,1.0,416.86855864711106,0.0,0,0,0,0,0,0,0,0,582
40,82,TA-QTCID,0.0,1000,12000.0,0.9961389961389961,366.2413154412061,2.0,2,0,0,2,0,0,0,0,518
41,83,TA-QTCID,0.0,1000,11000.0,1.0,346.9717043116689,0.0,0,0,0,0,0,0,0,0,517
42,84,TA-QTCID,0.0,1000,11000.0,0.998109640831758,350.3151994664222,1.0,1,0,0,1,0,0,0,0,529
43,85,TA-QTCID,0.0,1000,10000.0,0.9956803455723542,315.356880299747,2.0,2,0,0,2,0,0,0,0,463
44,86,TA-QTCID,0.0,1000,14000.0,1.0,416.35417477600276,0.0,0,0,0,0,0,0,0,0,579
45,87,TA-QTCID,0.0,1000,14000.0,0.9980769230769231,401.17985061369836,1.0,0,1,0,0,1,0,0,0,520
46,88,TA-QTCID,0.0,1000,11000.0,1.0,341.3134817443788,0.0,0,0,0,0,0,0,0,0,490
47,89,TA-QTCID,0.0,1000,12000.0,0.9979381443298969,359.03994126431644,1.0,1,0,0,1,0,0,0,0,485
48,90,TA-QTCID,0.0,1000,11000.0,1.0,343.6282091550529,0.0,0,0,0,0,0,0,0,0,499
49,91,TA-QTCID,0.0,1000,16000.0,0.9961389961389961,441.0050325486809,2.0,1,1,0,1,1,0,0,0,518
50,92,TA-QTCID,0.0,1000,13000.0,0.9980806142034548,384.7393507659435,1.0,1,0,0,1,0,0,0,0,521
51,93,TA-QTCID,0.0,1000,10000.0,0.9978858350951374,317.92879965156317,1.0,1,0,0,1,0,0,0,0,473
52,94,TA-QTCID,0.0,1000,9000.0,1.0,306.63213850557804,0.0,0,0,0,0,0,0,0,0,500
53,95,TA-QTCID,0.0,1000,13000.0,1.0,377.0235927142203,0.0,0,0,0,0,0,0,0,0,491
54,96,TA-QTCID,0.0,1000,13000.0,0.9980769230769231,383.45339109003544,1.0,1,0,0,1,0,0,0,0,520
55,97,TA-QTCID,0.0,1000,11000.0,1.0,339.5131381973624,0.0,0,0,0,0,0,0,0,0,488
56,98,TA-QTCID,0.0,1000,17000.0,1.0,433.80365836806595,0.0,0,0,0,0,0,0,0,0,489
57,99,TA-QTCID,0.0,1000,13000.0,1.0,384.99654269963503,0.0,0,0,0,0,0,0,0,0,522
58,100,TA-QTCID,0.0,1000,9000.0,1.0,304.31741109117866,0.0,0,0,0,0,0,0,0,0,491
59,101,TA-QTCID,0.0,1000,16000.0,1.0,445.12010351009667,0.0,0,0,0,0,0,0,0,0,534
60,102,TA-QTCID,0.0,1000,12000.0,1.0,379.35810412839055,0.0,0,0,0,0,0,0,0,0,573
61,103,TA-QTCID,0.0,1000,14000.0,1.0,406.32368930988014,0.0,0,0,0,0,0,0,0,0,541
62,104,TA-QTCID,0.0,1000,12000.0,0.9979381443298969,383.3346871212125,1.0,0,1,0,0,1,0,1,0,485
63,105,TA-QTCID,0.0,1000,12000.0,1.0,345.6659606434405,0.0,0,0,0,0,0,0,0,0,433
64,106,TA-QTCID,0.0,1000,13000.0,1.0,375.994824975729,0.0,0,0,0,0,0,0,0,0,487
65,107,TA-QTCID,0.0,1000,9000.0,1.0,306.37494656816125,0.0,0,0,0,0,0,0,0,0,500
66,108,TA-QTCID,0.0,1000,11000.0,1.0,335.398067234084,0.0,0,0,0,0,0,0,0,0,472
67,109,TA-QTCID,0.0,1000,17000.0,0.9945155393053017,471.21519291214645,3.0,2,1,0,2,1,0,1,0,547
68,110,TA-QTCID,0.0,1000,16000.0,1.0,428.9170115981251,0.0,0,0,0,0,0,0,0,0,485
69,111,TA-QTCID,0.0,1000,11000.0,1.0,336.42683497443795,0.0,0,0,0,0,0,0,0,0,475
70,112,TA-QTCID,0.0,1000,16000.0,0.9982238010657194,452.57866962626576,1.0,1,0,0,1,0,0,0,0,563
71,113,TA-QTCID,0.0,1000,12000.0,0.9980806142034548,392.3364048432559,1.0,0,1,0,0,1,0,1,0,521
72,114,TA-QTCID,0.0,1000,13000.0,0.9961977186311787,411.34882404096425,2.0,1,1,0,1,1,0,1,0,526
73,115,TA-QTCID,0.0,1000,14000.0,0.9982456140350877,415.0682151019573,1.0,1,0,0,1,0,0,0,0,570
74,116,TA-QTCID,0.0,1000,12000.0,0.998,360.3259009346366,1.0,0,1,0,0,1,0,0,0,500
75,117,TA-QTCID,0.0,1000,14000.0,1.0,417.89732638560236,0.0,0,0,0,0,0,0,0,0,589
76,118,TA-QTCID,0.0,1000,9000.0,0.9954233409610984,291.2006224077195,2.0,1,1,0,1,1,0,0,0,437
77,119,TA-QTCID,0.0,1000,11000.0,1.0,337.4556027185172,0.0,0,0,0,0,0,0,0,0,474
78,120,TA-QTCID,0.0,1000,12000.0,1.0,359.55432513169944,0.0,0,0,0,0,0,0,0,0,491
79,121,TA-QTCID,0.0,1000,12000.0,0.9961685823754789,391.5648290421814,2.0,1,1,0,1,1,0,1,0,522
0,42,Q-TCID,0.0,1500,12000.0,1.0,207.9297874495387,0.0,0,0,0,0,0,0,0,0,0
1,43,Q-TCID,0.0,1500,16500.0,1.0,236.45830824039876,0.0,0,0,0,0,0,0,0,0,0
2,44,Q-TCID,0.0,1500,10500.0,0.9967320261437909,202.7859487514943,1.0,1,0,0,1,0,0,0,0,0
3,45,Q-TCID,0.0,1500,12000.0,1.0,232.34323728084564,0.0,0,0,0,0,0,0,0,0,0
4,46,Q-TCID,0.0,1500,12000.0,1.0,232.08604534342885,0.0,0,0,0,0,0,0,0,0,0
5,47,Q-TCID,0.0,1500,13500.0,0.9973544973544973,256.7566871084273,1.0,0,1,0,0,1,0,0,0,0
6,48,Q-TCID,0.0,1500,16500.0,1.0,291.43803034722805,0.0,0,0,0,0,0,0,0,0,0
7,49,Q-TCID,0.0,1500,15000.0,0.9975669099756691,308.2939940840006,1.0,0,1,0,0,1,0,1,0,0
8,50,Q-TCID,0.0,1500,12000.0,1.0,239.0302275903523,0.0,0,0,0,0,0,0,0,0,0
9,51,Q-TCID,0.0,1500,15000.0,1.0,238.5158437229693,0.0,0,0,0,0,0,0,0,0,0
10,52,Q-TCID,0.0,1500,13500.0,0.9971181556195965,274.1072507239878,1.0,0,1,0,0,1,0,1,0,0
11,53,Q-TCID,0.0,1500,15000.0,0.9973890339425587,275.76910630613565,1.0,1,0,0,1,0,0,0,0,0
12,54,Q-TCID,0.0,1500,16500.0,1.0,248.5265451911837,0.0,0,0,0,0,0,0,0,0,0
13,55,Q-TCID,0.0,1500,12000.0,1.0,235.68673243559897,0.0,0,0,0,0,0,0,0,0,0
14,56,Q-TCID,0.0,1500,13500.0,1.0,249.04092906229198,0.0,0,0,0,0,0,0,0,0,0
15,57,Q-TCID,0.0,1500,12000.0,1.0,211.78766647353768,0.0,0,0,0,0,0,0,0,0,0
16,58,Q-TCID,0.0,1500,15000.0,1.0,259.07141452655196,0.0,0,0,0,0,0,0,0,0,0
17,59,Q-TCID,0.0,1500,15000.0,1.0,231.0572776030749,0.0,0,0,0,0,0,0,0,0,0
18,60,Q-TCID,0.0,1500,15000.0,0.9971509971509972,249.81250486709177,1.0,1,0,0,1,0,0,0,0,0
19,61,Q-TCID,0.0,1500,12000.0,0.9971751412429378,232.85762114822865,1.0,1,0,0,1,0,0,0,0,0
20,62,Q-TCID,0.0,1500,12000.0,0.9972527472527473,235.42954050004482,1.0,0,1,0,0,1,0,0,0,0
21,63,Q-TCID,0.0,1500,15000.0,1.0,263.18648548796773,0.0,0,0,0,0,0,0,0,0,0
22,64,Q-TCID,0.0,1500,13500.0,1.0,240.8305711336434,0.0,0,0,0,0,0,0,0,0,0
23,65,Q-TCID,0.0,1500,13500.0,1.0,265.50121290050447,0.0,0,0,0,0,0,0,0,0,0
24,66,Q-TCID,0.0,1500,13500.0,1.0,248.7837371211499,0.0,0,0,0,0,0,0,0,0,0
25,67,Q-TCID,0.0,1500,15000.0,1.0,263.95806128904223,0.0,0,0,0,0,0,0,0,0,0
26,68,Q-TCID,0.0,1500,13500.0,1.0,237.4870759807527,0.0,0,0,0,0,0,0,0,0,0
27,69,Q-TCID,0.0,1500,13500.0,1.0,257.27107097767293,0.0,0,0,0,0,0,0,0,0,0
28,70,Q-TCID,0.0,1500,12000.0,1.0,246.23160177096725,0.0,0,0,0,0,0,0,0,0,0
29,71,Q-TCID,0.0,1500,16500.0,0.9971590909090909,267.79615631885827,1.0,1,0,0,1,0,0,0,0,0
30,72,Q-TCID,0.0,1500,15000.0,1.0,252.8988080844283,0.0,0,0,0,0,0,0,0,0,0
31,73,Q-TCID,0.0,1500,16500.0,0.9946236559139785,280.53704909980297,2.0,1,1,0,1,1,0,1,0,0
32,74,Q-TCID,0.0,1500,15000.0,1.0,213.07362614944577,0.0,0,0,0,0,0,0,0,0,0
33,75,Q-TCID,0.0,1500,16500.0,1.0,260.10018226876855,0.0,0,0,0,0,0,0,0,0,0
34,76,Q-TCID,0.0,1500,15000.0,0.9974811083123426,261.64333387091756,1.0,1,0,0,1,0,0,0,0,0
35,77,Q-TCID,0.0,1500,12000.0,1.0,212.04485840909183,0.0,0,0,0,0,0,0,0,0,0
36,78,Q-TCID,0.0,1500,12000.0,1.0,234.65796469524503,0.0,0,0,0,0,0,0,0,0,0
37,79,Q-TCID,0.0,1500,16500.0,1.0,235.42954050004482,0.0,0,0,0,0,0,0,0,0,0
38,80,Q-TCID,0.0,1500,13500.0,0.9971181556195965,274.10725072585046,1.0,0,1,0,0,1,0,1,0,0
39,81,Q-TCID,0.0,1500,13500.0,0.9973544973544973,239.03022759221494,1.0,1,0,0,1,0,0,0,0,0
40,82,Q-TCID,0.0,1500,10500.0,1.0,215.38835356384516,0.0,0,0,0,0,0,0,0,0,0
41,83,Q-TCID,0.0,1500,13500.0,1.0,262.92929355055094,0.0,0,0,0,0,0,0,0,0,0
42,84,Q-TCID,0.0,1500,15000.0,1.0,238.25865178368986,0.0,0,0,0,0,0,0,0,0,0
43,85,Q-TCID,0.0,1500,15000.0,1.0,269.85369180329144,0.0,0,0,0,0,0,0,0,0,0
44,86,Q-TCID,0.0,1500,12000.0,0.9970845481049563,237.62556394189596,1.0,0,1,0,0,1,0,1,0,0
45,87,Q-TCID,0.0,1500,12000.0,1.0,224.3702872954309,0.0,0,0,0,0,0,0,0,0,0
46,88,Q-TCID,0.0,1500,16500.0,0.9976415094339622,286.3139756396413,1.0,0,1,0,0,1,0,0,0,0
47,89,Q-TCID,0.0,1500,9000.0,1.0,183.77352955378592,0.0,0,0,0,0,0,0,0,0,0
48,90,Q-TCID,0.0,1500,13500.0,1.0,255.47072743438184,0.0,0,0,0,0,0,0,0,0,0
49,91,Q-TCID,0.0,1500,16500.0,1.0,289.14308692514896,0.0,0,0,0,0,0,0,0,0,0
50,92,Q-TCID,0.0,1500,13500.0,1.0,257.528262918815,0.0,0,0,0,0,0,0,0,0,0
51,93,Q-TCID,0.0,1500,12000.0,0.9942363112391931,231.0572776068002,2.0,1,1,0,1,1,0,0,0,0
52,94,Q-TCID,0.0,1500,13500.0,0.9946380697050938,280.7942410353571,2.0,1,1,0,1,1,0,1,0,0
53,95,Q-TCID,0.0,1500,12000.0,1.0,238.7730356566608,0.0,0,0,0,0,0,0,0,0,0
54,96,Q-TCID,0.0,1500,16500.0,1.0,258.8142225872725,0.0,0,0,0,0,0,0,0,0,0
55,97,Q-TCID,0.0,1500,13500.0,1.0,234.91515663079917,0.0,0,0,0,0,0,0,0,0,0
56,98,Q-TCID,0.0,1500,16500.0,1.0,265.22423697263,0.0,0,0,0,0,0,0,0,0,0
57,99,Q-TCID,0.0,1500,13500.0,1.0,250.58408067002892,0.0,0,0,0,0,0,0,0,0,0
58,100,Q-TCID,0.0,1500,13500.0,1.0,238.515843719244,0.0,0,0,0,0,0,0,0,0,0
59,101,Q-TCID,0.0,1500,16500.0,1.0,250.32688873447478,0.0,0,0,0,0,0,0,0,0,0
60,102,Q-TCID,0.0,1500,15000.0,0.9976133651551312,292.6250700429082,1.0,0,1,0,0,1,0,1,0,0
61,103,Q-TCID,0.0,1500,12000.0,1.0,214.61677775904536,0.0,0,0,0,0,0,0,0,0,0
62,104,Q-TCID,0.0,1500,12000.0,0.9969788519637462,226.94220664724708,1.0,1,0,0,1,0,0,0,0,0
63,105,Q-TCID,0.0,1500,13500.0,0.9972826086956522,236.4583082422614,1.0,0,1,0,0,1,0,0,0,0
64,106,Q-TCID,0.0,1500,12000.0,1.0,232.0860453452915,0.0,0,0,0,0,0,0,0,0,0
65,107,Q-TCID,0.0,1500,13500.0,1.0,265.75840483792126,0.0,0,0,0,0,0,0,0,0,0
66,108,Q-TCID,0.0,1500,16500.0,1.0,292.2096061501652,0.0,0,0,0,0,0,0,0,0,0
67,109,Q-TCID,0.0,1500,12000.0,1.0,211.27328260429204,0.0,0,0,0,0,0,0,0,0,0
68,110,Q-TCID,0.0,1500,13500.0,1.0,225.14186310209334,0.0,0,0,0,0,0,0,0,0,0
69,111,Q-TCID,0.0,1500,12000.0,1.0,233.88638889044523,0.0,0,0,0,0,0,0,0,0,0
70,112,Q-TCID,0.0,1500,15000.0,1.0,284.7708240300417,0.0,0,0,0,0,0,0,0,0,0
71,113,Q-TCID,0.0,1500,16500.0,1.0,276.7978740464896,0.0,0,0,0,0,0,0,0,0,0
72,114,Q-TCID,0.0,1500,13500.0,1.0,252.8988080844283,0.0,0,0,0,0,0,0,0,0,0
73,115,Q-TCID,0.0,1500,16500.0,0.9974226804123711,241.60214694030583,1.0,0,1,0,0,1,0,0,0,0
74,116,Q-TCID,0.0,1500,12000.0,0.9972067039106145,216.1599293705076,1.0,1,0,0,1,0,0,0,0,0
75,117,Q-TCID,0.0,1500,16500.0,1.0,216.93150517344475,0.0,0,0,0,0,0,0,0,0,0
76,118,Q-TCID,0.0,1500,12000.0,0.9970674486803519,229.51412599347532,1.0,1,0,0,1,0,0,0,0,0
77,119,Q-TCID,0.0,1500,13500.0,0.997289972899729,254.4419596940279,1.0,1,0,0,1,0,0,0,0,0
78,120,Q-TCID,0.0,1500,13500.0,1.0,249.0409290585667,0.0,0,0,0,0,0,0,0,0,0
79,121,Q-TCID,0.0,1500,13500.0,0.9973333333333333,238.2586517855525,1.0,1,0,0,1,0,0,0,0,0
0,42,TA-QTCID,0.0,1500,12000.0,1.0,253.67038389109075,0.0,0,0,0,0,0,0,0,0,364
1,43,TA-QTCID,0.0,1500,12000.0,0.9974489795918368,261.9005258139223,1.0,0,1,0,0,1,0,0,0,392
2,44,TA-QTCID,0.0,1500,10500.0,1.0,226.42782277613878,0.0,0,0,0,0,0,0,0,0,327
3,45,TA-QTCID,0.0,1500,13500.0,1.0,274.2259546983987,0.0,0,0,0,0,0,0,0,0,367
4,46,TA-QTCID,0.0,1500,10500.0,1.0,225.1418631002307,0.0,0,0,0,0,0,0,0,0,318
5,47,TA-QTCID,0.0,1500,13500.0,1.0,280.9129450041801,0.0,0,0,0,0,0,0,0,0,397
6,48,TA-QTCID,0.0,1500,10500.0,1.0,230.2857017982751,0.0,0,0,0,0,0,0,0,0,341
7,49,TA-QTCID,0.0,1500,12000.0,1.0,261.6433338765055,0.0,0,0,0,0,0,0,0,0,394
8,50,TA-QTCID,0.0,1500,10500.0,0.9944289693593314,234.65796469338238,2.0,1,1,0,1,1,0,0,0,359
9,51,TA-QTCID,0.0,1500,15000.0,0.9976635514018691,306.61235450953245,1.0,0,1,0,0,1,0,0,0,428
10,52,TA-QTCID,0.0,1500,12000.0,0.9971428571428571,276.4219781421125,1.0,0,1,0,0,1,0,1,0,350
11,53,TA-QTCID,0.0,1500,13500.0,0.9972222222222222,271.13965147547424,1.0,1,0,0,1,0,0,0,0,360
12,54,TA-QTCID,0.0,1500,12000.0,1.0,255.727919369936,0.0,0,0,0,0,0,0,0,0,368
13,55,TA-QTCID,0.0,1500,10500.0,1.0,242.11653080955148,0.0,0,0,0,0,0,0,0,0,388
14,56,TA-QTCID,0.0,1500,13500.0,0.9943820224719101,295.6915892697871,2.0,1,1,0,1,1,0,1,0,356
15,57,TA-QTCID,0.0,1500,16500.0,1.0,298.3822125904262,0.0,0,0,0,0,0,0,0,0,391
16,58,TA-QTCID,0.0,1500,13500.0,1.0,285.28520790301263,0.0,0,0,0,0,0,0,0,0,410
17,59,TA-QTCID,0.0,1500,12000.0,1.0,250.32688873633742,0.0,0,0,0,0,0,0,0,0,348
18,60,TA-QTCID,0.0,1500,12000.0,1.0,245.69743390753865,0.0,0,0,0,0,0,0,0,0,329
19,61,TA-QTCID,0.0,1500,12000.0,1.0,254.69915162958205,0.0,0,0,0,0,0,0,0,0,360
20,62,TA-QTCID,0.0,1500,15000.0,1.0,297.0962529182434,0.0,0,0,0,0,0,0,0,0,387
21,63,TA-QTCID,0.0,1500,9000.0,1.0,222.8469196818769,0.0,0,0,0,0,0,0,0,0,382
22,64,TA-QTCID,0.0,1500,10500.0,1.0,224.62747923098505,0.0,0,0,0,0,0,0,0,0,312
23,65,TA-QTCID,0.0,1500,10500.0,0.9915254237288136,259.46709442697465,3.0,2,1,0,2,1,0,1,0,354
24,66,TA-QTCID,0.0,1500,13500.0,0.9973262032085561,274.4831466283649,1.0,1,0,0,1,0,0,0,0,374
25,67,TA-QTCID,0.0,1500,12000.0,0.9971098265895953,251.09846454299986,1.0,1,0,0,1,0,0,0,0,346
26,68,TA-QTCID,0.0,1500,16500.0,1.0,302.2400916162878,0.0,0,0,0,0,0,0,0,0,412
27,69,TA-QTCID,0.0,1500,12000.0,0.9970845481049563,250.32688873447478,1.0,0,1,0,0,1,0,0,0,343
28,70,TA-QTCID,0.0,1500,16500.0,1.0,299.15378839708865,0.0,0,0,0,0,0,0,0,0,394
29,71,TA-QTCID,0.0,1500,10500.0,1.0,228.22816631942987,0.0,0,0,0,0,0,0,0,0,334
30,72,TA-QTCID,0.0,1500,13500.0,1.0,272.1684192158282,0.0,0,0,0,0,0,0,0,0,364
31,73,TA-QTCID,0.0,1500,15000.0,1.0,299.15378839708865,0.0,0,0,0,0,0,0,0,0,395
32,74,TA-QTCID,0.0,1500,10500.0,1.0,241.0877630673349,0.0,0,0,0,0,0,0,0,0,382
33,75,TA-QTCID,0.0,1500,13500.0,0.9974937343358395,280.39856113679707,1.0,1,0,0,1,0,0,0,0,399
34,76,TA-QTCID,0.0,1500,16500.0,0.9975186104218362,299.9253642037511,1.0,1,0,0,1,0,0,0,0,403
35,77,TA-QTCID,0.0,1500,10500.0,0.9969788519637462,228.22816632129252,1.0,1,0,0,1,0,0,0,0,331
36,78,TA-QTCID,0.0,1500,12000.0,0.9942196531791907,249.81250486522913,2.0,2,0,0,2,0,0,0,0,346
37,79,TA-QTCID,0.0,1500,16500.0,1.0,300.43974807299674,0.0,0,0,0,0,0,0,0,0,409
38,80,TA-QTCID,0.0,1500,10500.0,1.0,231.3144695404917,0.0,0,0,0,0,0,0,0,0,346
39,81,TA-QTCID,0.0,1500,10500.0,0.9973753280839895,240.31618726439774,1.0,0,1,0,0,1,0,0,0,381
40,82,TA-QTCID,0.0,1500,12000.0,0.9971751412429378,278.47951362095773,1.0,0,1,0,0,1,0,1,0,354
41,83,TA-QTCID,0.0,1500,12000.0,0.9972451790633609,253.41319195367396,1.0,1,0,0,1,0,0,0,0,363
42,84,TA-QTCID,0.0,1500,13500.0,0.9974683544303797,280.3985611349344,1.0,1,0,0,1,0,0,0,0,395
43,85,TA-QTCID,0.0,1500,15000.0,1.0,285.7798077818006,0.0,0,0,0,0,0,0,0,0,333
44,86,TA-QTCID,0.0,1500,12000.0,1.0,252.64161615259945,0.0,0,0,0,0,0,0,0,0,356
45,87,TA-QTCID,0.0,1500,12000.0,1.0,246.46900970861316,0.0,0,0,0,0,0,0,0,0,333
46,88,TA-QTCID,0.0,1500,10500.0,0.9970238095238095,228.74255018867552,1.0,1,0,0,1,0,0,0,0,336
47,89,TA-QTCID,0.0,1500,9000.0,1.0,209.73013099469244,0.0,0,0,0,0,0,0,0,0,328
48,90,TA-QTCID,0.0,1500,10500.0,1.0,237.4870759807527,0.0,0,0,0,0,0,0,0,0,367
49,91,TA-QTCID,0.0,1500,10500.0,0.997275204359673,236.7155001759529,1.0,1,0,0,1,0,0,0,0,367
50,92,TA-QTCID,0.0,1500,10500.0,0.997093023255814,231.5716614741832,1.0,1,0,0,1,0,0,0,0,344
51,93,TA-QTCID,0.0,1500,12000.0,0.9970414201183432,274.3644426614046,1.0,0,1,0,0,1,0,1,0,338
52,94,TA-QTCID,0.0,1500,13500.0,0.9942857142857143,270.1108837351203,2.0,2,0,0,2,0,0,0,0,350
53,95,TA-QTCID,0.0,1500,10500.0,1.0,238.2586517855525,0.0,0,0,0,0,0,0,0,0,370
54,96,TA-QTCID,0.0,1500,9000.0,0.9970238095238095,211.27328260615468,1.0,1,0,0,1,0,0,0,0,336
55,97,TA-QTCID,0.0,1500,10500.0,1.0,230.02850986644626,0.0,0,0,0,0,0,0,0,0,339
56,98,TA-QTCID,0.0,1500,10500.0,0.9971181556195965,232.6004292126745,1.0,1,0,0,1,0,0,0,0,347
57,99,TA-QTCID,0.0,1500,10500.0,1.0,230.8000856693834,0.0,0,0,0,0,0,0,0,0,343
58,100,TA-QTCID,0.0,1500,10500.0,1.0,227.45659051276743,0.0,0,0,0,0,0,0,0,0,328
59,101,TA-QTCID,0.0,1500,9000.0,1.0,210.75889873318374,0.0,0,0,0,0,0,0,0,0,335
60,102,TA-QTCID,0.0,1500,13500.0,1.0,275.7691063079983,0.0,0,0,0,0,0,0,0,0,372
61,103,TA-QTCID,0.0,1500,13500.0,1.0,268.5677321255207,0.0,0,0,0,0,0,0,0,0,345
62,104,TA-QTCID,0.0,1500,12000.0,1.0,249.81250486522913,0.0,0,0,0,0,0,0,0,0,345
63,105,TA-QTCID,0.0,1500,10500.0,1.0,233.11481308750808,0.0,0,0,0,0,0,0,0,0,350
64,106,TA-QTCID,0.0,1500,13500.0,1.0,273.1971869561821,0.0,0,0,0,0,0,0,0,0,362
65,107,TA-QTCID,0.0,1500,10500.0,0.9973262032085561,238.515843719244,1.0,0,1,0,0,1,0,0,0,374
66,108,TA-QTCID,0.0,1500,13500.0,1.0,280.6557530704886,0.0,0,0,0,0,0,0,0,0,396
67,109,TA-QTCID,0.0,1500,13500.0,0.9975550122249389,309.06556988693774,1.0,0,1,0,0,1,0,1,0,409
68,110,TA-QTCID,0.0,1500,9000.0,0.9967320261437909,203.3003326188773,1.0,0,1,0,0,1,0,0,0,306
69,111,TA-QTCID,0.0,1500,10500.0,1.0,230.54289373382926,0.0,0,0,0,0,0,0,0,0,339
70,112,TA-QTCID,0.0,1500,10500.0,1.0,237.22988404333591,0.0,0,0,0,0,0,0,0,0,368
71,113,TA-QTCID,0.0,1500,10500.0,1.0,236.20111630298197,0.0,0,0,0,0,0,0,0,0,365
72,114,TA-QTCID,0.0,1500,12000.0,1.0,250.32688873447478,0.0,0,0,0,0,0,0,0,0,351
73,115,TA-QTCID,0.0,1500,12000.0,0.9974160206718347,260.35737419873476,1.0,1,0,0,1,0,0,0,0,387
74,116,TA-QTCID,0.0,1500,10500.0,1.0,235.42954050190747,0.0,0,0,0,0,0,0,0,0,361
75,117,TA-QTCID,0.0,1500,15000.0,1.0,301.7257077470422,0.0,0,0,0,0,0,0,0,0,405
76,118,TA-QTCID,0.0,1500,12000.0,1.0,241.8395548798144,0.0,0,0,0,0,0,0,0,0,310
77,119,TA-QTCID,0.0,1500,16500.0,1.0,296.3246771078557,0.0,0,0,0,0,0,0,0,0,389
78,120,TA-QTCID,0.0,1500,12000.0,0.9973333333333333,256.75668711028993,1.0,1,0,0,1,0,0,0,0,375
79,121,TA-QTCID,0.0,1500,12000.0,0.9972527472527473,254.4419596977532,1.0,0,1,0,0,1,0,0,0,364
0,42,Q-TCID,0.25,50,15900.0,0.9983769997681429,5958.820590041578,14.0,14,0,0,14,0,0,0,0,0
1,43,Q-TCID,0.25,50,14550.0,0.9984334203655353,6813.192414106801,15.0,14,1,0,14,1,0,1,0,0
2,44,Q-TCID,0.25,50,14850.0,0.9981214777708203,6095.310371560976,15.0,15,0,0,15,0,0,0,0,0
3,45,Q-TCID,0.25,50,11150.0,0.9990418014133429,5657.134450286627,8.0,8,0,0,8,0,0,0,0,0
4,46,Q-TCID,0.25,50,14850.0,0.9990252355680711,6575.824042117223,9.0,9,0,0,9,0,0,0,0,0
5,47,Q-TCID,0.25,50,16050.0,0.9994334919555857,6152.07065317966,5.0,5,0,0,5,0,0,0,0,0
6,48,Q-TCID,0.25,50,11650.0,0.9991136996708028,5629.773185202852,7.0,7,0,0,7,0,0,0,0,0
7,49,Q-TCID,0.25,50,12250.0,0.9981594386287818,5674.702637843788,16.0,15,1,0,15,1,0,0,0,0
8,50,Q-TCID,0.25,50,16050.0,0.9989689540611754,6286.661171173677,9.0,9,0,0,9,0,0,0,0,0
9,51,Q-TCID,0.25,50,12750.0,0.9993670218377466,6639.093258107081,6.0,6,0,0,6,0,0,0,0,0
10,52,Q-TCID,0.25,50,13650.0,0.9990972692394493,6533.585212722421,8.0,8,0,0,8,0,0,0,0,0
11,53,Q-TCID,0.25,50,11700.0,0.9976300013941168,5159.685680007562,17.0,17,0,0,17,0,0,0,0,0
12,54,Q-TCID,0.25,50,13350.0,0.9983917288914417,5713.241860110313,14.0,14,0,0,14,0,0,0,0,0
13,55,Q-TCID,0.25,50,12900.0,0.9985181193587498,5082.171987585723,11.0,11,0,0,11,0,0,0,0,0
14,56,Q-TCID,0.25,50,12950.0,0.9983531796300988,6249.170500662178,13.0,13,0,0,13,0,0,0,0,0
15,57,Q-TCID,0.25,50,12950.0,0.997876213592233,5098.889463374391,14.0,13,1,0,13,1,0,0,0,0
16,58,Q-TCID,0.25,50,14850.0,0.9993205752462915,6472.432884244248,6.0,6,0,0,6,0,0,0,0,0
17,59,Q-TCID,0.25,50,13900.0,0.9984084880636604,5917.551176454872,12.0,11,1,0,11,1,0,1,0,0
18,60,Q-TCID,0.25,50,13900.0,0.9980416156670746,6674.684665119275,16.0,16,0,0,16,0,0,0,0,0
19,61,Q-TCID,0.25,50,13400.0,0.9983548468742091,6304.407414721325,13.0,13,0,0,13,0,0,0,0,0
20,62,Q-TCID,0.25,50,15100.0,0.9988893824966681,7137.353172177449,10.0,10,0,0,10,0,0,0,0,0
21,63,Q-TCID,0.25,50,14300.0,0.9989161066551051,7158.996862726286,10.0,10,0,0,10,0,0,0,0,0
22,64,Q-TCID,0.25,50,10650.0,0.999137311286844,5351.788271443918,6.0,6,0,0,6,0,0,0,0,0
23,65,Q-TCID,0.25,50,12100.0,0.9979912560557722,6129.615818865597,17.0,17,0,0,17,0,0,0,0,0
24,66,Q-TCID,0.25,50,11500.0,0.9977606369743718,5913.950489377603,18.0,17,1,0,17,1,0,0,0,0
25,67,Q-TCID,0.25,50,12750.0,0.9983584131326949,5265.826813178137,12.0,12,0,0,12,0,0,0,0,0
26,68,Q-TCID,0.25,50,16050.0,0.9985986219782786,6828.940474161878,12.0,11,1,0,11,1,0,0,0,0
27,69,Q-TCID,0.25,50,10900.0,0.9990856097839753,5803.061197401956,8.0,7,1,0,7,1,0,1,0,0
28,70,Q-TCID,0.25,50,15850.0,0.9984691088026244,7599.052263524383,14.0,13,1,0,13,1,0,0,0,0
29,71,Q-TCID,0.25,50,15300.0,0.9984905660377359,6346.052724190056,14.0,13,1,0,13,1,0,1,0,0
30,72,Q-TCID,0.25,50,12950.0,0.9984831247629883,6288.995682617649,12.0,11,1,0,11,1,0,0,0,0
31,73,Q-TCID,0.25,50,15050.0,0.9990121017535194,6372.543493524194,8.0,8,0,0,8,0,0,0,0,0
32,74,Q-TCID,0.25,50,13250.0,0.9987654320987654,5220.838008528575,10.0,10,0,0,10,0,0,0,0,0
33,75,Q-TCID,0.25,50,9700.0,0.9988287350338365,5415.195975420997,9.0,9,0,0,9,0,0,0,0,0
34,76,Q-TCID,0.25,50,16050.0,0.9989709581522982,6539.203867383301,9.0,9,0,0,9,0,0,0,0,0
35,77,Q-TCID,0.25,50,10000.0,0.9978419206905854,5328.027693465352,16.0,16,0,0,16,0,0,0,0,0
36,78,Q-TCID,0.25,50,12200.0,0.9976902348261261,5744.579708170146,18.0,18,0,0,18,0,0,0,0,0
37,79,Q-TCID,0.25,50,12050.0,0.9986067131095631,5841.719123637304,11.0,11,0,0,11,0,0,0,0,0
38,80,Q-TCID,0.25,50,16050.0,0.9984354045596782,6998.865207169205,14.0,13,1,0,13,1,0,0,0,0
39,81,Q-TCID,0.25,50,15600.0,0.9989260143198091,6445.071619167924,9.0,9,0,0,9,0,0,0,0,0
40,82,Q-TCID,0.25,50,12900.0,0.9994460447595834,6682.123447258025,5.0,5,0,0,5,0,0,0,0,0
41,83,Q-TCID,0.25,50,14400.0,0.9985339197654272,5049.567963818088,11.0,11,0,0,11,0,0,0,0,0
42,84,Q-TCID,0.25,50,16050.0,0.9985495780590717,5318.570943830535,11.0,11,0,0,11,0,0,0,0,0
43,85,Q-TCID,0.25,50,16050.0,0.9988621997471555,6430.550166837871,9.0,9,0,0,9,0,0,0,0,0
44,86,Q-TCID,0.25,50,11550.0,0.9987916219119226,5372.225138286129,9.0,9,0,0,9,0,0,0,0,0
45,87,Q-TCID,0.25,50,10000.0,0.997558874210224,4591.865239499137,17.0,17,0,0,17,0,0,0,0,0
46,88,Q-TCID,0.25,50,10650.0,0.9976362442547604,5627.8937056697905,18.0,18,0,0,18,0,0,0,0,0
47,89,Q-TCID,0.25,50,10450.0,0.998414166776794,5278.745761923492,12.0,12,0,0,12,0,0,0,0,0
48,90,Q-TCID,0.25,50,16050.0,0.9985628429579305,5655.650650631636,11.0,11,0,0,11,0,0,0,0,0
49,91,Q-TCID,0.25,50,16050.0,0.9987416107382551,5189.737568411976,9.0,9,0,0,9,0,0,0,0,0
50,92,Q-TCID,0.25,50,11400.0,0.9984470040119063,5426.255228631198,12.0,12,0,0,12,0,0,0,0,0
51,93,Q-TCID,0.25,50,10400.0,0.9980879541108987,5616.142012633383,15.0,14,1,0,14,1,0,0,0,0
52,94,Q-TCID,0.25,50,11700.0,0.9990372713519461,5450.787382416427,7.0,7,0,0,7,0,0,0,0,0
53,95,Q-TCID,0.25,50,12950.0,0.9993394980184941,6041.755097059533,5.0,5,0,0,5,0,0,0,0,0
54,96,Q-TCID,0.25,50,11450.0,0.999507631708518,5829.710238669068,4.0,4,0,0,4,0,0,0,0,0
55,97,Q-TCID,0.25,50,15350.0,0.9988787980715327,6707.783288760111,10.0,10,0,0,10,0,0,0,0,0
56,98,Q-TCID,0.25,50,13500.0,0.9987546699875467,5652.188451550901,9.0,9,0,0,9,0,0,0,0,0
57,99,Q-TCID,0.25,50,8750.0,0.9976683182745555,4441.546445492655,16.0,16,0,0,16,0,0,0,0,0
58,100,Q-TCID,0.25,50,12800.0,0.9985144554908011,6274.592934250832,13.0,13,0,0,13,0,0,0,0,0
59,101,Q-TCID,0.25,50,12200.0,0.9986620283649986,5946.1588332392275,10.0,10,0,0,10,0,0,0,0,0
60,102,Q-TCID,0.25,50,12150.0,0.9988840669559826,6222.244483448565,9.0,9,0,0,9,0,0,0,0,0
61,103,Q-TCID,0.25,50,16050.0,0.998650016874789,6203.726664137095,12.0,12,0,0,12,0,0,0,0,0
62,104,Q-TCID,0.25,50,13150.0,0.997842913335871,6086.288869837299,17.0,17,0,0,17,0,0,0,0,0
63,105,Q-TCID,0.25,50,12550.0,0.998417095370004,6009.131289284676,12.0,12,0,0,12,0,0,0,0,0
64,106,Q-TCID,0.25,50,11550.0,0.9983345229597906,5902.238364337012,14.0,14,0,0,14,0,0,0,0,0
65,107,Q-TCID,0.25,50,13100.0,0.9983473175692855,5656.995962318033,13.0,13,0,0,13,0,0,0,0,0
66,108,Q-TCID,0.25,50,12350.0,0.9990092879256965,5842.431347457692,9.0,6,2,1,6,2,1,1,0,0
67,109,Q-TCID,0.25,50,16050.0,0.9995755968169762,7032.913462564349,4.0,4,0,0,4,0,0,0,0,0
68,110,Q-TCID,0.25,50,14200.0,0.998324958123953,6268.143351847306,13.0,13,0,0,13,0,0,0,0,0
69,111,Q-TCID,0.25,50,13400.0,0.9983063150254052,6380.298819549382,14.0,14,0,0,14,0,0,0,0,0
70,112,Q-TCID,0.25,50,12900.0,0.9988147445774564,6247.014045191929,10.0,10,0,0,10,0,0,0,0,0
71,113,Q-TCID,0.25,50,11600.0,0.9991997256202126,5741.770380876958,7.0,7,0,0,7,0,0,0,0,0
72,114,Q-TCID,0.25,50,10100.0,0.9989502689935704,5062.190152632073,8.0,8,0,0,8,0,0,0,0,0
73,115,Q-TCID,0.25,50,9800.0,0.9992436657002395,5372.878010120243,6.0,6,0,0,6,0,0,0,0,0
74,116,Q-TCID,0.25,50,13500.0,0.9981935483870967,6283.040700135753,14.0,14,0,0,14,0,0,0,0,0
75,117,Q-TCID,0.25,50,13400.0,0.9986805805445604,5874.362715378404,12.0,11,0,1,11,0,1,1,0,0
76,118,Q-TCID,0.25,50,13100.0,0.9984346779048766,6478.961602600291,13.0,13,0,0,13,0,0,0,0,0
77,119,Q-TCID,0.25,50,14700.0,0.9984331281477337,7225.965685777366,14.0,14,0,0,14,0,0,0,0,0
78,120,Q-TCID,0.25,50,11300.0,0.99875,5567.374464949593,10.0,9,1,0,9,1,0,0,0,0
79,121,Q-TCID,0.25,50,12000.0,0.9988142292490119,5753.146178007126,10.0,9,0,1,9,0,1,1,0,0
0,42,TA-QTCID,0.25,50,12200.0,0.9972956730769231,6126.865843620151,18.0,18,0,0,18,0,0,0,0,6656
1,43,TA-QTCID,0.25,50,10200.0,0.9982671287656625,5619.960323708132,13.0,13,0,0,13,0,0,0,0,7502
2,44,TA-QTCID,0.25,50,10550.0,0.998661311914324,5694.6646887827665,10.0,10,0,0,10,0,0,0,0,7470
3,45,TA-QTCID,0.25,50,13450.0,0.998750567923671,7114.759849926457,11.0,11,0,0,11,0,0,0,0,8804
4,46,TA-QTCID,0.25,50,10350.0,0.9989542179874507,5906.92717114836,9.0,9,0,0,9,0,0,0,0,8606
5,47,TA-QTCID,0.25,50,10450.0,0.9979396615158205,5540.903479697183,14.0,14,0,0,14,0,0,0,0,6795
6,48,TA-QTCID,0.25,50,12000.0,0.9985431589170815,6448.434898322448,12.0,12,0,0,12,0,0,0,0,8237
7,49,TA-QTCID,0.25,50,10800.0,0.9982767762460233,5808.758987968788,13.0,13,0,0,13,0,0,0,0,7544
8,50,TA-QTCID,0.25,50,12000.0,0.9985169974903034,6547.196601347998,13.0,13,0,0,13,0,0,0,0,8766
9,51,TA-QTCID,0.25,50,9400.0,0.9980350877192983,5217.5142974015325,14.0,14,0,0,14,0,0,0,0,7125
10,52,TA-QTCID,0.25,50,10450.0,0.9983471074380166,5754.3727856986225,13.0,13,0,0,13,0,0,0,0,7865
11,53,TA-QTCID,0.25,50,11900.0,0.9981429897864438,6237.319887669757,14.0,14,0,0,14,0,0,0,0,7539
12,54,TA-QTCID,0.25,50,13150.0,0.9981990995497749,7272.280018089339,18.0,18,0,0,18,0,0,0,0,9995
13,55,TA-QTCID,0.25,50,10500.0,0.9982930992440868,5877.033554725349,14.0,14,0,0,14,0,0,0,0,8202
14,56,TA-QTCID,0.25,50,12150.0,0.9990563812219864,6564.487812967971,8.0,7,1,0,7,1,0,1,0,8478
15,57,TA-QTCID,0.25,50,9100.0,0.9985087610289549,5330.283068889752,12.0,12,0,0,12,0,0,0,0,8047
16,58,TA-QTCID,0.25,50,9700.0,0.9988143854564616,5420.577222082764,9.0,9,0,0,9,0,0,0,0,7591
17,59,TA-QTCID,0.25,50,12550.0,0.9988609036830781,6557.009462893009,9.0,9,0,0,9,0,0,0,0,7901
18,60,TA-QTCID,0.25,50,13900.0,0.9987838988203819,7094.263631079346,10.0,10,0,0,10,0,0,0,0,8223
19,61,TA-QTCID,0.25,50,12750.0,0.9988465974625144,6799.976705458015,10.0,10,0,0,10,0,0,0,0,8670
20,62,TA-QTCID,0.25,50,14450.0,0.9994546842621878,7528.44318539463,5.0,5,0,0,5,0,0,0,0,9169
21,63,TA-QTCID,0.25,50,11750.0,0.9991212653778558,6273.386110557243,7.0,7,0,0,7,0,0,0,0,7966
22,64,TA-QTCID,0.25,50,11000.0,0.9983010977522216,5921.072727577761,13.0,13,0,0,13,0,0,0,0,7652
23,65,TA-QTCID,0.25,50,12200.0,0.998392799742848,6762.644306886941,15.0,15,0,0,15,0,0,0,0,9333
24,66,TA-QTCID,0.25,50,11850.0,0.9984859954579863,6356.914137443528,13.0,11,1,1,11,1,1,2,1,7925
25,67,TA-QTCID,0.25,50,14800.0,0.9987457240592931,7533.191344097257,11.0,11,0,0,11,0,0,0,0,8770
26,68,TA-QTCID,0.25,50,14750.0,0.9986768111147867,7614.226587668061,12.0,12,0,0,12,0,0,0,0,9069
27,69,TA-QTCID,0.25,50,11350.0,0.9984161793372319,6200.244681045413,13.0,13,0,0,13,0,0,0,0,8208
28,70,TA-QTCID,0.25,50,12800.0,0.9988649262202043,6911.578221285716,10.0,10,0,0,10,0,0,0,0,8810
29,71,TA-QTCID,0.25,50,8600.0,0.9987799918666125,4970.412199849263,9.0,9,0,0,9,0,0,0,0,7377
30,72,TA-QTCID,0.25,50,8750.0,0.9984501669051026,5288.756463386118,13.0,13,0,0,13,0,0,0,0,8388
31,73,TA-QTCID,0.25,50,9150.0,0.998639455782313,5157.173112621531,10.0,10,0,0,10,0,0,0,0,7350
32,74,TA-QTCID,0.25,50,11000.0,0.9992928697701827,6130.6841546185315,6.0,6,0,0,6,0,0,0,0,8485
33,75,TA-QTCID,0.25,50,11600.0,0.9984217554935049,6264.186552878469,13.0,13,0,0,13,0,0,0,0,8237
34,76,TA-QTCID,0.25,50,14750.0,0.9981306227363009,7515.207692693919,16.0,16,0,0,16,0,0,0,0,8559
35,77,TA-QTCID,0.25,50,10600.0,0.9990867579908675,6050.598542848602,8.0,8,0,0,8,0,0,0,0,8760
36,78,TA-QTCID,0.25,50,10150.0,0.9986779481755684,5573.171175470576,10.0,10,0,0,10,0,0,0,0,7564
37,79,TA-QTCID,0.25,50,12250.0,0.9993824110671937,6495.659294394776,5.0,5,0,0,5,0,0,0,0,8096
38,80,TA-QTCID,0.25,50,10450.0,0.9989759344598055,5744.59949218668,8.0,8,0,0,8,0,0,0,0,7812
39,81,TA-QTCID,0.25,50,11900.0,0.9978905425993203,6451.817961437628,18.0,18,0,0,18,0,0,0,0,8533
40,82,TA-QTCID,0.25,50,10550.0,0.9984640702139331,6107.457744473591,14.0,14,0,0,14,0,0,0,0,9115
41,83,TA-QTCID,0.25,50,10900.0,0.9985119047619048,5974.093834161758,12.0,12,0,0,12,0,0,0,0,8064
42,84,TA-QTCID,0.25,50,10050.0,0.9990822079454569,5573.210743516684,7.0,7,0,0,7,0,0,0,0,7627
43,85,TA-QTCID,0.25,50,13500.0,0.9992186736986034,7459.120066894218,8.0,8,0,0,8,0,0,0,0,10239
44,86,TA-QTCID,0.25,50,11600.0,0.9989801121876594,6169.539920788258,8.0,8,0,0,8,0,0,0,0,7844
45,87,TA-QTCID,0.25,50,13650.0,0.9991996341184541,7130.883805800229,7.0,7,0,0,7,0,0,0,0,8746
46,88,TA-QTCID,0.25,50,13850.0,0.999377877317407,7104.313900601119,5.0,5,0,0,5,0,0,0,0,8037
47,89,TA-QTCID,0.25,50,11750.0,0.9983335647826691,6103.639433501288,12.0,12,0,0,12,0,0,0,0,7201
48,90,TA-QTCID,0.25,50,9600.0,0.9984941820670773,5310.281449923292,11.0,10,1,0,10,1,0,0,0,7305
49,91,TA-QTCID,0.25,50,10150.0,0.9982576062190055,5546.680406173691,13.0,13,0,0,13,0,0,0,0,7461
50,92,TA-QTCID,0.25,50,11500.0,0.9987595850248083,6430.886494748294,11.0,11,0,0,11,0,0,0,0,8868
51,93,TA-QTCID,0.25,50,10700.0,0.9985044187627464,5727.268712572753,11.0,11,0,0,11,0,0,0,0,7355
52,94,TA-QTCID,0.25,50,10250.0,0.9984408731110578,5810.262571578845,13.0,13,0,0,13,0,0,0,0,8338
53,95,TA-QTCID,0.25,50,11250.0,0.9987483049963493,6491.168327495456,12.0,12,0,0,12,0,0,0,0,9587
54,96,TA-QTCID,0.25,50,8900.0,0.9991776315789473,5081.657603748143,6.0,5,1,0,5,1,0,0,0,7296
55,97,TA-QTCID,0.25,50,10050.0,0.9991646944173743,5469.305201768875,6.0,6,0,0,6,0,0,0,0,7183
56,98,TA-QTCID,0.25,50,9350.0,0.9985467036596645,5306.265298968181,11.0,11,0,0,11,0,0,0,0,7569
57,99,TA-QTCID,0.25,50,14300.0,0.9984085648148148,6980.940907776356,11.0,11,0,0,11,0,0,0,0,6912
58,100,TA-QTCID,0.25,50,11850.0,0.9990732159406858,6229.623913619667,7.0,7,0,0,7,0,0,0,0,7553
59,101,TA-QTCID,0.25,50,10850.0,0.9985560514570754,5882.414801349863,12.0,11,0,1,11,0,1,1,1,7617
60,102,TA-QTCID,0.25,50,10850.0,0.9988159452703592,5839.85942813009,9.0,9,0,0,9,0,0,0,0,7601
61,103,TA-QTCID,0.25,50,9050.0,0.9987151484003598,5240.800059482455,10.0,10,0,0,10,0,0,0,0,7783
62,104,TA-QTCID,0.25,50,14100.0,0.999226433860095,7412.073726776987,7.0,7,0,0,7,0,0,0,0,9049
63,105,TA-QTCID,0.25,50,9650.0,0.9983094928478543,5432.170643135905,13.0,13,0,0,13,0,0,0,0,7690
64,106,TA-QTCID,0.25,50,12050.0,0.998470363288719,6356.34040158242,12.0,12,0,0,12,0,0,0,0,7845
65,107,TA-QTCID,0.25,50,9700.0,0.9986583729723137,5591.095474977046,11.0,11,0,0,11,0,0,0,0,8199
66,108,TA-QTCID,0.25,50,8900.0,0.9981141563992959,5231.6005018390715,15.0,15,0,0,15,0,0,0,0,7954
67,109,TA-QTCID,0.25,50,9950.0,0.9977540707467715,5419.963918231428,16.0,16,0,0,16,0,0,0,0,7124
68,110,TA-QTCID,0.25,50,13400.0,0.9985070913162478,6935.6355592068285,12.0,11,1,0,11,1,0,1,0,8038
69,111,TA-QTCID,0.25,50,12500.0,0.9986896962477665,6627.757028983906,11.0,11,0,0,11,0,0,0,0,8395
70,112,TA-QTCID,0.25,50,10950.0,0.9987873888439773,5867.85378107056,9.0,9,0,0,9,0,0,0,0,7422
71,113,TA-QTCID,0.25,50,11100.0,0.997573797007683,5925.009742572904,18.0,17,1,0,17,1,0,1,0,7419
72,114,TA-QTCID,0.25,50,11050.0,0.9991044441956789,6246.915125219151,8.0,8,0,0,8,0,0,0,0,8933
73,115,TA-QTCID,0.25,50,9900.0,0.998381638958364,5324.565494347364,11.0,11,0,0,11,0,0,0,0,6797
74,116,TA-QTCID,0.25,50,13350.0,0.9988851727982163,7088.565840534866,10.0,10,0,0,10,0,0,0,0,8970
75,117,TA-QTCID,0.25,50,10000.0,0.9990181104080297,5930.727317150682,9.0,9,0,0,9,0,0,0,0,9166
76,118,TA-QTCID,0.25,50,16050.0,0.9988273921200751,7955.5400694310665,10.0,10,0,0,10,0,0,0,0,8528
77,119,TA-QTCID,0.25,50,10250.0,0.9986078240289573,5515.263422133401,10.0,10,0,0,10,0,0,0,0,7183
78,120,TA-QTCID,0.25,50,11900.0,0.9983846918489065,6346.369268085808,13.0,13,0,0,13,0,0,0,0,8048
79,121,TA-QTCID,0.25,50,9300.0,0.9974667511082964,4955.989667469636,16.0,16,0,0,16,0,0,0,0,6316
0,42,Q-TCID,0.25,100,13600.0,0.9985556090515166,3220.873953992501,7.0,6,0,1,6,0,1,1,0,0
1,43,Q-TCID,0.25,100,16100.0,0.9982418441101778,4170.5254979766905,9.0,9,0,0,9,0,0,0,0,0
2,44,Q-TCID,0.25,100,14500.0,0.9983747387973068,3146.2685088403523,7.0,6,1,0,6,1,0,0,0,0
3,45,Q-TCID,0.25,100,13200.0,0.9988262910798122,3230.4098395798355,6.0,5,0,1,5,0,1,1,0,0
4,46,Q-TCID,0.25,100,16100.0,0.998570918185066,4045.550001554191,8.0,8,0,0,8,0,0,0,0,0
5,47,Q-TCID,0.25,100,13500.0,0.9993269015032533,3113.9414610210806,3.0,3,0,0,3,0,0,0,0,0
6,48,Q-TCID,0.25,100,15300.0,0.9987878787878788,3772.530870575458,6.0,6,0,0,6,0,0,0,0,0
7,49,Q-TCID,0.25,100,13200.0,0.9981739328920338,3165.3007120583206,8.0,8,0,0,8,0,0,0,0,0
8,50,Q-TCID,0.25,100,13200.0,0.998234106962664,2827.6077013704926,7.0,7,0,0,7,0,0,0,0,0
9,51,Q-TCID,0.25,100,9200.0,0.9989056087551299,2507.5620142724365,4.0,3,1,0,3,1,0,1,0,0
10,52,Q-TCID,0.25,100,16100.0,0.9992894362861203,3248.492411021143,3.0,3,0,0,3,0,0,0,0,0
11,53,Q-TCID,0.25,100,11800.0,0.9990291262135922,2867.729643240571,4.0,4,0,0,4,0,0,0,0,0
12,54,Q-TCID,0.25,100,11700.0,0.9991591339079252,3226.5519605558366,4.0,4,0,0,4,0,0,0,0,0
13,55,Q-TCID,0.25,100,13800.0,0.9983040067839729,3535.340554524213,8.0,8,0,0,8,0,0,0,0,0
14,56,Q-TCID,0.25,100,14100.0,0.9979452054794521,3235.9493581950665,9.0,9,0,0,9,0,0,0,0,0
15,57,Q-TCID,0.25,100,14500.0,0.9987364164771292,3198.0630077514797,5.0,5,0,0,5,0,0,0,0,0
16,58,Q-TCID,0.25,100,16100.0,0.9988518943742825,3449.8341281358153,5.0,4,1,0,4,1,0,1,0,0
17,59,Q-TCID,0.25,100,16100.0,0.9986847873739588,3211.8524522725493,6.0,6,0,0,6,0,0,0,0,0
18,60,Q-TCID,0.25,100,13400.0,0.9971098265895953,3159.5831374824047,12.0,12,0,0,12,0,0,0,0,0
19,61,Q-TCID,0.25,100,11000.0,0.9962511715089035,2923.5205091442913,16.0,16,0,0,16,0,0,0,0,0
20,62,Q-TCID,0.25,100,13700.0,0.9990150209308052,3207.0845094751567,4.0,4,0,0,4,0,0,0,0,0
21,63,Q-TCID,0.25,100,15800.0,0.9993913572732805,3253.062513852492,3.0,3,0,0,3,0,0,0,0,0
22,64,Q-TCID,0.25,100,13600.0,0.9977386934673367,3239.431341284886,9.0,9,0,0,9,0,0,0,0,0
23,65,Q-TCID,0.25,100,12500.0,0.9984909456740443,3025.6850593313575,6.0,6,0,0,6,0,0,0,0,0
24,66,Q-TCID,0.25,100,14300.0,0.998158379373849,2960.7935557272285,8.0,7,1,0,7,1,0,0,0,0
25,67,Q-TCID,0.25,100,12400.0,0.9976426214049976,3040.918735470623,10.0,10,0,0,10,0,0,0,0,0
26,68,Q-TCID,0.25,100,11500.0,0.9978084593469209,3052.57150853239,10.0,10,0,0,10,0,0,0,0,0
27,69,Q-TCID,0.25,100,13600.0,0.9994555353901996,3711.4378940146416,3.0,2,1,0,2,1,0,1,0,0
28,70,Q-TCID,0.25,100,13300.0,0.9979407979407979,2860.468917082995,8.0,8,0,0,8,0,0,0,0,0
29,71,Q-TCID,0.25,100,16100.0,0.9990654205607477,4052.672239763662,5.0,5,0,0,5,0,0,0,0,0
30,72,Q-TCID,0.25,100,11900.0,0.997837578087458,2559.4554331488907,9.0,9,0,0,9,0,0,0,0,0
31,73,Q-TCID,0.25,100,15500.0,0.9976976208749041,3051.5031727962196,9.0,6,3,0,6,3,0,1,0,0
32,74,Q-TCID,0.25,100,13100.0,0.9991532599491956,3448.508600452915,4.0,4,0,0,4,0,0,0,0,0
33,75,Q-TCID,0.25,100,10000.0,0.9988505747126437,2401.77699300088,4.0,4,0,0,4,0,0,0,0,0
34,76,Q-TCID,0.25,100,13000.0,0.9978401727861771,3300.247341921553,10.0,10,0,0,10,0,0,0,0,0
35,77,Q-TCID,0.25,100,15500.0,0.9974400744705608,3665.3609696626663,11.0,10,1,0,10,1,0,1,0,0
36,78,Q-TCID,0.25,100,10900.0,0.9984387197501952,2707.8551796525717,6.0,5,1,0,5,1,0,0,0,0
37,79,Q-TCID,0.25,100,11300.0,0.9984371511498102,3030.967385990545,7.0,7,0,0,7,0,0,0,0,0
38,80,Q-TCID,0.25,100,12400.0,0.9979349509550852,2963.9985629227012,8.0,8,0,0,8,0,0,0,0,0
39,81,Q-TCID,0.25,100,13800.0,0.9982750123213405,2958.142500402406,7.0,7,0,0,7,0,0,0,0,0
40,82,Q-TCID,0.25,100,12900.0,0.9990321800145173,2853.346678864211,4.0,4,0,0,4,0,0,0,0,0
41,83,Q-TCID,0.25,100,16100.0,0.9981060606060606,3739.333326973021,9.0,9,0,0,9,0,0,0,0,0
42,84,Q-TCID,0.25,100,13000.0,0.9984848484848485,3386.3077201619744,7.0,7,0,0,7,0,0,0,0,0
43,85,Q-TCID,0.25,100,11000.0,0.998408005458267,2850.3395116254687,7.0,7,0,0,7,0,0,0,0,0
44,86,Q-TCID,0.25,100,10800.0,0.999029361805387,2804.678051183,5.0,4,0,1,4,0,1,1,0,0
45,87,Q-TCID,0.25,100,13100.0,0.9979811574697174,3167.3780315183103,9.0,9,0,0,9,0,0,0,0,0
46,88,Q-TCID,0.25,100,12100.0,0.9982681840672935,2776.762834230438,7.0,7,0,0,7,0,0,0,0,0
47,89,Q-TCID,0.25,100,9000.0,0.9992416582406471,2524.2003540638834,3.0,3,0,0,3,0,0,0,0,0
48,90,Q-TCID,0.25,100,14400.0,0.9984234234234234,3233.654414748773,7.0,7,0,0,7,0,0,0,0,0
49,91,Q-TCID,0.25,100,11500.0,0.9988953327809997,2703.9379486478865,4.0,4,0,0,4,0,0,0,0,0
50,92,Q-TCID,0.25,100,11100.0,0.9977755808205635,2635.97992580384,9.0,9,0,0,9,0,0,0,0,0
51,93,Q-TCID,0.25,100,15400.0,0.9984520123839009,3502.9145867191255,7.0,6,1,0,6,1,0,0,0,0
52,94,Q-TCID,0.25,100,10000.0,0.9985454545454545,2734.8009808380157,7.0,6,0,1,6,0,1,1,0,0
53,95,Q-TCID,0.25,100,14700.0,0.9989613087509738,3507.603393515572,4.0,4,0,0,4,0,0,0,0,0
54,96,Q-TCID,0.25,100,16100.0,0.9986190570132176,4033.5806846041232,7.0,7,0,0,7,0,0,0,0,0
55,97,Q-TCID,0.25,100,13000.0,0.9984642387011847,3441.267658304423,7.0,7,0,0,7,0,0,0,0,0
56,98,Q-TCID,0.25,100,11900.0,0.9973772055317119,3064.026441620663,11.0,11,0,0,11,0,0,0,0,0
57,99,Q-TCID,0.25,100,10000.0,0.9976120986999204,2653.3700574189425,9.0,9,0,0,9,0,0,0,0,0
58,100,Q-TCID,0.25,100,13500.0,0.9992019154030327,3203.5036063864827,4.0,4,0,0,4,0,0,0,0,0
59,101,Q-TCID,0.25,100,10600.0,0.9972914409534128,2641.1633324958384,10.0,8,2,0,8,2,0,1,0,0
60,102,Q-TCID,0.25,100,12900.0,0.9973834443387251,3208.410037137568,11.0,11,0,0,11,0,0,0,0,0
61,103,Q-TCID,0.25,100,12300.0,0.9980024968789014,2767.2467326298356,8.0,8,0,0,8,0,0,0,0,0
62,104,Q-TCID,0.25,100,13200.0,0.9975336322869955,3327.430551055819,11.0,11,0,0,11,0,0,0,0,0
63,105,Q-TCID,0.25,100,13100.0,0.9986101459346769,3308.3785638809204,6.0,6,0,0,6,0,0,0,0,0
64,106,Q-TCID,0.25,100,16100.0,0.9985720114239086,3901.9973338525742,7.0,7,0,0,7,0,0,0,0,0
65,107,Q-TCID,0.25,100,10600.0,0.9975636166756903,2722.712959893048,9.0,9,0,0,9,0,0,0,0,0
66,108,Q-TCID,0.25,100,12100.0,0.9992555831265508,2968.6675857249647,3.0,3,0,0,3,0,0,0,0,0
67,109,Q-TCID,0.25,100,12200.0,0.9988276670574443,3036.7047445215285,5.0,4,1,0,4,1,0,1,0,0
68,110,Q-TCID,0.25,100,13900.0,0.9991867714827867,3022.7768120449036,3.0,3,0,0,3,0,0,0,0,0
69,111,Q-TCID,0.25,100,12900.0,0.9977197871801368,2557.3385456874967,9.0,9,0,0,9,0,0,0,0,0
70,112,Q-TCID,0.25,100,11200.0,0.9991442019683354,3152.025651399046,4.0,4,0,0,4,0,0,0,0,0
71,113,Q-TCID,0.25,100,13600.0,0.9977762953079831,3124.2291384227574,10.0,10,0,0,10,0,0,0,0,0
72,114,Q-TCID,0.25,100,16100.0,0.9995882231830348,4011.976562079042,2.0,0,2,0,0,2,0,2,0,0
73,115,Q-TCID,0.25,100,15000.0,0.998587855557797,3508.4343213178217,7.0,7,0,0,7,0,0,0,0,0
74,116,Q-TCID,0.25,100,14100.0,0.9987503124218945,3103.0206957962364,5.0,5,0,0,5,0,0,0,0,0
75,117,Q-TCID,0.25,100,16000.0,0.9978868278938718,3169.376214997843,9.0,9,0,0,9,0,0,0,0,0
76,118,Q-TCID,0.25,100,13600.0,0.9977386934673367,3168.525503212586,9.0,9,0,0,9,0,0,0,0,0
77,119,Q-TCID,0.25,100,16100.0,0.9982847341337907,2839.9726982600987,7.0,7,0,0,7,0,0,0,0,0
78,120,Q-TCID,0.25,100,11200.0,0.9969000258331181,2839.1417704764754,12.0,12,0,0,12,0,0,0,0,0
79,121,Q-TCID,0.25,100,12800.0,0.996608253250424,2363.514746664092,12.0,12,0,0,12,0,0,0,0,0
0,42,TA-QTCID,0.25,100,10800.0,0.9991264468224503,3112.4378773868084,4.0,4,0,0,4,0,0,0,0,4579
1,43,TA-QTCID,0.25,100,13200.0,0.9986862272826801,3587.115269448608,6.0,5,1,0,5,1,0,1,0,4567
2,44,TA-QTCID,0.25,100,12000.0,0.9974728329542583,3181.899483848363,10.0,10,0,0,10,0,0,0,0,3957
3,45,TA-QTCID,0.25,100,10600.0,0.9979813272773151,2931.414323158562,8.0,8,0,0,8,0,0,0,0,3963
4,46,TA-QTCID,0.25,100,14700.0,0.9980449657869013,3691.3769230917096,8.0,8,0,0,8,0,0,0,0,4092
5,47,TA-QTCID,0.25,100,13700.0,0.9991264468224503,3631.649042148143,4.0,4,0,0,4,0,0,0,0,4579
6,48,TA-QTCID,0.25,100,11000.0,0.9992412746585736,3021.4710683953017,4.0,3,0,1,3,0,1,1,1,3953
7,49,TA-QTCID,0.25,100,10400.0,0.9990697674418605,2972.3474087938666,4.0,4,0,0,4,0,0,0,0,4300
8,50,TA-QTCID,0.25,100,11900.0,0.9985126425384234,3198.1223597619683,6.0,6,0,0,6,0,0,0,0,4034
9,51,TA-QTCID,0.25,100,15200.0,0.9992990654205608,3860.7674883008003,3.0,3,0,0,3,0,0,0,0,4280
10,52,TA-QTCID,0.25,100,12700.0,0.9974329054842473,3410.919009987265,11.0,11,0,0,11,0,0,0,0,4285
11,53,TA-QTCID,0.25,100,15100.0,0.9982851018220793,3928.943135045469,8.0,8,0,0,8,0,0,0,0,4665
12,54,TA-QTCID,0.25,100,12200.0,0.9981541301338256,3327.430551080033,8.0,8,0,0,8,0,0,0,0,4334
13,55,TA-QTCID,0.25,100,13000.0,0.9976921301638587,3464.8699643425643,10.0,10,0,0,10,0,0,0,0,4333
14,56,TA-QTCID,0.25,100,10600.0,0.9987202457128231,2923.4413731768727,5.0,5,0,0,5,0,0,0,0,3907
15,57,TA-QTCID,0.25,100,12700.0,0.9991168028262309,3454.384446984157,4.0,4,0,0,4,0,0,0,0,4529
16,58,TA-QTCID,0.25,100,13100.0,0.9993166287015945,3490.8265657741576,3.0,3,0,0,3,0,0,0,0,4390
17,59,TA-QTCID,0.25,100,11400.0,0.9985822306238186,3142.410629827529,6.0,6,0,0,6,0,0,0,0,4232
18,60,TA-QTCID,0.25,100,12500.0,0.9984988741556167,3282.105418516323,6.0,6,0,0,6,0,0,0,0,3997
19,61,TA-QTCID,0.25,100,13500.0,0.9972514887769125,3565.8474748115987,12.0,12,0,0,12,0,0,0,0,4366
20,62,TA-QTCID,0.25,100,11600.0,0.99812734082397,3193.2950649671257,8.0,8,0,0,8,0,0,0,0,4272
21,63,TA-QTCID,0.25,100,13800.0,0.9991202990983066,3665.578593634069,4.0,4,0,0,4,0,0,0,0,4547
22,64,TA-QTCID,0.25,100,10200.0,0.9984021912805295,2961.5849155206233,7.0,7,0,0,7,0,0,0,0,4381
23,65,TA-QTCID,0.25,100,9300.0,0.9973714953271028,2549.4842996820807,9.0,9,0,0,9,0,0,0,0,3424
24,66,TA-QTCID,0.25,100,12900.0,0.998406691894045,3602.230241606012,8.0,8,0,0,8,0,0,0,0,5021
25,67,TA-QTCID,0.25,100,11900.0,0.9992980814225549,3254.704585455358,3.0,3,0,0,3,0,0,0,0,4274
26,68,TA-QTCID,0.25,100,13500.0,0.9990723562152134,3533.9556748494506,4.0,4,0,0,4,0,0,0,0,4312
27,69,TA-QTCID,0.25,100,12500.0,0.9983732279804788,3350.5184732247144,7.0,7,0,0,7,0,0,0,0,4303
28,70,TA-QTCID,0.25,100,10200.0,0.9981081081081081,2791.581046488136,7.0,7,0,0,7,0,0,0,0,3700
29,71,TA-QTCID,0.25,100,9200.0,0.9992050874403816,2624.3469367492944,3.0,3,0,0,3,0,0,0,0,3774
30,72,TA-QTCID,0.25,100,8600.0,0.999126383226558,2436.9727201033384,3.0,3,0,0,3,0,0,0,0,3434
31,73,TA-QTCID,0.25,100,12700.0,0.9982178217821782,3583.2376064136624,9.0,9,0,0,9,0,0,0,0,5050
32,74,TA-QTCID,0.25,100,9500.0,0.9980454434400196,2755.9698554873466,8.0,8,0,0,8,0,0,0,0,4093
33,75,TA-QTCID,0.25,100,12800.0,0.998867240598097,3445.105753324926,5.0,5,0,0,5,0,0,0,0,4414
34,76,TA-QTCID,0.25,100,13800.0,0.9982082866741321,3631.6292581874877,8.0,8,0,0,8,0,0,0,0,4465
35,77,TA-QTCID,0.25,100,14100.0,0.9972521665609808,3749.3638124093413,13.0,13,0,0,13,0,0,0,0,4731
36,78,TA-QTCID,0.25,100,12500.0,0.9979969954932398,3264.61636691913,8.0,8,0,0,8,0,0,0,0,3994
37,79,TA-QTCID,0.25,100,10000.0,0.9983744242752641,2751.241480687633,6.0,6,0,0,6,0,0,0,0,3691
38,80,TA-QTCID,0.25,100,10600.0,0.9987280590180616,2925.756100581959,5.0,5,0,0,5,0,0,0,0,3931
39,81,TA-QTCID,0.25,100,10000.0,0.9980566352026652,2736.0671565327793,7.0,7,0,0,7,0,0,0,0,3602
40,82,TA-QTCID,0.25,100,14100.0,0.9962509372656836,3591.1907724197954,15.0,15,0,0,15,0,0,0,0,4001
41,83,TA-QTCID,0.25,100,11600.0,0.9985372988785958,3163.717992460355,6.0,6,0,0,6,0,0,0,0,4102
42,84,TA-QTCID,0.25,100,12300.0,0.9977046671767407,3223.2480333819985,9.0,9,0,0,9,0,0,0,0,3921
43,85,TA-QTCID,0.25,100,11300.0,0.9978742787731552,2903.756298156455,7.0,7,0,0,7,0,0,0,0,3293
44,86,TA-QTCID,0.25,100,8900.0,0.9984110169491526,2572.967901742086,6.0,6,0,0,6,0,0,0,0,3776
45,87,TA-QTCID,0.25,100,12900.0,0.9978603904787376,3316.2328099180013,8.0,8,0,0,8,0,0,0,0,3739
46,88,TA-QTCID,0.25,100,14500.0,0.9975851891601825,3605.7715767566115,9.0,9,0,0,9,0,0,0,0,3727
47,89,TA-QTCID,0.25,100,10000.0,0.9967475606705029,2855.522918328643,13.0,12,1,0,12,1,0,1,0,3997
48,90,TA-QTCID,0.25,100,9100.0,0.9989756722151089,2637.997893296182,4.0,4,0,0,4,0,0,0,0,3905
49,91,TA-QTCID,0.25,100,11800.0,0.9982784062961141,3183.4822034426033,7.0,7,0,0,7,0,0,0,0,4066
50,92,TA-QTCID,0.25,100,12800.0,0.9993526111350884,3491.400301625952,3.0,3,0,0,3,0,0,0,0,4634
51,93,TA-QTCID,0.25,100,14200.0,0.9971465629053178,3555.9356933292,11.0,11,0,0,11,0,0,0,0,3855
52,94,TA-QTCID,0.25,100,14700.0,0.9990821477742083,3800.9406874310225,4.0,4,0,0,4,0,0,0,0,4358
53,95,TA-QTCID,0.25,100,14100.0,0.9989795918367347,3783.827531699091,5.0,5,0,0,5,0,0,0,0,4900
54,96,TA-QTCID,0.25,100,12100.0,0.9984632272228321,3349.5688414759934,7.0,6,1,0,6,1,0,0,0,4555
55,97,TA-QTCID,0.25,100,10000.0,0.9995102840352595,2844.602153081447,2.0,2,0,0,2,0,0,0,0,4084
56,98,TA-QTCID,0.25,100,13300.0,0.9992645256190242,3436.0051156282425,3.0,3,0,0,3,0,0,0,0,4079
57,99,TA-QTCID,0.25,100,11600.0,0.9986203724994251,3198.9532875306904,6.0,6,0,0,6,0,0,0,0,4349
58,100,TA-QTCID,0.25,100,10400.0,0.9987608426270136,2918.337102469057,5.0,5,0,0,5,0,0,0,0,4035
59,101,TA-QTCID,0.25,100,11700.0,0.9988495167970548,3235.1975663807243,5.0,5,0,0,5,0,0,0,0,4346
60,102,TA-QTCID,0.25,100,11600.0,0.9980787704130644,3162.946416640654,8.0,8,0,0,8,0,0,0,0,4164
61,103,TA-QTCID,0.25,100,10100.0,0.9987617632491332,2856.9275819845498,5.0,5,0,0,5,0,0,0,0,4038
62,104,TA-QTCID,0.25,100,11900.0,0.9978308026030369,3378.9085060581565,12.0,10,0,2,10,0,2,2,2,4608
63,105,TA-QTCID,0.25,100,15600.0,0.9987187700192185,4029.920645542443,6.0,6,0,0,6,0,0,0,0,4683
64,106,TA-QTCID,0.25,100,13300.0,0.9989295654035538,3621.697692723945,5.0,5,0,0,5,0,0,0,0,4671
65,107,TA-QTCID,0.25,100,11200.0,0.9986049755870727,3129.847793005407,6.0,6,0,0,6,0,0,0,0,4301
66,108,TA-QTCID,0.25,100,12800.0,0.9985059760956175,3335.0276051405817,6.0,6,0,0,6,0,0,0,0,4016
67,109,TA-QTCID,0.25,100,11500.0,0.9979161843019217,3177.3689489979297,9.0,8,1,0,8,1,0,0,0,4319
68,110,TA-QTCID,0.25,100,12500.0,0.9985855728429985,3329.6859264709055,6.0,5,1,0,5,1,0,0,0,4242
69,111,TA-QTCID,0.25,100,12100.0,0.9979784366576819,3328.2219108771533,9.0,9,0,0,9,0,0,0,0,4452
70,112,TA-QTCID,0.25,100,11000.0,0.9965699208443272,2955.2540371138602,13.0,13,0,0,13,0,0,0,0,3790
71,113,TA-QTCID,0.25,100,14300.0,0.99838023891476,3840.884573308751,8.0,8,0,0,8,0,0,0,0,4939
72,114,TA-QTCID,0.25,100,13000.0,0.9982795698924731,3534.8261706549674,8.0,8,0,0,8,0,0,0,0,4650
73,115,TA-QTCID,0.25,100,14900.0,0.9991005172026085,3854.1398499794304,4.0,4,0,0,4,0,0,0,0,4447
74,116,TA-QTCID,0.25,100,10400.0,0.999074502545118,2980.577550718561,4.0,4,0,0,4,0,0,0,0,4322
75,117,TA-QTCID,0.25,100,12300.0,0.9984540066993043,3206.530557617545,6.0,6,0,0,6,0,0,0,0,3881
76,118,TA-QTCID,0.25,100,10700.0,0.999008428358949,2960.971611674875,4.0,3,1,0,3,1,0,0,0,4034
77,119,TA-QTCID,0.25,100,11000.0,0.997832891885384,3088.0837795678526,9.0,7,2,0,7,2,0,1,0,4153
78,120,TA-QTCID,0.25,100,11700.0,0.9986316989737742,3236.226334117353,6.0,6,0,0,6,0,0,0,0,4385
79,121,TA-QTCID,0.25,100,15800.0,0.999179991799918,4107.810233838856,4.0,4,0,0,4,0,0,0,0,4878
0,42,Q-TCID,0.25,200,13800.0,0.9968916518650088,1597.201484337449,8.0,6,1,1,6,1,1,1,0,0
1,43,Q-TCID,0.25,200,16200.0,0.998286203941731,1795.5558182094246,4.0,3,1,0,3,1,0,1,0,0
2,44,Q-TCID,0.25,200,13600.0,0.9975728155339806,1416.1383620966226,5.0,3,2,0,3,2,0,0,0,0
3,45,Q-TCID,0.25,200,16000.0,0.9986922406277245,1866.303384333849,3.0,3,0,0,3,0,0,0,0,0
4,46,Q-TCID,0.25,200,16200.0,0.9995610184372257,1809.0089348200709,1.0,1,0,0,1,0,0,0,0,0
5,47,Q-TCID,0.25,200,11800.0,0.9985221674876847,1443.8755230847746,3.0,3,0,0,3,0,0,0,0,0
6,48,Q-TCID,0.25,200,16200.0,0.9992141453831042,1771.3204243406653,2.0,2,0,0,2,0,0,0,0,0
7,49,Q-TCID,0.25,200,13600.0,0.997534516765286,1319.2759225703776,5.0,5,0,0,5,0,0,0,0,0
8,50,Q-TCID,0.25,200,15000.0,0.9977053694355209,1588.5558785255998,5.0,5,0,0,5,0,0,0,0,0
9,51,Q-TCID,0.25,200,13200.0,0.9970617042115573,1525.464718459174,6.0,5,1,0,5,1,0,1,0,0
10,52,Q-TCID,0.25,200,13000.0,0.9985645933014354,1477.0334987081587,3.0,3,0,0,3,0,0,0,0,0
11,53,Q-TCID,0.25,200,14200.0,0.9969814575247952,1482.751073256135,7.0,6,1,0,6,1,0,0,0,0
12,54,Q-TCID,0.25,200,13800.0,0.9995539696699376,1728.844187071547,1.0,1,0,0,1,0,0,0,0,0
13,55,Q-TCID,0.25,200,12000.0,0.9987363100252739,1674.1612248830497,3.0,3,0,0,3,0,0,0,0,0
14,56,Q-TCID,0.25,200,12800.0,0.9975478175576263,1517.0960885845125,5.0,5,0,0,5,0,0,0,0,0
15,57,Q-TCID,0.25,200,10800.0,0.9980295566502463,1390.696144534275,4.0,4,0,0,4,0,0,0,0,0
16,58,Q-TCID,0.25,200,11600.0,0.9967213114754099,1549.3242164440453,8.0,7,1,0,7,1,0,0,0,0
17,59,Q-TCID,0.25,200,15800.0,0.9986288848263254,1732.6822821069509,3.0,3,0,0,3,0,0,0,0,0
18,60,Q-TCID,0.25,200,10800.0,0.9982245894363071,1518.9557841140777,4.0,4,0,0,4,0,0,0,0,0
19,61,Q-TCID,0.25,200,15800.0,0.9976580796252927,1996.007255550474,6.0,5,1,0,5,1,0,1,0,0
20,62,Q-TCID,0.25,200,13400.0,0.9986725663716814,1538.4825871828943,3.0,3,0,0,3,0,0,0,0,0
21,63,Q-TCID,0.25,200,16200.0,0.9979406919275123,1705.7760488968343,5.0,5,0,0,5,0,0,0,0,0
22,64,Q-TCID,0.25,200,12800.0,0.9979550102249489,1407.1168603803962,4.0,4,0,0,4,0,0,0,0,0
23,65,Q-TCID,0.25,200,10600.0,0.9985583853916387,1482.3158253766596,3.0,2,1,0,2,1,0,1,0,0
24,66,Q-TCID,0.25,200,12800.0,0.9982253771073647,1501.4865165296942,4.0,4,0,0,4,0,0,0,0,0
25,67,Q-TCID,0.25,200,10400.0,0.9984342379958246,1308.1968853827566,3.0,3,0,0,3,0,0,0,0,0
26,68,Q-TCID,0.25,200,14200.0,0.9961734693877551,1757.135299924761,9.0,9,0,0,9,0,0,0,0,0
27,69,Q-TCID,0.25,200,14600.0,0.9996039603960396,1854.8088832348585,1.0,1,0,0,1,0,0,0,0,0
28,70,Q-TCID,0.25,200,13000.0,0.9965669445806769,1481.6431695390493,7.0,7,0,0,7,0,0,0,0,0
29,71,Q-TCID,0.25,200,16200.0,0.9978568366909558,1688.939869146794,5.0,4,1,0,4,1,0,1,0,0
30,72,Q-TCID,0.25,200,13000.0,0.9988606152677554,1776.2268550861627,3.0,3,0,0,3,0,0,0,0,0
31,73,Q-TCID,0.25,200,13000.0,0.9962281942479962,1343.194772535935,8.0,8,0,0,8,0,0,0,0,0
32,74,Q-TCID,0.25,200,14800.0,0.9980384464495881,1896.4344087168574,5.0,5,0,0,5,0,0,0,0,0
33,75,Q-TCID,0.25,200,12400.0,0.9990029910269193,1402.249997612089,2.0,2,0,0,2,0,0,0,0,0
34,76,Q-TCID,0.25,200,14000.0,0.9979261717129821,1754.5831645671278,5.0,5,0,0,5,0,0,0,0,0
35,77,Q-TCID,0.25,200,11000.0,0.9965034965034965,1401.2212298791856,7.0,7,0,0,7,0,0,0,0,0
36,78,Q-TCID,0.25,200,16200.0,0.9973626373626374,1620.8433583695441,7.0,6,0,1,6,0,1,1,0,0
37,79,Q-TCID,0.25,200,14400.0,0.9983129481231547,1726.5690276455134,4.0,3,1,0,3,1,0,0,0,0
38,80,Q-TCID,0.25,200,9600.0,0.9973867595818815,1370.476901633665,6.0,6,0,0,6,0,0,0,0,0
39,81,Q-TCID,0.25,200,16200.0,0.9977283053157655,1629.6670201271772,5.0,5,0,0,5,0,0,0,0,0
40,82,Q-TCID,0.25,200,16200.0,0.9979253112033195,1470.8213242851198,4.0,3,1,0,3,1,0,0,0,0
41,83,Q-TCID,0.25,200,13400.0,0.9987113402061856,1644.6039363574237,3.0,3,0,0,3,0,0,0,0,0
42,84,Q-TCID,0.25,200,16200.0,0.9979131886477463,1839.3575831446797,5.0,5,0,0,5,0,0,0,0,0
43,85,Q-TCID,0.25,200,13600.0,0.9987649238369699,1766.809673473239,3.0,2,1,0,2,1,0,1,0,0
44,86,Q-TCID,0.25,200,14000.0,0.9990791896869244,1569.0290754549205,2.0,2,0,0,2,0,0,0,0,0
45,87,Q-TCID,0.25,200,15000.0,0.9977528089887641,1653.5660860892385,5.0,5,0,0,5,0,0,0,0,0
46,88,Q-TCID,0.25,200,11000.0,0.9970089730807578,1349.0706190541387,6.0,6,0,0,6,0,0,0,0,0
47,89,Q-TCID,0.25,200,15600.0,0.998220640569395,1677.2079601231962,4.0,3,1,0,3,1,0,0,0,0
48,90,Q-TCID,0.25,200,13400.0,0.998303647158609,1705.4990729652345,4.0,4,0,0,4,0,0,0,0,0
49,91,Q-TCID,0.25,200,14400.0,0.9970916141541445,1700.533290233463,6.0,5,1,0,5,1,0,0,0,0
50,92,Q-TCID,0.25,200,15000.0,0.9978411053540587,1773.1999038551003,6.0,5,0,1,5,0,1,1,0,0
51,93,Q-TCID,0.25,200,11600.0,0.9960376423972264,1494.2257903628051,8.0,7,1,0,7,1,0,0,0,0
52,94,Q-TCID,0.25,200,13000.0,0.9980916030534351,1858.9833061713725,6.0,4,1,1,4,1,1,2,0,0
53,95,Q-TCID,0.25,200,14200.0,0.9972714870395635,1505.0674196276814,6.0,6,0,0,6,0,0,0,0,0
54,96,Q-TCID,0.25,200,14000.0,0.9987613542526838,1792.8651948980987,3.0,3,0,0,3,0,0,0,0,0
55,97,Q-TCID,0.25,200,14000.0,0.9981801637852593,1628.8954443335533,4.0,4,0,0,4,0,0,0,0,0
56,98,Q-TCID,0.25,200,12200.0,0.9952360329146817,1675.1702086422592,11.0,10,1,0,10,1,0,0,0,0
57,99,Q-TCID,0.25,200,16200.0,0.9950113378684807,1612.9693283569068,11.0,11,0,0,11,0,0,0,0,0
58,100,Q-TCID,0.25,200,12600.0,0.9976303317535545,1499.903796929866,5.0,4,1,0,4,1,0,0,0,0
59,101,Q-TCID,0.25,200,16200.0,0.9986175115207373,1533.0617725420743,3.0,3,0,0,3,0,0,0,0,0
60,102,Q-TCID,0.25,200,10600.0,0.997090203685742,1363.4733674060553,6.0,6,0,0,6,0,0,0,0,0
61,103,Q-TCID,0.25,200,11600.0,0.9958410351201479,1513.7921614199877,9.0,9,0,0,9,0,0,0,0,0
62,104,Q-TCID,0.25,200,13200.0,0.9957102001906578,1620.9027103446424,9.0,9,0,0,9,0,0,0,0,0
63,105,Q-TCID,0.25,200,10400.0,0.9976744186046511,1439.2856362443417,5.0,5,0,0,5,0,0,0,0,0
64,106,Q-TCID,0.25,200,13200.0,0.9985639061752034,1583.1350639015436,3.0,3,0,0,3,0,0,0,0,0
65,107,Q-TCID,0.25,200,15000.0,0.9982668977469671,1586.2807190902531,4.0,4,0,0,4,0,0,0,0,0
66,108,Q-TCID,0.25,200,14400.0,0.9987096774193548,1750.191117675975,3.0,3,0,0,3,0,0,0,0,0
67,109,Q-TCID,0.25,200,11200.0,0.9975186104218362,1518.5205362290144,5.0,4,1,0,4,1,0,1,0,0
68,110,Q-TCID,0.25,200,10400.0,0.9965585054080629,1381.5955068226904,7.0,5,2,0,5,2,0,1,0,0
69,111,Q-TCID,0.25,200,15200.0,0.9979253112033195,1807.5053511932492,5.0,5,0,0,5,0,0,0,0,0
70,112,Q-TCID,0.25,200,16200.0,0.9986486486486487,2037.5932130347937,4.0,4,0,0,4,0,0,0,0,0
71,113,Q-TCID,0.25,200,10600.0,0.9990167158308751,1409.4513717908412,2.0,2,0,0,2,0,0,0,0,0
72,114,Q-TCID,0.25,200,13000.0,0.9991521831284442,1546.21812922135,2.0,2,0,0,2,0,0,0,0,0
73,115,Q-TCID,0.25,200,16200.0,0.9966159052453468,2043.844955464825,8.0,8,0,0,8,0,0,0,0,0
74,116,Q-TCID,0.25,200,12400.0,0.9981892258940697,1543.0922580212355,4.0,4,0,0,4,0,0,0,0,0
75,117,Q-TCID,0.25,200,13600.0,0.9978549978549979,1741.6048638503999,5.0,4,1,0,4,1,0,1,0,0
76,118,Q-TCID,0.25,200,13000.0,0.9977085242896425,1607.0539138559252,5.0,5,0,0,5,0,0,0,0,0
77,119,Q-TCID,0.25,200,15000.0,0.996943231441048,1758.9158594682813,7.0,7,0,0,7,0,0,0,0,0
78,120,Q-TCID,0.25,200,12200.0,0.9975490196078431,1393.2680638805032,5.0,5,0,0,5,0,0,0,0,0
79,121,Q-TCID,0.25,200,10600.0,0.9960552268244576,1425.6346796937287,8.0,7,1,0,7,1,0,0,0,0
0,42,TA-QTCID,0.25,200,14600.0,0.9979423868312757,1953.4518823195249,5.0,5,0,0,5,0,0,0,0,2430
1,43,TA-QTCID,0.25,200,11400.0,0.9982355535950596,1615.046647824347,4.0,4,0,0,4,0,0,0,0,2267
2,44,TA-QTCID,0.25,200,13000.0,0.9989039093898429,1877.738533437252,3.0,3,0,0,3,0,0,0,0,2737
3,45,TA-QTCID,0.25,200,11000.0,0.9978002639683238,1578.5649610497057,5.0,5,0,0,5,0,0,0,0,2273
4,46,TA-QTCID,0.25,200,13200.0,0.9974478945129732,1797.7320576626807,6.0,6,0,0,6,0,0,0,0,2351
5,47,TA-QTCID,0.25,200,11600.0,0.9979716024340771,1564.617244584486,4.0,4,0,0,4,0,0,0,0,1972
6,48,TA-QTCID,0.25,200,11800.0,0.9986888111888111,1658.4725168570876,3.0,3,0,0,3,0,0,0,0,2288
7,49,TA-QTCID,0.25,200,10200.0,0.9978308026030369,1541.4699704274535,5.0,3,2,0,3,2,0,1,0,2305
8,50,TA-QTCID,0.25,200,13200.0,0.9982245894363071,1783.843693178147,4.0,4,0,0,4,0,0,0,0,2253
9,51,TA-QTCID,0.25,200,16000.0,0.9979674796747967,1960.0003846678883,4.0,4,0,0,4,0,0,0,0,1968
10,52,TA-QTCID,0.25,200,11800.0,0.99591211037302,1579.77178475447,8.0,8,0,0,8,0,0,0,0,1957
11,53,TA-QTCID,0.25,200,12800.0,0.9972413793103448,1727.0438435301185,6.0,6,0,0,6,0,0,0,0,2175
12,54,TA-QTCID,0.25,200,9600.0,0.9981949458483754,1439.048228310421,4.0,4,0,0,4,0,0,0,0,2216
13,55,TA-QTCID,0.25,200,14000.0,0.9979666531110207,1901.3012714926153,5.0,5,0,0,5,0,0,0,0,2459
14,56,TA-QTCID,0.25,200,13000.0,0.997919267582189,1807.2679432649165,5.0,5,0,0,5,0,0,0,0,2403
15,57,TA-QTCID,0.25,200,9000.0,0.9977528089887641,1278.3626209199429,4.0,4,0,0,4,0,0,0,0,1780
16,58,TA-QTCID,0.25,200,10800.0,0.9981892258940697,1555.9518547728658,4.0,4,0,0,4,0,0,0,0,2209
17,59,TA-QTCID,0.25,200,9800.0,0.9985908877407234,1436.4565249681473,3.0,3,0,0,3,0,0,0,0,2129
18,60,TA-QTCID,0.25,200,12400.0,0.9987266553480475,1729.1409469936043,3.0,3,0,0,3,0,0,0,0,2356
19,61,TA-QTCID,0.25,200,12800.0,0.997096640398175,1783.8832611646503,7.0,7,0,0,7,0,0,0,0,2411
20,62,TA-QTCID,0.25,200,12800.0,0.997610513739546,1808.3164949901402,6.0,6,0,0,6,0,0,0,0,2511
21,63,TA-QTCID,0.25,200,12000.0,0.9990917347865577,1654.080469964072,2.0,2,0,0,2,0,0,0,0,2202
22,64,TA-QTCID,0.25,200,12400.0,0.9979432332373509,1744.5724630877376,5.0,5,0,0,5,0,0,0,0,2431
23,65,TA-QTCID,0.25,200,10000.0,0.997148288973384,1450.325105464086,6.0,6,0,0,6,0,0,0,0,2104
24,66,TA-QTCID,0.25,200,10600.0,0.9966052376333656,1496.5603017695248,7.0,7,0,0,7,0,0,0,0,2062
25,67,TA-QTCID,0.25,200,11200.0,0.9977507872244714,1591.1475818734616,5.0,5,0,0,5,0,0,0,0,2223
26,68,TA-QTCID,0.25,200,13400.0,0.9991177767975298,1796.1691220570356,2.0,2,0,0,2,0,0,0,0,2267
27,69,TA-QTCID,0.25,200,16200.0,0.9966144731273805,2056.447360282764,8.0,7,1,0,7,1,0,0,0,2363
28,70,TA-QTCID,0.25,200,10600.0,0.997250229147571,1520.99353559874,6.0,6,0,0,6,0,0,0,0,2182
29,71,TA-QTCID,0.25,200,15200.0,0.9986320109439124,2161.5795097202063,4.0,2,2,0,2,2,0,1,0,2924
30,72,TA-QTCID,0.25,200,10400.0,0.9981826442526125,1508.1537228506058,4.0,4,0,0,4,0,0,0,0,2201
31,73,TA-QTCID,0.25,200,13600.0,0.998139534883721,1788.9479638952762,4.0,4,0,0,4,0,0,0,0,2150
32,74,TA-QTCID,0.25,200,11000.0,0.9991772932949403,1619.2012867853045,2.0,2,0,0,2,0,0,0,0,2431
33,75,TA-QTCID,0.25,200,11600.0,1.0,1597.5378122609109,0.0,0,0,0,0,0,0,0,0,2130
34,76,TA-QTCID,0.25,200,13600.0,0.9987704918032787,1852.2171798814088,3.0,3,0,0,3,0,0,0,0,2440
35,77,TA-QTCID,0.25,200,12000.0,0.9981659789087575,1655.1092377193272,4.0,4,0,0,4,0,0,0,0,2181
36,78,TA-QTCID,0.25,200,10400.0,0.9972329828444937,1438.5734124276787,5.0,4,1,0,4,1,0,1,0,1807
37,79,TA-QTCID,0.25,200,14800.0,0.9978142076502732,2049.879073947668,6.0,5,1,0,5,1,0,0,0,2745
38,80,TA-QTCID,0.25,200,14200.0,0.9984825493171472,1804.0629360713065,3.0,3,0,0,3,0,0,0,0,1977
39,81,TA-QTCID,0.25,200,12200.0,0.9984,1742.5347116179764,4.0,4,0,0,4,0,0,0,0,2500
40,82,TA-QTCID,0.25,200,13800.0,0.9973776223776224,1847.3107491321862,6.0,5,1,0,5,1,0,0,0,2288
41,83,TA-QTCID,0.25,200,10400.0,0.9985994397759104,1494.2653583548963,3.0,3,0,0,3,0,0,0,0,2142
42,84,TA-QTCID,0.25,200,13200.0,0.9978156400174749,1781.528965756297,5.0,5,0,0,5,0,0,0,0,2289
43,85,TA-QTCID,0.25,200,10000.0,0.9972627737226277,1469.3573086503893,6.0,6,0,0,6,0,0,0,0,2192
44,86,TA-QTCID,0.25,200,12800.0,0.9991496598639455,1758.4212595839053,2.0,2,0,0,2,0,0,0,0,2352
45,87,TA-QTCID,0.25,200,16000.0,0.9958772331653688,2007.5808926280588,9.0,9,0,0,9,0,0,0,0,2183
46,88,TA-QTCID,0.25,200,12800.0,0.9970119521912351,1680.2349113635719,6.0,5,1,0,5,1,0,0,0,2008
47,89,TA-QTCID,0.25,200,14000.0,0.996316758747698,1830.0591055005789,8.0,8,0,0,8,0,0,0,0,2172
48,90,TA-QTCID,0.25,200,12000.0,0.9990986931050022,1653.5660860929638,2.0,2,0,0,2,0,0,0,0,2219
49,91,TA-QTCID,0.25,200,11200.0,0.9961685823754789,1556.6838625911623,8.0,8,0,0,8,0,0,0,0,2088
50,92,TA-QTCID,0.25,200,14000.0,0.9987494789495623,1893.58551344648,3.0,3,0,0,3,0,0,0,0,2399
51,93,TA-QTCID,0.25,200,9800.0,0.9958333333333333,1382.9606024846435,8.0,8,0,0,8,0,0,0,0,1920
52,94,TA-QTCID,0.25,200,11600.0,0.9973876698014629,1543.2703139781952,5.0,5,0,0,5,0,0,0,0,1914
53,95,TA-QTCID,0.25,200,14000.0,0.9987562189054726,1890.4992102272809,3.0,3,0,0,3,0,0,0,0,2412
54,96,TA-QTCID,0.25,200,13800.0,0.9965187119234117,1837.0230717249215,8.0,8,0,0,8,0,0,0,0,2298
55,97,TA-QTCID,0.25,200,9400.0,0.9995206136145733,1391.2303123977035,1.0,1,0,0,1,0,0,0,0,2086
56,98,TA-QTCID,0.25,200,9400.0,0.9971181556195965,1392.7734640110284,6.0,5,1,0,5,1,0,0,0,2082
57,99,TA-QTCID,0.25,200,14600.0,0.9986363636363637,1894.297737268731,3.0,3,0,0,3,0,0,0,0,2200
58,100,TA-QTCID,0.25,200,12000.0,0.9973603167619886,1678.7708957288414,6.0,6,0,0,6,0,0,0,0,2273
59,101,TA-QTCID,0.25,200,14400.0,0.9981875849569551,1873.22778259404,4.0,4,0,0,4,0,0,0,0,2207
60,102,TA-QTCID,0.25,200,11400.0,0.9980694980694981,1572.6099785603583,4.0,4,0,0,4,0,0,0,0,2072
61,103,TA-QTCID,0.25,200,10200.0,0.9971056439942113,1480.7726737577468,6.0,5,1,0,5,1,0,1,0,2073
62,104,TA-QTCID,0.25,200,15000.0,0.9973718791064389,1951.0975869130343,6.0,6,0,0,6,0,0,0,0,2283
63,105,TA-QTCID,0.25,200,8800.0,0.999009900990099,1347.685739401728,2.0,1,1,0,1,1,0,1,0,2020
64,106,TA-QTCID,0.25,200,16000.0,0.9987212276214834,2064.934694143012,3.0,3,0,0,3,0,0,0,0,2346
65,107,TA-QTCID,0.25,200,10000.0,0.9965346534653465,1426.149063570425,7.0,7,0,0,7,0,0,0,0,2020
66,108,TA-QTCID,0.25,200,9800.0,0.9964249233912156,1394.01985569112,7.0,7,0,0,7,0,0,0,0,1958
67,109,TA-QTCID,0.25,200,13000.0,0.9975144987572494,1830.2767294403166,6.0,5,1,0,5,1,0,1,0,2414
68,110,TA-QTCID,0.25,200,11200.0,0.9986013986013986,1568.5146915931255,3.0,3,0,0,3,0,0,0,0,2145
69,111,TA-QTCID,0.25,200,9000.0,0.9968371112282551,1308.4540773183107,6.0,6,0,0,6,0,0,0,0,1897
70,112,TA-QTCID,0.25,200,13800.0,0.9967948717948718,1811.5610701683909,7.0,7,0,0,7,0,0,0,0,2184
71,113,TA-QTCID,0.25,200,16200.0,0.9972688255950058,2102.741908572614,7.0,7,0,0,7,0,0,0,0,2563
72,114,TA-QTCID,0.25,200,12000.0,0.9981751824817519,1647.650671593845,4.0,4,0,0,4,0,0,0,0,2192
73,115,TA-QTCID,0.25,200,12800.0,0.995114802149487,1686.407517803833,10.0,9,1,0,9,1,0,0,0,2047
74,116,TA-QTCID,0.25,200,10800.0,0.9990842490842491,1540.5203386619687,2.0,2,0,0,2,0,0,0,0,2184
75,117,TA-QTCID,0.25,200,11000.0,0.9972247918593895,1552.5885756127536,6.0,5,1,0,5,1,0,0,0,2162
76,118,TA-QTCID,0.25,200,11200.0,0.9972324723247232,1571.8581867441535,6.0,5,1,0,5,1,0,0,0,2168
77,119,TA-QTCID,0.25,200,11800.0,0.9951899951899952,1612.4351605083793,10.0,10,0,0,10,0,0,0,0,2079
78,120,TA-QTCID,0.25,200,14000.0,0.9978364344439636,1864.5228247903287,5.0,5,0,0,5,0,0,0,0,2311
79,121,TA-QTCID,0.25,200,13000.0,0.9964317573595004,1755.572364313528,8.0,8,0,0,8,0,0,0,0,2242
0,42,Q-TCID,0.25,350,14700.0,0.9971988795518207,995.293220454827,5.0,4,0,1,4,0,1,1,0,0
1,43,Q-TCID,0.25,350,11550.0,0.9983498349834984,825.7839513029903,2.0,2,0,0,2,0,0,0,0,0
2,44,Q-TCID,0.25,350,10850.0,0.9966749792186201,858.9221429228783,4.0,4,0,0,4,0,0,0,0,0
3,45,Q-TCID,0.25,350,16100.0,0.9973357015985791,785.9389853738248,3.0,3,0,0,3,0,0,0,0,0
4,46,Q-TCID,0.25,350,12950.0,0.9947089947089947,874.0964670963585,6.0,3,3,0,3,3,0,2,0,0
5,47,Q-TCID,0.25,350,14000.0,0.9976322020520916,936.1588594056666,3.0,1,2,0,1,2,0,1,0,0
6,48,Q-TCID,0.25,350,14000.0,0.9978783592644979,984.0954792927951,3.0,3,0,0,3,0,0,0,0,0
7,49,Q-TCID,0.25,350,14700.0,0.9968847352024922,1046.8898794203997,5.0,4,0,1,4,0,1,1,0,0
8,50,Q-TCID,0.25,350,16100.0,0.998638529611981,1140.052711872384,2.0,2,0,0,2,0,0,0,0,0
9,51,Q-TCID,0.25,350,11200.0,0.9969135802469136,882.8409928791225,4.0,3,1,0,3,1,0,0,0,0
10,52,Q-TCID,0.25,350,16100.0,0.9978118161925602,1114.8479022495449,3.0,2,1,0,2,1,0,0,0,0
11,53,Q-TCID,0.25,350,16100.0,0.9979879275653923,1198.8903130088001,3.0,3,0,0,3,0,0,0,0,0
12,54,Q-TCID,0.25,350,12600.0,0.9984662576687117,938.0779069177806,2.0,2,0,0,2,0,0,0,0,0
13,55,Q-TCID,0.25,350,10500.0,0.9978662873399715,857.9527271687984,3.0,3,0,0,3,0,0,0,0,0
14,56,Q-TCID,0.25,350,10500.0,0.9970760233918129,883.6323526799679,4.0,4,0,0,4,0,0,0,0,0
15,57,Q-TCID,0.25,350,15050.0,0.9992481203007518,962.4913567453623,1.0,0,1,0,0,1,0,0,0,0
16,58,Q-TCID,0.25,350,14350.0,0.9972318339100346,1035.1184023953974,4.0,3,1,0,3,1,0,1,0,0
17,59,Q-TCID,0.25,350,12600.0,0.9972658920027341,1014.4243436250836,4.0,4,0,0,4,0,0,0,0,0
18,60,Q-TCID,0.25,350,15050.0,0.9984779299847792,976.1027453187853,2.0,2,0,0,2,0,0,0,0,0
19,61,Q-TCID,0.25,350,15050.0,0.9964054636951833,978.180064778775,5.0,5,0,0,5,0,0,0,0,0
20,62,Q-TCID,0.25,350,16100.0,0.9942857142857143,1226.132874114439,9.0,6,2,1,6,2,1,2,0,0
21,63,Q-TCID,0.25,350,12950.0,0.9985601151907847,977.6656809188426,2.0,2,0,0,2,0,0,0,0,0
22,64,Q-TCID,0.25,350,11200.0,0.9966187658495351,836.0518447086215,4.0,4,0,0,4,0,0,0,0,0
23,65,Q-TCID,0.25,350,13650.0,0.9978005865102639,988.962342062965,3.0,2,1,0,2,1,0,0,0,0
24,66,Q-TCID,0.25,350,14000.0,1.0,1017.1941029243171,0.0,0,0,0,0,0,0,0,0,0
25,67,Q-TCID,0.25,350,15050.0,0.9991809991809992,792.6457596775144,1.0,1,0,0,1,0,0,0,0,0
26,68,Q-TCID,0.25,350,11900.0,0.994341147938561,832.2137496788055,7.0,7,0,0,7,0,0,0,0,0
27,69,Q-TCID,0.25,350,13650.0,0.9979879275653923,1029.2227718904614,3.0,2,1,0,2,1,0,1,0,0
28,70,Q-TCID,0.25,350,13650.0,0.9954022988505747,938.3350988533348,6.0,6,0,0,6,0,0,0,0,0
29,71,Q-TCID,0.25,350,11900.0,0.9977238239757208,906.2256749700755,3.0,3,0,0,3,0,0,0,0,0
30,72,Q-TCID,0.25,350,16100.0,0.9971326164874552,1118.488157324493,4.0,2,2,0,2,2,0,2,0,0
31,73,Q-TCID,0.25,350,9450.0,0.9968627450980392,796.4047187268734,4.0,3,1,0,3,1,0,1,0,0
32,74,Q-TCID,0.25,350,16100.0,0.9987113402061856,1151.2702370453626,3.0,2,0,1,2,0,1,1,0,0
33,75,Q-TCID,0.25,350,12250.0,0.9977843426883308,933.2110441550612,3.0,2,1,0,2,1,0,0,0,0
34,76,Q-TCID,0.25,350,12950.0,0.9975490196078431,846.5967140402645,3.0,3,0,0,3,0,0,0,0,0
35,77,Q-TCID,0.25,350,16100.0,0.9961802902979373,1010.2697046827525,5.0,5,0,0,5,0,0,0,0,0
36,78,Q-TCID,0.25,350,13650.0,0.9976599063962559,904.563819386065,3.0,2,1,0,2,1,0,1,0,0
37,79,Q-TCID,0.25,350,14350.0,0.9977528089887641,963.7773164324462,3.0,3,0,0,3,0,0,0,0,0
38,80,Q-TCID,0.25,350,16100.0,0.9956204379562044,955.0525746289641,6.0,6,0,0,6,0,0,0,0,0
39,81,Q-TCID,0.25,350,15750.0,0.9964513839602555,1106.8947362564504,5.0,4,1,0,4,1,0,0,0,0
40,82,Q-TCID,0.25,350,12600.0,0.9992307692307693,954.7755987066776,1.0,1,0,0,1,0,0,0,0,0
41,83,Q-TCID,0.25,350,15400.0,0.9970824215900802,1114.847902243957,4.0,4,0,0,4,0,0,0,0,0
42,84,Q-TCID,0.25,350,12600.0,0.9951845906902087,923.1607746910304,6.0,5,1,0,5,1,0,0,0,0
43,85,Q-TCID,0.25,350,14350.0,0.9985315712187959,988.4479581899941,2.0,2,0,0,2,0,0,0,0,0
44,86,Q-TCID,0.25,350,12950.0,0.9963768115942029,947.4950885400176,5.0,4,1,0,4,1,0,1,0,0
45,87,Q-TCID,0.25,350,12950.0,0.997037037037037,1003.0881144944578,4.0,4,0,0,4,0,0,0,0,0
46,88,Q-TCID,0.25,350,12600.0,0.9977941176470588,970.2071147952229,3.0,2,1,0,2,1,0,0,0,0
47,89,Q-TCID,0.25,350,12950.0,0.9976133651551312,908.2634264566004,3.0,2,1,0,2,1,0,0,0,0
48,90,Q-TCID,0.25,350,12250.0,0.9983277591973244,874.8482589051127,2.0,2,0,0,2,0,0,0,0,0
49,91,Q-TCID,0.25,350,13650.0,0.9970951343500363,885.9470800980926,4.0,4,0,0,4,0,0,0,0,0
50,92,Q-TCID,0.25,350,12600.0,0.999211356466877,857.9131591785699,1.0,1,0,0,1,0,0,0,0,0
51,93,Q-TCID,0.25,350,15400.0,0.9991728701406121,878.1917540580034,1.0,1,0,0,1,0,0,0,0,0
52,94,Q-TCID,0.25,350,12600.0,0.9953524399690162,960.0579253640026,7.0,6,0,1,6,0,1,1,0,0
53,95,Q-TCID,0.25,350,12250.0,0.9960443037974683,882.2079050410539,5.0,4,1,0,4,1,0,1,0,0
54,96,Q-TCID,0.25,350,12250.0,0.9978540772532188,944.527489291504,3.0,2,1,0,2,1,0,0,0,0
55,97,Q-TCID,0.25,350,11900.0,0.994740796393689,970.3456027638167,7.0,6,1,0,6,1,0,1,0,0
56,98,Q-TCID,0.25,350,14700.0,0.9964054636951833,1102.2652814220637,5.0,5,0,0,5,0,0,0,0,0
57,99,Q-TCID,0.25,350,16100.0,0.9958088851634534,874.076683094725,5.0,5,0,0,5,0,0,0,0,0
58,100,Q-TCID,0.25,350,16100.0,0.9977477477477478,1076.9615518245846,3.0,2,1,0,2,1,0,1,0,0
59,101,Q-TCID,0.25,350,11900.0,0.9992156862745099,912.8928812853992,1.0,1,0,0,1,0,0,0,0,0
60,102,Q-TCID,0.25,350,12250.0,0.9967105263157895,958.1784458383918,5.0,5,0,0,5,0,0,0,0,0
61,103,Q-TCID,0.25,350,12950.0,0.9954198473282443,957.3475180529058,6.0,6,0,0,6,0,0,0,0,0
62,104,Q-TCID,0.25,350,12950.0,0.9925187032418953,909.5691701248288,10.0,8,1,1,8,1,1,2,0,0
63,105,Q-TCID,0.25,350,12950.0,0.9964002879769619,977.665680911392,5.0,5,0,0,5,0,0,0,0,0
64,106,Q-TCID,0.25,350,16100.0,0.9952941176470588,991.3957734424621,7.0,5,1,1,5,1,1,1,0,0
65,107,Q-TCID,0.25,350,12950.0,0.9976958525345622,919.83706353046,3.0,3,0,0,3,0,0,0,0,0
66,108,Q-TCID,0.25,350,9100.0,0.9964695498676082,777.6099234744906,4.0,3,1,0,3,1,0,1,0,0
67,109,Q-TCID,0.25,350,13300.0,0.9970326409495549,949.3943520560861,4.0,3,1,0,3,1,0,0,0,0
68,110,Q-TCID,0.25,350,11550.0,0.994979079497908,899.9145805686712,6.0,5,1,0,5,1,0,1,0,0
69,111,Q-TCID,0.25,350,13650.0,0.9970738844184345,918.8280797861516,4.0,3,1,0,3,1,0,0,0,0
70,112,Q-TCID,0.25,350,16100.0,0.9980092899800929,1132.0995458848774,3.0,3,0,0,3,0,0,0,0,0
71,113,Q-TCID,0.25,350,13650.0,0.9955156950672646,783.1098740827292,5.0,3,2,0,3,2,0,0,0,0
72,114,Q-TCID,0.25,350,12600.0,0.9972027972027973,1005.9370097722858,4.0,3,1,0,3,1,0,0,0,0
73,115,Q-TCID,0.25,350,8400.0,0.9941060903732809,712.5799319129437,7.0,6,0,1,6,0,1,1,0,0
74,116,Q-TCID,0.25,350,16100.0,0.9976923076923077,990.2285177409649,3.0,3,0,0,3,0,0,0,0,0
75,117,Q-TCID,0.25,350,13650.0,0.9971448965024983,945.2990650944412,4.0,4,0,0,4,0,0,0,0,0
76,118,Q-TCID,0.25,350,14000.0,0.996141975308642,1006.9262095205486,5.0,5,0,0,5,0,0,0,0,0
77,119,Q-TCID,0.25,350,13650.0,0.9975825946817083,886.4218959771097,3.0,3,0,0,3,0,0,0,0,0
78,120,Q-TCID,0.25,350,14350.0,0.993050193050193,971.2160985432565,9.0,9,0,0,9,0,0,0,0,0
79,121,Q-TCID,0.25,350,13650.0,0.994161801501251,900.9433483015746,7.0,6,1,0,6,1,0,1,0,0
0,42,TA-QTCID,0.25,350,14000.0,0.9977876106194691,1080.680942883715,3.0,3,0,0,3,0,0,0,0,1356
1,43,TA-QTCID,0.25,350,12250.0,0.9963583394027676,992.5630291514099,5.0,5,0,0,5,0,0,0,0,1373
2,44,TA-QTCID,0.25,350,14350.0,0.994052676295667,1080.265478990972,7.0,6,1,0,6,1,0,1,0,1177
3,45,TA-QTCID,0.25,350,9800.0,0.9922480620155039,814.2103142272681,9.0,9,0,0,9,0,0,0,0,1161
4,46,TA-QTCID,0.25,350,13300.0,0.9956369982547993,998.9334755465388,5.0,5,0,0,5,0,0,0,0,1146
5,47,TA-QTCID,0.25,350,10850.0,1.0,863.531813763082,0.0,0,0,0,0,0,0,0,0,1132
6,48,TA-QTCID,0.25,350,10500.0,0.9970104633781763,894.1574380155653,4.0,4,0,0,4,0,0,0,0,1338
7,49,TA-QTCID,0.25,350,12600.0,0.9985611510791367,1042.8143764529377,3.0,2,0,1,2,0,1,1,1,1389
8,50,TA-QTCID,0.25,350,13300.0,0.9975942261427426,1018.4800626058131,3.0,3,0,0,3,0,0,0,0,1247
9,51,TA-QTCID,0.25,350,11200.0,1.0,950.4429037924856,0.0,0,0,0,0,0,0,0,0,1411
10,52,TA-QTCID,0.25,350,11900.0,0.994991652754591,937.5437390618026,6.0,6,0,0,6,0,0,0,0,1198
11,53,TA-QTCID,0.25,350,14700.0,0.9970824215900802,1125.1355796456337,4.0,4,0,0,4,0,0,0,0,1371
12,54,TA-QTCID,0.25,350,15050.0,0.9986254295532646,1159.3223230112344,2.0,1,1,0,1,1,0,0,0,1455
13,55,TA-QTCID,0.25,350,8400.0,0.9982094897045658,734.3027584180236,2.0,2,0,0,2,0,0,0,0,1117
14,56,TA-QTCID,0.25,350,11900.0,0.9955423476968797,968.1495793219656,6.0,4,2,0,4,2,0,0,0,1346
15,57,TA-QTCID,0.25,350,10500.0,0.9952718676122931,877.1827703099698,6.0,5,1,0,5,1,0,0,0,1269
16,58,TA-QTCID,0.25,350,11550.0,0.9945848375451264,894.0980860367417,6.0,6,0,0,6,0,0,0,0,1108
17,59,TA-QTCID,0.25,350,10150.0,0.99453125,864.857341427356,7.0,7,0,0,7,0,0,0,0,1280
18,60,TA-QTCID,0.25,350,12250.0,0.9984202211690363,966.3294517789036,2.0,2,0,0,2,0,0,0,0,1266
19,61,TA-QTCID,0.25,350,13300.0,0.9993084370677732,1066.0605705790222,1.0,1,0,0,1,0,0,0,0,1446
20,62,TA-QTCID,0.25,350,16100.0,0.9954921111945906,1176.0002308040857,6.0,6,0,0,6,0,0,0,0,1331
21,63,TA-QTCID,0.25,350,11900.0,0.9985443959243085,980.2376002706587,2.0,2,0,0,2,0,0,0,0,1374
22,64,TA-QTCID,0.25,350,14000.0,0.9963316214233309,1082.2240944933146,5.0,5,0,0,5,0,0,0,0,1363
23,65,TA-QTCID,0.25,350,11900.0,0.9948942377826404,974.3221857622266,7.0,6,1,0,6,1,0,0,0,1371
24,66,TA-QTCID,0.25,350,12600.0,0.9984871406959153,1004.8884580377489,2.0,2,0,0,2,0,0,0,0,1322
25,67,TA-QTCID,0.25,350,13300.0,0.9964002879769619,1058.8591964058578,5.0,5,0,0,5,0,0,0,0,1389
26,68,TA-QTCID,0.25,350,12250.0,0.9975409836065574,981.1080960407853,3.0,2,1,0,2,1,0,1,0,1220
27,69,TA-QTCID,0.25,350,10150.0,0.998166819431714,817.5340253915638,2.0,2,0,0,2,0,0,0,0,1091
28,70,TA-QTCID,0.25,350,11900.0,0.997867803837953,984.8670550975949,3.0,3,0,0,3,0,0,0,0,1407
29,71,TA-QTCID,0.25,350,16100.0,0.9980756895445798,1216.3793645836413,3.0,3,0,0,3,0,0,0,0,1559
30,72,TA-QTCID,0.25,350,11900.0,0.9938757655293088,947.6929284930229,7.0,5,2,0,5,2,0,1,0,1143
31,73,TA-QTCID,0.25,350,14000.0,0.9960567823343849,1091.08732425794,5.0,3,2,0,3,2,0,1,0,1268
32,74,TA-QTCID,0.25,350,15750.0,0.9979865771812081,1212.7786775063723,3.0,3,0,0,3,0,0,0,0,1490
33,75,TA-QTCID,0.25,350,11550.0,0.9976152623211447,932.67687628977,3.0,3,0,0,3,0,0,0,0,1258
34,76,TA-QTCID,0.25,350,13300.0,0.9985785358919688,1056.0300851091743,2.0,2,0,0,2,0,0,0,0,1407
35,77,TA-QTCID,0.25,350,13300.0,0.9967715899919289,1015.393759381026,4.0,4,0,0,4,0,0,0,0,1239
36,78,TA-QTCID,0.25,350,10500.0,0.9967715899919289,870.7529719378799,4.0,4,0,0,4,0,0,0,0,1239
37,79,TA-QTCID,0.25,350,10150.0,0.9969207082371054,870.0011801235378,4.0,4,0,0,4,0,0,0,0,1299
38,80,TA-QTCID,0.25,350,12600.0,0.9978197674418605,1013.8901757597923,3.0,3,0,0,3,0,0,0,0,1376
39,81,TA-QTCID,0.25,350,11200.0,0.99765625,919.3226796649396,3.0,3,0,0,3,0,0,0,0,1280
40,82,TA-QTCID,0.25,350,12250.0,0.9958847736625515,958.3565017990768,5.0,5,0,0,5,0,0,0,0,1215
41,83,TA-QTCID,0.25,350,13650.0,0.9984603541185527,1050.8664624132216,2.0,2,0,0,2,0,0,0,0,1299
42,84,TA-QTCID,0.25,350,9800.0,0.9939393939393939,815.2390819657594,7.0,7,0,0,7,0,0,0,0,1155
43,85,TA-QTCID,0.25,350,9450.0,0.9969301611665388,831.9763417318463,4.0,3,1,0,3,1,0,0,0,1303
44,86,TA-QTCID,0.25,350,15050.0,0.9990494296577946,1072.391448987648,1.0,1,0,0,1,0,0,0,0,1052
45,87,TA-QTCID,0.25,350,9800.0,0.9972924187725631,802.8938690815121,3.0,2,1,0,2,1,0,0,0,1108
46,88,TA-QTCID,0.25,350,14350.0,0.9973451327433628,1049.2837428227067,3.0,3,0,0,3,0,0,0,0,1130
47,89,TA-QTCID,0.25,350,9800.0,0.9906716417910447,793.6349594276398,10.0,10,0,0,10,0,0,0,0,1072
48,90,TA-QTCID,0.25,350,12250.0,0.993431855500821,961.6999969556928,8.0,8,0,0,8,0,0,0,0,1218
49,91,TA-QTCID,0.25,350,11900.0,0.9964311206281228,987.1817825194448,5.0,5,0,0,5,0,0,0,0,1401
50,92,TA-QTCID,0.25,350,12950.0,1.0,996.3813401963562,0.0,0,0,0,0,0,0,0,0,1205
51,93,TA-QTCID,0.25,350,9800.0,0.9922178988326849,784.8904336448759,8.0,8,0,0,8,0,0,0,0,1028
52,94,TA-QTCID,0.25,350,10500.0,0.9966694421315571,864.8375574331731,4.0,4,0,0,4,0,0,0,0,1201
53,95,TA-QTCID,0.25,350,12950.0,0.9978708303761533,1044.9906159080565,3.0,3,0,0,3,0,0,0,0,1409
54,96,TA-QTCID,0.25,350,12250.0,0.9961210240496509,976.1027453169227,5.0,5,0,0,5,0,0,0,0,1289
55,97,TA-QTCID,0.25,350,12600.0,0.9967663702506063,981.7411838900298,4.0,4,0,0,4,0,0,0,0,1237
56,98,TA-QTCID,0.25,350,11550.0,0.9977324263038548,943.4789375551045,3.0,3,0,0,3,0,0,0,0,1323
57,99,TA-QTCID,0.25,350,11550.0,0.9942321557317952,989.8921898249537,9.0,7,1,1,7,1,1,1,1,1386
58,100,TA-QTCID,0.25,350,11900.0,0.9973351099267155,1009.0430969838053,4.0,4,0,0,4,0,0,0,0,1501
59,101,TA-QTCID,0.25,350,10150.0,0.9958779884583677,844.7963704932481,5.0,5,0,0,5,0,0,0,0,1213
60,102,TA-QTCID,0.25,350,12600.0,1.0,994.0863967705518,0.0,0,0,0,0,0,0,0,0,1275
61,103,TA-QTCID,0.25,350,11900.0,1.0,977.9228728543967,0.0,0,0,0,0,0,0,0,0,1375
62,104,TA-QTCID,0.25,350,11900.0,0.9960222752585521,974.183697797358,6.0,5,0,1,5,0,1,1,1,1256
63,105,TA-QTCID,0.25,350,14350.0,0.994535519125683,1137.4807925261557,8.0,6,1,1,6,1,1,2,1,1280
64,106,TA-QTCID,0.25,350,11200.0,0.9984767707539984,925.4952860977501,2.0,2,0,0,2,0,0,0,0,1313
65,107,TA-QTCID,0.25,350,14350.0,0.9979064898813678,1120.5259088128805,3.0,3,0,0,3,0,0,0,0,1433
66,108,TA-QTCID,0.25,350,11900.0,0.9948148148148148,974.0649938285351,7.0,7,0,0,7,0,0,0,0,1350
67,109,TA-QTCID,0.25,350,14000.0,0.9978354978354979,1087.110741250217,3.0,3,0,0,3,0,0,0,0,1386
68,110,TA-QTCID,0.25,350,12250.0,0.9952941176470588,972.5020582228899,6.0,6,0,0,6,0,0,0,0,1275
69,111,TA-QTCID,0.25,350,11900.0,0.9948491537895512,974.5793776959181,7.0,7,0,0,7,0,0,0,0,1359
70,112,TA-QTCID,0.25,350,10850.0,0.9961568024596464,909.5691701285541,5.0,5,0,0,5,0,0,0,0,1301
71,113,TA-QTCID,0.25,350,15050.0,0.9971850809289233,1179.7591898459941,4.0,3,1,0,3,1,0,1,0,1421
72,114,TA-QTCID,0.25,350,9800.0,0.9968454258675079,840.7010835316032,4.0,4,0,0,4,0,0,0,0,1268
73,115,TA-QTCID,0.25,350,11200.0,0.9956859361518551,889.7456071395427,5.0,4,1,0,4,1,0,0,0,1159
74,116,TA-QTCID,0.25,350,12250.0,0.9969301611665388,978.4174727275968,4.0,4,0,0,4,0,0,0,0,1303
75,117,TA-QTCID,0.25,350,9800.0,0.9945694336695112,873.7403551805764,7.0,5,2,0,5,2,0,1,0,1289
76,118,TA-QTCID,0.25,350,11900.0,0.996415770609319,915.168040715158,4.0,4,0,0,4,0,0,0,0,1116
77,119,TA-QTCID,0.25,350,13650.0,0.9960629921259843,1043.4078963063657,5.0,5,0,0,5,0,0,0,0,1270
78,120,TA-QTCID,0.25,350,13300.0,0.9979338842975206,1066.0605705771595,3.0,3,0,0,3,0,0,0,0,1452
79,121,TA-QTCID,0.25,350,11200.0,0.9928400954653938,909.8065780624747,9.0,9,0,0,9,0,0,0,0,1257
0,42,Q-TCID,0.25,600,13800.0,0.9948051948051948,595.6169534735382,5.0,3,1,1,3,1,1,1,0,0
1,43,Q-TCID,0.25,600,15000.0,0.9935400516795866,624.5015861708671,5.0,5,0,0,5,0,0,0,0,0
2,44,Q-TCID,0.25,600,15000.0,0.9896103896103896,646.2639806661755,9.0,6,2,1,6,2,1,3,0,0
3,45,Q-TCID,0.25,600,14400.0,0.9884225759768451,522.1194120440632,8.0,6,2,0,6,2,0,1,0,0
4,46,Q-TCID,0.25,600,9600.0,0.9959239130434783,498.2401300780475,4.0,3,0,1,3,0,1,1,0,0
5,47,Q-TCID,0.25,600,16200.0,0.9940119760479041,690.8373214006424,6.0,3,2,1,3,2,1,2,0,0
6,48,Q-TCID,0.25,600,13800.0,0.9961977186311787,608.1006543133408,4.0,2,1,1,2,1,1,2,0,0
7,49,Q-TCID,0.25,600,15600.0,0.9987577639751553,579.295157590881,1.0,1,0,0,1,0,0,0,0,0
8,50,Q-TCID,0.25,600,15000.0,0.9948783610755442,626.3019297160208,4.0,3,1,0,3,1,0,0,0,0
9,51,Q-TCID,0.25,600,12600.0,0.9928143712574851,569.2844561282545,6.0,6,0,0,6,0,0,0,0,0
10,52,Q-TCID,0.25,600,15600.0,0.9973992197659298,542.1803829781711,3.0,1,1,1,1,1,1,1,0,0
11,53,Q-TCID,0.25,600,16200.0,0.9976133651551312,694.1412485707551,2.0,2,0,0,2,0,0,0,0,0
12,54,Q-TCID,0.25,600,12600.0,0.9974874371859297,584.5774842593819,2.0,1,1,0,1,1,0,1,0,0
13,55,Q-TCID,0.25,600,13800.0,0.9989035087719298,624.5411541573703,1.0,1,0,0,1,0,0,0,0,0
14,56,Q-TCID,0.25,600,13200.0,0.9923857868020305,574.9228946976364,6.0,6,0,0,6,0,0,0,0,0
15,57,Q-TCID,0.25,600,11400.0,0.9959514170040485,527.3819547127932,3.0,2,1,0,2,1,0,0,0,0
16,58,Q-TCID,0.25,600,16200.0,0.9988901220865705,568.532664315775,1.0,1,0,0,1,0,0,0,0,0
17,59,Q-TCID,0.25,600,15000.0,0.9955703211517165,708.3263729792088,4.0,2,2,0,2,2,0,2,0,0
18,60,Q-TCID,0.25,600,16200.0,0.9966178128523112,678.8877884279937,4.0,3,0,1,3,0,1,1,0,0
19,61,Q-TCID,0.25,600,10800.0,0.9931880108991825,507.8551516532898,5.0,4,1,0,4,1,0,0,0,0
20,62,Q-TCID,0.25,600,16200.0,0.9942528735632183,753.018417686224,6.0,4,1,1,4,1,1,2,0,0
21,63,Q-TCID,0.25,600,12000.0,0.996031746031746,513.5133742168546,3.0,3,0,0,3,0,0,0,0,0
22,64,Q-TCID,0.25,600,13200.0,0.9956958393113343,551.5184286162257,3.0,3,0,0,3,0,0,0,0,0
23,65,Q-TCID,0.25,600,11400.0,0.9973297730307076,511.71303067170084,2.0,2,0,0,2,0,0,0,0,0
24,66,Q-TCID,0.25,600,12000.0,0.9974025974025974,524.711115391925,2.0,1,1,0,1,1,0,1,0,0
25,67,Q-TCID,0.25,600,11400.0,0.9947712418300654,515.8281016331166,4.0,4,0,0,4,0,0,0,0,0
26,68,Q-TCID,0.25,600,16200.0,0.9951807228915662,621.177875014022,4.0,4,0,0,4,0,0,0,0,0
27,69,Q-TCID,0.25,600,16200.0,0.9964664310954063,633.6615758538246,3.0,2,1,0,2,1,0,1,0,0
28,70,Q-TCID,0.25,600,15000.0,0.9950556242274413,615.7768443766981,4.0,4,0,0,4,0,0,0,0,0
29,71,Q-TCID,0.25,600,13800.0,0.9928825622775801,571.3419916052371,6.0,5,1,0,5,1,0,0,0,0
30,72,Q-TCID,0.25,600,14400.0,0.9950738916256158,588.6925552170724,4.0,2,2,0,2,2,0,1,0,0
31,73,Q-TCID,0.25,600,13200.0,0.9933598937583001,530.4682579375803,5.0,4,1,0,4,1,0,0,0,0
32,74,Q-TCID,0.25,600,14400.0,0.9988674971687429,660.1325611621141,2.0,1,0,1,1,0,1,1,0,0
33,75,Q-TCID,0.25,600,11400.0,0.9944598337950139,451.58946987241507,4.0,4,0,0,4,0,0,0,0,0
34,76,Q-TCID,0.25,600,16200.0,0.9976525821596244,626.8360975775868,2.0,2,0,0,2,0,0,0,0,0
35,77,Q-TCID,0.25,600,12600.0,0.9954128440366973,487.2797968480736,3.0,3,0,0,3,0,0,0,0,0
36,78,Q-TCID,0.25,600,13200.0,0.9947780678851175,533.8117530886084,4.0,3,1,0,3,1,0,0,0,0
37,79,Q-TCID,0.25,600,12600.0,0.9922779922779923,554.3673238940537,6.0,4,2,0,4,2,0,0,0,0
38,80,Q-TCID,0.25,600,15600.0,0.9930635838150289,577.0002141743898,6.0,5,1,0,5,1,0,0,0,0
39,81,Q-TCID,0.25,600,13800.0,0.9944903581267218,477.941751210019,5.0,4,0,1,4,0,1,1,0,0
40,82,Q-TCID,0.25,600,11400.0,0.99644128113879,553.6155320871621,3.0,3,0,0,3,0,0,0,0,0
41,83,Q-TCID,0.25,600,13800.0,0.9987849331713244,591.5216665044427,1.0,0,1,0,0,1,0,1,0,0
42,84,Q-TCID,0.25,600,12600.0,0.9910979228486647,535.4736086707562,6.0,5,1,0,5,1,0,1,0,0
43,85,Q-TCID,0.25,600,10800.0,0.9966329966329966,548.2342854477465,3.0,2,1,0,2,1,0,0,0,0
44,86,Q-TCID,0.25,600,13200.0,0.9976076555023924,587.2681075818837,2.0,2,0,0,2,0,0,0,0,0
45,87,Q-TCID,0.25,600,14400.0,0.9890377588306942,583.4102285578847,9.0,9,0,0,9,0,0,0,0,0
46,88,Q-TCID,0.25,600,12600.0,0.9925558312655087,526.3729709759355,6.0,6,0,0,6,0,0,0,0,0
47,89,Q-TCID,0.25,600,13800.0,0.9945205479452055,610.6527896691114,5.0,3,1,1,3,1,1,2,0,0
48,90,Q-TCID,0.25,600,12600.0,0.993514915693904,481.91833420470357,5.0,5,0,0,5,0,0,0,0,0
49,91,Q-TCID,0.25,600,10200.0,0.9947984395318595,499.13040985539556,4.0,4,0,0,4,0,0,0,0,0
50,92,Q-TCID,0.25,600,14400.0,0.9935344827586207,643.8503332789987,6.0,3,3,0,3,3,0,2,0,0
51,93,Q-TCID,0.25,600,10800.0,0.99568345323741,497.82466618716717,3.0,2,1,0,2,1,0,0,0,0
52,94,Q-TCID,0.25,600,16200.0,0.995475113122172,731.2955911848694,5.0,4,0,1,4,0,1,1,0,0
53,95,Q-TCID,0.25,600,16200.0,0.9953650057937428,725.8945605494082,4.0,3,1,0,3,1,0,1,0,0
54,96,Q-TCID,0.25,600,16200.0,0.9968553459119497,723.9755130335689,3.0,3,0,0,3,0,0,0,0,0
55,97,Q-TCID,0.25,600,15000.0,0.9935979513444302,608.5754701923579,5.0,5,0,0,5,0,0,0,0,0
56,98,Q-TCID,0.25,600,10200.0,0.990990990990991,444.7837755884975,6.0,5,1,0,5,1,0,1,0,0
57,99,Q-TCID,0.25,600,10200.0,0.991869918699187,481.0280544273555,6.0,5,1,0,5,1,0,1,0,0
58,100,Q-TCID,0.25,600,16200.0,0.9963942307692307,550.7864207979292,3.0,3,0,0,3,0,0,0,0,0
59,101,Q-TCID,0.25,600,13800.0,0.9986910994764397,594.0738018620759,2.0,1,0,1,1,0,1,1,0,0
60,102,Q-TCID,0.25,600,12000.0,0.997610513739546,534.3459209557623,2.0,2,0,0,2,0,0,0,0,0
61,103,Q-TCID,0.25,600,16200.0,0.995221027479092,640.7046780753881,4.0,4,0,0,4,0,0,0,0,0
62,104,Q-TCID,0.25,600,14400.0,0.9936948297604036,576.2088543754071,5.0,5,0,0,5,0,0,0,0,0
63,105,Q-TCID,0.25,600,12000.0,0.9973787680209698,515.313717763871,2.0,2,0,0,2,0,0,0,0,0
64,106,Q-TCID,0.25,600,15600.0,0.997624703087886,606.5377187076956,2.0,2,0,0,2,0,0,0,0,0
65,107,Q-TCID,0.25,600,12600.0,0.9941107184923439,598.208656810224,5.0,4,1,0,4,1,0,1,0,0
66,108,Q-TCID,0.25,600,10200.0,0.9947229551451188,521.6248121727258,4.0,2,2,0,2,2,0,1,0,0
67,109,Q-TCID,0.25,600,13200.0,0.994475138121547,540.7361513432115,4.0,3,1,0,3,1,0,0,0,0
68,110,Q-TCID,0.25,600,12600.0,0.9943899018232819,537.9070400539786,4.0,4,0,0,4,0,0,0,0,0
69,111,Q-TCID,0.25,600,16200.0,0.9953051643192489,626.8360975813121,4.0,3,1,0,3,1,0,0,0,0
70,112,Q-TCID,0.25,600,16200.0,0.9966703662597114,657.1649619136006,3.0,3,0,0,3,0,0,0,0,0
71,113,Q-TCID,0.25,600,11400.0,0.9961340206185567,536.3836724422872,3.0,2,1,0,2,1,0,0,0,0
72,114,Q-TCID,0.25,600,12600.0,0.9947984395318595,570.0362479332834,4.0,4,0,0,4,0,0,0,0,0
73,115,Q-TCID,0.25,600,12000.0,0.9908376963350786,548.4914773739874,7.0,5,2,0,5,2,0,2,0,0
74,116,Q-TCID,0.25,600,12600.0,0.9921259842519685,504.9271203894168,7.0,5,1,1,5,1,1,1,0,0
75,117,Q-TCID,0.25,600,15600.0,0.9961139896373057,588.5342832617462,3.0,2,1,0,2,1,0,0,0,0
76,118,Q-TCID,0.25,600,11400.0,0.9914285714285714,499.1106258612126,6.0,5,1,0,5,1,0,0,0,0
77,119,Q-TCID,0.25,600,13200.0,0.9937185929648241,594.7068897001445,5.0,5,0,0,5,0,0,0,0,0
78,120,Q-TCID,0.25,600,12000.0,0.9918256130790191,490.12869213335216,6.0,6,0,0,6,0,0,0,0,0
79,121,Q-TCID,0.25,600,12000.0,0.9874125874125874,614.3919647186995,9.0,6,3,0,6,3,0,3,0,0
0,42,TA-QTCID,0.25,600,10800.0,0.9962168978562421,567.622600544244,3.0,2,1,0,2,1,0,1,0,793
1,43,TA-QTCID,0.25,600,12600.0,0.9986859395532195,588.5342832580209,1.0,1,0,0,1,0,0,0,0,761
2,44,TA-QTCID,0.25,600,11400.0,0.9853587115666179,534.0491610318422,10.0,10,0,0,10,0,0,0,0,683
3,45,TA-QTCID,0.25,600,10200.0,0.9923780487804879,513.6320781894028,6.0,5,0,1,5,0,1,1,1,655
4,46,TA-QTCID,0.25,600,10800.0,0.9901269393511989,520.4377724733204,7.0,5,2,0,5,2,0,0,0,709
5,47,TA-QTCID,0.25,600,9600.0,0.9987063389391979,501.44513726606965,1.0,1,0,0,1,0,0,0,0,773
6,48,TA-QTCID,0.25,600,13200.0,0.9987113402061856,615.005268573761,1.0,1,0,0,1,0,0,0,0,776
7,49,TA-QTCID,0.25,600,11400.0,0.9986928104575163,555.1388997025788,1.0,1,0,0,1,0,0,0,0,765
8,50,TA-QTCID,0.25,600,10800.0,0.9949174078780177,540.7559353373945,4.0,3,1,0,3,1,0,0,0,787
9,51,TA-QTCID,0.25,600,12000.0,0.9962640099626401,582.895844688639,3.0,3,0,0,3,0,0,0,0,803
10,52,TA-QTCID,0.25,600,10800.0,0.9961340206185567,562.9931457154453,3.0,2,1,0,2,1,0,1,0,776
11,53,TA-QTCID,0.25,600,10800.0,0.9961190168175937,540.7559353392571,3.0,3,0,0,3,0,0,0,0,773
12,54,TA-QTCID,0.25,600,13200.0,0.9951100244498777,623.2354104928672,4.0,4,0,0,4,0,0,0,0,818
13,55,TA-QTCID,0.25,600,12600.0,0.9908987485779295,670.5587265323848,8.0,6,2,0,6,2,0,2,0,879
14,56,TA-QTCID,0.25,600,11400.0,0.989501312335958,554.367323897779,8.0,7,1,0,7,1,0,0,0,762
15,57,TA-QTCID,0.25,600,12000.0,0.9971910112359551,560.5201463419944,2.0,2,0,0,2,0,0,0,0,712
16,58,TA-QTCID,0.25,600,14400.0,0.9967462039045553,707.1591172851622,3.0,2,1,0,2,1,0,1,0,922
17,59,TA-QTCID,0.25,600,12600.0,0.9963144963144963,631.089656509459,3.0,2,1,0,2,1,0,1,0,814
18,60,TA-QTCID,0.25,600,13800.0,0.9912060301507538,660.6271610427648,7.0,6,1,0,6,1,0,1,0,796
19,61,TA-QTCID,0.25,600,13200.0,0.9938650306748467,619.8919153381139,5.0,4,1,0,4,1,0,0,0,815
20,62,TA-QTCID,0.25,600,13800.0,0.9950062421972534,639.1615264676511,4.0,4,0,0,4,0,0,0,0,801
21,63,TA-QTCID,0.25,600,12600.0,0.9964243146603099,609.6240219306201,3.0,3,0,0,3,0,0,0,0,839
22,64,TA-QTCID,0.25,600,9600.0,0.9959785522788204,493.7293792180717,3.0,3,0,0,3,0,0,0,0,746
23,65,TA-QTCID,0.25,600,12000.0,0.9950678175092479,582.1242688819766,4.0,4,0,0,4,0,0,0,0,811
24,66,TA-QTCID,0.25,600,15600.0,0.9977011494252873,711.37310821563,2.0,1,1,0,1,1,0,0,0,870
25,67,TA-QTCID,0.25,600,10200.0,0.9926144756277696,494.73836296610534,5.0,5,0,0,5,0,0,0,0,677
26,68,TA-QTCID,0.25,600,10800.0,0.9886524822695035,547.3044376820326,8.0,7,1,0,7,1,0,1,0,705
27,69,TA-QTCID,0.25,600,13200.0,0.9986168741355463,600.3453282769769,1.0,0,1,0,0,1,0,0,0,723
28,70,TA-QTCID,0.25,600,13200.0,0.9974489795918368,613.2049250267446,2.0,2,0,0,2,0,0,0,0,784
29,71,TA-QTCID,0.25,600,11400.0,0.9948387096774194,555.1388996988535,4.0,4,0,0,4,0,0,0,0,775
30,72,TA-QTCID,0.25,600,12000.0,0.9949558638083228,578.7807737309486,4.0,4,0,0,4,0,0,0,0,793
31,73,TA-QTCID,0.25,600,9600.0,0.9889937106918238,469.0389534626156,7.0,7,0,0,7,0,0,0,0,636
32,74,TA-QTCID,0.25,600,12600.0,0.9988331388564761,638.2910306788981,2.0,1,0,1,1,0,1,1,1,856
33,75,TA-QTCID,0.25,600,10800.0,0.996319018404908,573.0236311815679,3.0,2,1,0,2,1,0,1,0,815
34,76,TA-QTCID,0.25,600,10800.0,0.993368700265252,533.297369223088,5.0,5,0,0,5,0,0,0,0,754
35,77,TA-QTCID,0.25,600,8400.0,0.9875,458.65235608257353,8.0,7,1,0,7,1,0,1,0,640
36,78,TA-QTCID,0.25,600,15000.0,0.9960629921259843,665.8699197191745,3.0,3,0,0,3,0,0,0,0,762
37,79,TA-QTCID,0.25,600,13800.0,0.9988425925925926,648.1632441859692,1.0,0,1,0,0,1,0,0,0,864
38,80,TA-QTCID,0.25,600,11400.0,0.9963325183374083,568.7700722552836,3.0,3,0,0,3,0,0,0,0,818
39,81,TA-QTCID,0.25,600,15000.0,0.9963144963144963,680.5298600196838,3.0,3,0,0,3,0,0,0,0,814
40,82,TA-QTCID,0.25,600,8400.0,0.9931129476584022,504.8084164187312,6.0,3,2,1,3,2,1,2,1,725
41,83,TA-QTCID,0.25,600,12600.0,0.9953161592505855,612.1959412805736,4.0,4,0,0,4,0,0,0,0,854
42,84,TA-QTCID,0.25,600,16200.0,0.9935897435897436,686.9398743938655,5.0,5,0,0,5,0,0,0,0,780
43,85,TA-QTCID,0.25,600,15000.0,0.9950186799501868,671.2709503490478,4.0,4,0,0,4,0,0,0,0,803
44,86,TA-QTCID,0.25,600,12000.0,0.9943342776203966,556.4050753805786,4.0,4,0,0,4,0,0,0,0,706
45,87,TA-QTCID,0.25,600,10200.0,0.9941089837997055,524.1769475247711,4.0,3,1,0,3,1,0,1,0,679
46,88,TA-QTCID,0.25,600,13800.0,0.9961240310077519,629.6454248744994,3.0,3,0,0,3,0,0,0,0,774
47,89,TA-QTCID,0.25,600,12600.0,0.994475138121547,580.0469494070858,4.0,4,0,0,4,0,0,0,0,724
48,90,TA-QTCID,0.25,600,10200.0,0.9958391123439667,505.02604036591947,3.0,3,0,0,3,0,0,0,0,721
49,91,TA-QTCID,0.25,600,11400.0,0.9890377588306942,592.550434242934,9.0,8,1,0,8,1,0,1,0,821
50,92,TA-QTCID,0.25,600,14400.0,0.9953703703703703,668.2044311240315,4.0,4,0,0,4,0,0,0,0,864
51,93,TA-QTCID,0.25,600,9600.0,0.9873417721518988,511.0799428373575,9.0,8,1,0,8,1,0,1,0,711
52,94,TA-QTCID,0.25,600,12600.0,0.9947019867549669,590.5918187405914,4.0,4,0,0,4,0,0,0,0,755
53,95,TA-QTCID,0.25,600,11400.0,0.9959514170040485,550.2522529400885,3.0,3,0,0,3,0,0,0,0,741
54,96,TA-QTCID,0.25,600,10800.0,0.9975278121137207,547.4429256450385,2.0,2,0,0,2,0,0,0,0,809
55,97,TA-QTCID,0.25,600,13800.0,0.99609375,626.8163135871291,3.0,3,0,0,3,0,0,0,0,768
56,98,TA-QTCID,0.25,600,15000.0,0.9974193548387097,665.3555358480662,2.0,2,0,0,2,0,0,0,0,775
57,99,TA-QTCID,0.25,600,12000.0,0.9914320685434517,584.953380163759,7.0,7,0,0,7,0,0,0,0,817
58,100,TA-QTCID,0.25,600,13800.0,0.9957983193277311,618.0717878006399,3.0,3,0,0,3,0,0,0,0,714
59,101,TA-QTCID,0.25,600,12000.0,0.9987029831387808,574.4085108339787,1.0,1,0,0,1,0,0,0,0,771
60,102,TA-QTCID,0.25,600,15000.0,0.9939686369119421,679.2439003363252,5.0,4,1,0,4,1,0,0,0,829
61,103,TA-QTCID,0.25,600,10800.0,0.9904109589041096,529.6966821346432,7.0,7,0,0,7,0,0,0,0,730
62,104,TA-QTCID,0.25,600,10200.0,0.9939320388349514,532.0311935395002,5.0,5,0,0,5,0,0,0,0,824
63,105,TA-QTCID,0.25,600,13800.0,0.9955056179775281,655.8790022376925,4.0,3,1,0,3,1,0,0,0,890
64,106,TA-QTCID,0.25,600,13200.0,1.0,616.5484201852232,0.0,0,0,0,0,0,0,0,0,782
65,107,TA-QTCID,0.25,600,10800.0,0.9936788874841972,542.8134708162397,5.0,5,0,0,5,0,0,0,0,791
66,108,TA-QTCID,0.25,600,12000.0,0.9961340206185567,573.3797430861741,3.0,3,0,0,3,0,0,0,0,776
67,109,TA-QTCID,0.25,600,13800.0,0.9933554817275747,658.9653054587543,6.0,6,0,0,6,0,0,0,0,903
68,110,TA-QTCID,0.25,600,11400.0,0.9944598337950139,594.7266736961901,4.0,2,2,0,2,2,0,2,0,722
69,111,TA-QTCID,0.25,600,10800.0,0.9987129987129987,566.0794489365071,2.0,1,0,1,1,0,1,1,1,776
70,112,TA-QTCID,0.25,600,12000.0,0.9930555555555556,563.8636414986104,5.0,5,0,0,5,0,0,0,0,720
71,113,TA-QTCID,0.25,600,11400.0,0.99375,561.8258900102228,5.0,5,0,0,5,0,0,0,0,800
72,114,TA-QTCID,0.25,600,13800.0,0.9878048780487805,622.9584345668554,9.0,9,0,0,9,0,0,0,0,738
73,115,TA-QTCID,0.25,600,11400.0,0.9958391123439667,542.53649488464,3.0,3,0,0,3,0,0,0,0,721
74,116,TA-QTCID,0.25,600,12000.0,0.995243757431629,592.411946285516,4.0,4,0,0,4,0,0,0,0,841
75,117,TA-QTCID,0.25,600,12600.0,0.993514915693904,592.134970350191,5.0,5,0,0,5,0,0,0,0,771
76,118,TA-QTCID,0.25,600,10200.0,0.9943342776203966,553.8727240227163,5.0,3,1,1,3,1,1,2,1,705
77,119,TA-QTCID,0.25,600,9000.0,0.9897209985315712,459.2854439225048,7.0,7,0,0,7,0,0,0,0,681
78,120,TA-QTCID,0.25,600,12600.0,0.9961389961389961,595.2212735731155,3.0,3,0,0,3,0,0,0,0,777
79,121,TA-QTCID,0.25,600,13200.0,0.9950124688279302,639.8143982999027,5.0,4,0,1,4,0,1,1,1,801
0,42,Q-TCID,0.25,1000,13000.0,0.994,366.63699533976614,4.0,2,1,1,2,1,1,1,0,0
1,43,Q-TCID,0.25,1000,12000.0,0.9871794871794872,315.35688030160964,6.0,4,2,0,4,2,0,0,0,0
2,44,Q-TCID,0.25,1000,11000.0,0.9772209567198178,315.4953682627529,11.0,9,1,1,9,1,1,1,0,0
3,45,Q-TCID,0.25,1000,12000.0,0.9938900203665988,338.99875432625413,3.0,3,0,0,3,0,0,0,0,0
4,46,Q-TCID,0.25,1000,9000.0,0.9855072463768116,266.0155967697501,6.0,6,0,0,6,0,0,0,0,0
5,47,Q-TCID,0.25,1000,16000.0,0.9979123173277662,318.18599158525467,1.0,1,0,0,1,0,0,0,0,0
6,48,Q-TCID,0.25,1000,13000.0,0.991701244813278,369.6045945864171,4.0,2,2,0,2,2,0,2,0,0
7,49,Q-TCID,0.25,1000,11000.0,0.9916666666666667,318.44318352267146,4.0,4,0,0,4,0,0,0,0,0
8,50,Q-TCID,0.25,1000,15000.0,0.9903474903474904,363.6693960893899,5.0,4,1,0,4,1,0,0,0,0
9,51,Q-TCID,0.25,1000,11000.0,0.9853249475890985,342.995121313259,7.0,6,1,0,6,1,0,1,0,0
10,52,Q-TCID,0.25,1000,14000.0,0.9958333333333333,412.140183839947,4.0,1,1,2,1,1,2,3,0,0
11,53,Q-TCID,0.25,1000,17000.0,0.994059405940594,385.6494145337492,3.0,2,1,0,2,1,0,1,0,0
12,54,Q-TCID,0.25,1000,13000.0,0.994140625,362.1262444779277,3.0,2,1,0,2,1,0,0,0,0
13,55,Q-TCID,0.25,1000,14000.0,0.9890310786106032,360.99855676293373,6.0,4,2,0,4,2,0,1,0,0
14,56,Q-TCID,0.25,1000,15000.0,0.9892008639308856,357.1208937447518,5.0,4,1,0,4,1,0,1,0,0
15,57,Q-TCID,0.25,1000,15000.0,0.9944341372912802,429.84685936383903,3.0,2,1,0,2,1,0,1,0,0
16,58,Q-TCID,0.25,1000,13000.0,0.9899396378269618,348.13896001316607,5.0,4,1,0,4,1,0,1,0,0
17,59,Q-TCID,0.25,1000,15000.0,0.9858870967741935,365.6082276031375,7.0,5,2,0,5,2,0,1,0,0
18,60,Q-TCID,0.25,1000,14000.0,0.9979959919839679,366.3798034004867,2.0,0,1,1,0,1,1,1,0,0
19,61,Q-TCID,0.25,1000,13000.0,0.992,359.0399412587285,4.0,4,0,0,4,0,0,0,0,0
20,62,Q-TCID,0.25,1000,15000.0,0.9855595667870036,390.6547652706504,8.0,7,1,0,7,1,0,0,0,0
21,63,Q-TCID,0.25,1000,11000.0,0.9939759036144579,348.3961519487202,3.0,2,1,0,2,1,0,1,0,0
22,64,Q-TCID,0.25,1000,12000.0,0.99,384.36345485784113,6.0,4,1,1,4,1,1,1,0,0
23,65,Q-TCID,0.25,1000,11000.0,0.9915074309978769,305.99905066378415,4.0,3,1,0,3,1,0,1,0,0
24,66,Q-TCID,0.25,1000,14000.0,0.9979508196721312,363.55069212056696,1.0,0,1,0,0,1,0,1,0,0
25,67,Q-TCID,0.25,1000,17000.0,0.9903846153846154,399.63669899851084,5.0,5,0,0,5,0,0,0,0,0
26,68,Q-TCID,0.25,1000,13000.0,0.9884615384615385,346.4573204424232,6.0,5,1,0,5,1,0,0,0,0
27,69,Q-TCID,0.25,1000,13000.0,0.9961538461538462,346.45732043869793,2.0,0,2,0,0,2,0,0,0,0
28,70,Q-TCID,0.25,1000,17000.0,0.9825581395348837,423.9314448609948,9.0,7,2,0,7,2,0,1,0,0
29,71,Q-TCID,0.25,1000,15000.0,0.9884169884169884,406.71936921030283,6.0,5,1,0,5,1,0,1,0,0
30,72,Q-TCID,0.25,1000,11000.0,0.9911699779249448,336.822514872998,4.0,3,1,0,3,1,0,1,0,0
31,73,Q-TCID,0.25,1000,10000.0,0.9808612440191388,292.36787811107934,8.0,4,4,0,4,4,0,1,0,0
32,74,Q-TCID,0.25,1000,16000.0,0.9924098671726755,469.8105292636901,5.0,3,1,1,3,1,1,2,0,0
33,75,Q-TCID,0.25,1000,12000.0,0.9900596421471173,349.6821116246283,5.0,2,3,0,2,3,0,1,0,0
34,76,Q-TCID,0.25,1000,13000.0,0.9939759036144579,348.39615195058286,4.0,3,0,1,3,0,1,1,0,0
35,77,Q-TCID,0.25,1000,13000.0,0.9910112359550561,352.4914389140904,4.0,3,1,0,3,1,0,1,0,0
36,78,Q-TCID,0.25,1000,13000.0,0.9874213836477987,317.671607716009,6.0,4,2,0,4,2,0,0,0,0
37,79,Q-TCID,0.25,1000,10000.0,0.9889135254988913,275.5316983629018,5.0,5,0,0,5,0,0,0,0,0
38,80,Q-TCID,0.25,1000,12000.0,0.9902534113060428,344.65697689540684,5.0,2,3,0,2,3,0,0,0,0
39,81,Q-TCID,0.25,1000,15000.0,0.9980842911877394,346.9717043098062,1.0,1,0,0,1,0,0,0,0,0
40,82,Q-TCID,0.25,1000,13000.0,0.9958246346555324,318.185991583392,2.0,2,0,0,2,0,0,0,0,0
41,83,Q-TCID,0.25,1000,13000.0,0.9926873857404022,353.401502687484,4.0,2,2,0,2,2,0,0,0,0
42,84,Q-TCID,0.25,1000,12000.0,0.9960707269155207,325.90174963511527,2.0,2,0,0,2,0,0,0,0,0
43,85,Q-TCID,0.25,1000,14000.0,0.9911971830985915,401.85250644013286,5.0,4,1,0,4,1,0,1,0,0
44,86,Q-TCID,0.25,1000,11000.0,0.9958932238193019,327.84058114513755,2.0,1,1,0,1,1,0,1,0,0
45,87,Q-TCID,0.25,1000,16000.0,0.9823008849557522,389.7447014991194,8.0,7,1,0,7,1,0,1,0,0
46,88,Q-TCID,0.25,1000,17000.0,0.9914383561643836,484.4704695586115,7.0,5,0,2,5,0,2,2,0,0
47,89,Q-TCID,0.25,1000,13000.0,0.9755555555555555,379.10091218724847,11.0,9,2,0,9,2,0,2,0,0
48,90,Q-TCID,0.25,1000,13000.0,0.9888682745825603,369.07042672485113,6.0,5,1,0,5,1,0,0,0,0
49,91,Q-TCID,0.25,1000,15000.0,0.9944029850746269,426.54293219931424,4.0,1,2,1,1,2,1,3,0,0
50,92,Q-TCID,0.25,1000,15000.0,0.9885714285714285,426.24617227353156,6.0,4,2,0,4,2,0,1,0,0
51,93,Q-TCID,0.25,1000,12000.0,0.9959349593495935,321.52948673814535,2.0,2,0,0,2,0,0,0,0,0
52,94,Q-TCID,0.25,1000,17000.0,0.9943181818181818,409.29128856025636,4.0,3,0,1,3,0,1,1,0,0
53,95,Q-TCID,0.25,1000,11000.0,0.9758241758241758,362.6604123413563,11.0,7,4,0,7,4,0,2,0,0
54,96,Q-TCID,0.25,1000,13000.0,0.9918367346938776,338.74156238883734,4.0,3,1,0,3,1,0,0,0,0
55,97,Q-TCID,0.25,1000,9000.0,0.9793103448275862,322.0636546034366,9.0,7,2,0,7,2,0,2,0,0
56,98,Q-TCID,0.25,1000,16000.0,0.987152034261242,365.7467155624181,7.0,3,3,1,3,3,1,2,0,0
57,99,Q-TCID,0.25,1000,11000.0,0.9936708860759493,342.2235455084592,3.0,2,1,0,2,1,0,1,0,0
58,100,Q-TCID,0.25,1000,17000.0,0.9886792452830189,427.53213194943964,7.0,4,2,1,4,2,1,1,0,0
59,101,Q-TCID,0.25,1000,17000.0,0.9915254237288136,377.1620806809515,4.0,3,1,0,3,1,0,1,0,0
60,102,Q-TCID,0.25,1000,13000.0,0.9981684981684982,370.87077027373016,1.0,1,0,0,1,0,0,0,0,0
61,103,Q-TCID,0.25,1000,12000.0,0.9958071278825996,342.99512131512165,3.0,2,0,1,2,0,1,1,0,0
62,104,Q-TCID,0.25,1000,11000.0,0.9844444444444445,336.05093907006085,7.0,6,1,0,6,1,0,1,0,0
63,105,Q-TCID,0.25,1000,12000.0,0.9942965779467681,348.00047205016017,3.0,1,2,0,1,2,0,0,0,0
64,106,Q-TCID,0.25,1000,11000.0,0.98559670781893,327.5833892095834,7.0,3,4,0,3,4,0,1,0,0
65,107,Q-TCID,0.25,1000,15000.0,0.9929577464788732,419.57896595820785,4.0,2,2,0,2,2,0,1,0,0
66,108,Q-TCID,0.25,1000,10000.0,0.9914529914529915,322.953934378922,4.0,3,1,0,3,1,0,1,0,0
67,109,Q-TCID,0.25,1000,10000.0,0.9933920704845814,294.0297336913645,3.0,3,0,0,3,0,0,0,0,0
68,110,Q-TCID,0.25,1000,15000.0,0.9759615384615384,377.95344047807157,10.0,7,3,0,7,3,0,3,0,0
69,111,Q-TCID,0.25,1000,10000.0,0.977116704805492,365.6280115917325,11.0,6,4,1,6,4,1,3,0,0
70,112,Q-TCID,0.25,1000,14000.0,0.9896373056994818,397.0845636446029,6.0,5,1,0,5,1,0,0,0,0
71,113,Q-TCID,0.25,1000,14000.0,0.9867424242424242,434.61480216123164,7.0,4,3,0,4,3,0,2,0,0
72,114,Q-TCID,0.25,1000,13000.0,0.9900199600798403,359.2971331961453,5.0,4,1,0,4,1,0,0,0,0
73,115,Q-TCID,0.25,1000,15000.0,0.994059405940594,324.8729818928987,3.0,2,1,0,2,1,0,0,0,0
74,116,Q-TCID,0.25,1000,12000.0,0.9900398406374502,349.42491968907416,6.0,4,1,1,4,1,1,1,0,0
75,117,Q-TCID,0.25,1000,16000.0,0.9965694682675815,433.5662504285574,2.0,2,0,0,2,0,0,0,0,0
76,118,Q-TCID,0.25,1000,13000.0,0.989010989010989,329.73984466679394,5.0,5,0,0,5,0,0,0,0,0
77,119,Q-TCID,0.25,1000,15000.0,0.9896694214876033,362.521924380213,6.0,4,1,1,4,1,1,1,0,0
78,120,Q-TCID,0.25,1000,15000.0,0.9811320754716981,353.12452675029635,9.0,9,0,0,9,0,0,0,0,0
79,121,Q-TCID,0.25,1000,10000.0,0.9724137931034482,296.74014100432396,12.0,10,2,0,10,2,0,1,0,0
0,42,TA-QTCID,0.25,1000,11000.0,0.9901380670611439,368.95172275416553,5.0,4,1,0,4,1,0,1,0,507
1,43,TA-QTCID,0.25,1000,12000.0,0.9937888198757764,356.2108299732208,3.0,3,0,0,3,0,0,0,0,483
2,44,TA-QTCID,0.25,1000,9000.0,0.9744245524296675,279.3697933945805,10.0,9,1,0,9,1,0,0,0,391
3,45,TA-QTCID,0.25,1000,13000.0,0.9879759519038076,404.40464179590344,6.0,5,1,0,5,1,0,1,0,499
4,46,TA-QTCID,0.25,1000,12000.0,0.9893162393162394,352.09575901553035,5.0,4,1,0,4,1,0,0,0,468
5,47,TA-QTCID,0.25,1000,10000.0,0.9956896551724138,315.87126417271793,2.0,1,1,0,1,1,0,0,0,464
6,48,TA-QTCID,0.25,1000,11000.0,0.9957264957264957,333.5977236907929,2.0,2,0,0,2,0,0,0,0,468
7,49,TA-QTCID,0.25,1000,13000.0,0.9903660886319846,382.93900721892715,5.0,5,0,0,5,0,0,0,0,519
8,50,TA-QTCID,0.25,1000,10000.0,0.9896694214876033,322.04387060925364,5.0,4,1,0,4,1,0,0,0,484
9,51,TA-QTCID,0.25,1000,14000.0,0.9859402460456942,441.42049643956125,8.0,5,3,0,5,3,0,1,0,569
10,52,TA-QTCID,0.25,1000,11000.0,0.9885321100917431,351.7198631092906,5.0,4,1,0,4,1,0,1,0,436
11,53,TA-QTCID,0.25,1000,12000.0,0.98125,355.18206223472953,9.0,9,0,0,9,0,0,0,0,480
12,54,TA-QTCID,0.25,1000,14000.0,0.9926739926739927,408.89560865983367,4.0,4,0,0,4,0,0,0,0,546
13,55,TA-QTCID,0.25,1000,11000.0,0.9872727272727273,355.45903816632926,7.0,7,0,0,7,0,0,0,0,550
14,56,TA-QTCID,0.25,1000,12000.0,0.9797752808988764,348.75226386263967,9.0,7,2,0,7,2,0,0,0,445
15,57,TA-QTCID,0.25,1000,11000.0,0.9922027290448343,371.0092582348734,5.0,3,1,1,3,1,1,1,1,512
16,58,TA-QTCID,0.25,1000,11000.0,0.9944029850746269,352.1155430097133,3.0,3,0,0,3,0,0,0,0,536
17,59,TA-QTCID,0.25,1000,10000.0,0.9831730769230769,304.81201096624136,7.0,6,1,0,6,1,0,0,0,416
18,60,TA-QTCID,0.25,1000,9000.0,0.995475113122172,292.2293901462108,2.0,2,0,0,2,0,0,0,0,442
19,61,TA-QTCID,0.25,1000,16000.0,0.989010989010989,426.08790032193065,5.0,5,0,0,5,0,0,0,0,455
20,62,TA-QTCID,0.25,1000,14000.0,0.9812206572769953,407.2139690890908,8.0,6,2,0,6,2,0,1,0,426
21,63,TA-QTCID,0.25,1000,10000.0,0.9900596421471173,325.6445576995611,5.0,4,1,0,4,1,0,0,0,503
22,64,TA-QTCID,0.25,1000,15000.0,0.9908759124087592,427.13645204901695,5.0,5,0,0,5,0,0,0,0,548
23,65,TA-QTCID,0.25,1000,11000.0,0.9942084942084942,348.7720478568226,3.0,3,0,0,3,0,0,0,0,518
24,66,TA-QTCID,0.25,1000,9000.0,0.991130820399113,294.0297336895019,4.0,4,0,0,4,0,0,0,0,451
25,67,TA-QTCID,0.25,1000,11000.0,0.9891540130151844,334.1121075619012,5.0,5,0,0,5,0,0,0,0,461
26,68,TA-QTCID,0.25,1000,11000.0,0.9895615866388309,390.41735733114183,5.0,2,3,0,2,3,0,2,0,479
27,69,TA-QTCID,0.25,1000,17000.0,0.9930915371329879,475.8446477390826,4.0,3,1,0,3,1,0,1,0,579
28,70,TA-QTCID,0.25,1000,11000.0,0.9852631578947368,411.36860803328454,8.0,4,3,1,4,3,1,3,1,474
29,71,TA-QTCID,0.25,1000,13000.0,0.9904942965779467,386.0253104418516,5.0,5,0,0,5,0,0,0,0,526
30,72,TA-QTCID,0.25,1000,13000.0,0.9934782608695653,371.6225620806217,3.0,3,0,0,3,0,0,0,0,460
31,73,TA-QTCID,0.25,1000,10000.0,0.9933774834437086,312.01338514499366,3.0,3,0,0,3,0,0,0,0,453
32,74,TA-QTCID,0.25,1000,9000.0,0.9935064935064936,297.3732288442552,3.0,3,0,0,3,0,0,0,0,462
33,75,TA-QTCID,0.25,1000,8000.0,0.9855072463768116,284.276224154979,7.0,7,0,0,7,0,0,0,0,483
34,76,TA-QTCID,0.25,1000,13000.0,0.994140625,381.3958556111902,3.0,2,1,0,2,1,0,0,0,512
35,77,TA-QTCID,0.25,1000,11000.0,0.9936842105263158,336.16964304074645,3.0,3,0,0,3,0,0,0,0,475
36,78,TA-QTCID,0.25,1000,10000.0,0.9850107066381156,391.8418049663305,8.0,4,3,1,4,3,1,3,1,466
37,79,TA-QTCID,0.25,1000,10000.0,0.9917184265010351,320.7579109352082,4.0,4,0,0,4,0,0,0,0,483
38,80,TA-QTCID,0.25,1000,14000.0,0.9901960784313726,401.1798506099731,5.0,5,0,0,5,0,0,0,0,510
39,81,TA-QTCID,0.25,1000,11000.0,0.9897330595482546,367.1513792127371,5.0,4,1,0,4,1,0,1,0,487
40,82,TA-QTCID,0.25,1000,10000.0,0.9835051546391752,320.24352706596255,8.0,7,1,0,7,1,0,0,0,485
41,83,TA-QTCID,0.25,1000,14000.0,0.9942307692307693,402.20861835218966,3.0,3,0,0,3,0,0,0,0,520
42,84,TA-QTCID,0.25,1000,10000.0,0.9916839916839917,319.9863351304084,4.0,4,0,0,4,0,0,0,0,481
43,85,TA-QTCID,0.25,1000,11000.0,0.995575221238938,357.1208937447518,2.0,1,1,0,1,1,0,1,0,452
44,86,TA-QTCID,0.25,1000,14000.0,0.9941634241245136,452.5984536148608,3.0,1,2,0,1,2,0,2,0,514
45,87,TA-QTCID,0.25,1000,10000.0,0.9883177570093458,306.3551625739783,5.0,5,0,0,5,0,0,0,0,428
46,88,TA-QTCID,0.25,1000,12000.0,0.9919517102615694,359.81151706911623,4.0,4,0,0,4,0,0,0,0,497
47,89,TA-QTCID,0.25,1000,12000.0,0.9885844748858448,344.6371929012239,5.0,4,1,0,4,1,0,0,0,438
48,90,TA-QTCID,0.25,1000,11000.0,0.9917864476386037,390.1601653955877,4.0,2,2,0,2,2,0,2,0,487
49,91,TA-QTCID,0.25,1000,13000.0,0.9906367041198502,388.34003785811365,5.0,4,1,0,4,1,0,0,0,534
50,92,TA-QTCID,0.25,1000,12000.0,0.99800796812749,361.09747673757374,1.0,1,0,0,1,0,0,0,0,502
51,93,TA-QTCID,0.25,1000,11000.0,0.9871244635193133,334.11210756376386,6.0,5,1,0,5,1,0,0,0,466
52,94,TA-QTCID,0.25,1000,12000.0,0.9936170212765958,352.86733481660485,3.0,3,0,0,3,0,0,0,0,470
53,95,TA-QTCID,0.25,1000,12000.0,0.9906015037593985,367.78446704894304,5.0,5,0,0,5,0,0,0,0,532
54,96,TA-QTCID,0.25,1000,14000.0,0.9913232104121475,440.2532407362014,4.0,2,2,0,2,2,0,2,0,461
55,97,TA-QTCID,0.25,1000,13000.0,0.9879518072289156,405.69060147181153,6.0,5,1,0,5,1,0,1,0,498
56,98,TA-QTCID,0.25,1000,11000.0,0.9776422764227642,339.77033012732863,11.0,11,0,0,11,0,0,0,0,492
57,99,TA-QTCID,0.25,1000,12000.0,0.9920634920634921,361.6118606105447,4.0,4,0,0,4,0,0,0,0,504
58,100,TA-QTCID,0.25,1000,15000.0,0.9885931558935361,445.7729753367603,6.0,5,1,0,5,1,0,1,0,526
59,101,TA-QTCID,0.25,1000,11000.0,0.9980353634577603,395.81838796287775,2.0,0,1,1,0,1,1,2,1,508
60,102,TA-QTCID,0.25,1000,15000.0,0.9897084048027445,436.1381697766483,6.0,5,1,0,5,1,0,0,0,583
61,103,TA-QTCID,0.25,1000,14000.0,0.9980769230769231,406.0664973780513,1.0,0,1,0,0,1,0,0,0,520
62,104,TA-QTCID,0.25,1000,10000.0,0.9933774834437086,338.36566648446023,4.0,3,0,1,3,0,1,1,1,452
63,105,TA-QTCID,0.25,1000,13000.0,0.9924098671726755,385.2537346370518,4.0,3,1,0,3,1,0,0,0,527
64,106,TA-QTCID,0.25,1000,14000.0,0.993801652892562,396.80758771672845,3.0,2,1,0,2,1,0,0,0,484
65,107,TA-QTCID,0.25,1000,13000.0,0.9960474308300395,407.49094501696527,2.0,1,1,0,1,1,0,1,0,506
66,108,TA-QTCID,0.25,1000,11000.0,0.9892703862660944,335.14087530225515,5.0,3,2,0,3,2,0,0,0,466
67,109,TA-QTCID,0.25,1000,10000.0,0.9914163090128756,315.35688030160964,4.0,4,0,0,4,0,0,0,0,466
68,110,TA-QTCID,0.25,1000,11000.0,0.9759615384615384,321.7668946776539,10.0,10,0,0,10,0,0,0,0,416
69,111,TA-QTCID,0.25,1000,9000.0,0.9837587006960556,289.6574707943946,7.0,7,0,0,7,0,0,0,0,431
70,112,TA-QTCID,0.25,1000,13000.0,0.9928952042628775,394.512644296512,4.0,4,0,0,4,0,0,0,0,563
71,113,TA-QTCID,0.25,1000,16000.0,0.9948805460750854,481.2456783782691,3.0,2,1,0,2,1,0,1,0,586
72,114,TA-QTCID,0.25,1000,13000.0,0.9898373983739838,404.14744986221194,5.0,4,1,0,4,1,0,1,0,492
73,115,TA-QTCID,0.25,1000,10000.0,0.9894291754756871,319.4719512630254,5.0,5,0,0,5,0,0,0,0,473
74,116,TA-QTCID,0.25,1000,11000.0,0.9873188405797102,381.5541275702417,7.0,6,1,0,6,1,0,1,0,552
75,117,TA-QTCID,0.25,1000,14000.0,0.9945155393053017,409.15280059725046,3.0,3,0,0,3,0,0,0,0,547
76,118,TA-QTCID,0.25,1000,13000.0,0.9901960784313726,405.94779340550303,5.0,4,1,0,4,1,0,1,0,510
77,119,TA-QTCID,0.25,1000,11000.0,0.9811715481171548,362.5219243783504,10.0,9,0,1,9,0,1,1,1,477
78,120,TA-QTCID,0.25,1000,9000.0,0.9832985386221295,300.9739159364253,8.0,7,1,0,7,1,0,0,0,479
79,121,TA-QTCID,0.25,1000,11000.0,0.9960079840319361,342.08505754359066,2.0,2,0,0,2,0,0,0,0,501
0,42,Q-TCID,0.25,1500,10500.0,0.9818181818181818,259.60558238625526,7.0,2,4,1,2,4,1,2,0,0
1,43,Q-TCID,0.25,1500,12000.0,0.9801699716713881,308.5709700137377,9.0,5,2,2,5,2,2,3,0,0
2,44,Q-TCID,0.25,1500,10500.0,0.975177304964539,178.88688279129565,7.0,6,1,0,6,1,0,0,0,0
3,45,Q-TCID,0.25,1500,10500.0,0.9825581395348837,263.2062694784254,7.0,2,4,1,2,4,1,2,0,0
4,46,Q-TCID,0.25,1500,12000.0,0.9796511627906976,255.6092153992504,8.0,5,2,1,5,2,1,1,0,0
5,47,Q-TCID,0.25,1500,12000.0,0.9862637362637363,260.75305409915745,5.0,2,3,0,2,3,0,1,0,0
6,48,Q-TCID,0.25,1500,13500.0,0.9859943977591037,276.67917007766664,5.0,3,2,0,3,2,0,1,0,0
7,49,Q-TCID,0.25,1500,16500.0,0.9849624060150376,279.8841772675514,6.0,5,1,0,5,1,0,0,0,0
8,50,Q-TCID,0.25,1500,13500.0,0.9922680412371134,259.32860646024346,3.0,2,1,0,2,1,0,0,0,0
9,51,Q-TCID,0.25,1500,12000.0,0.9540229885057471,289.55855081789196,16.0,9,7,0,9,7,0,3,0,0
10,52,Q-TCID,0.25,1500,13500.0,0.9855491329479769,273.85005879215896,6.0,1,4,1,1,4,1,1,0,0
11,53,Q-TCID,0.25,1500,12000.0,0.97953216374269,255.09483153000474,7.0,6,1,0,6,1,0,1,0,0
12,54,Q-TCID,0.25,1500,10500.0,0.9840764331210191,212.44053830765188,6.0,5,0,1,5,0,1,1,0,0
13,55,Q-TCID,0.25,1500,13500.0,0.9844961240310077,335.0419553220272,6.0,2,4,0,2,4,0,3,0,0
14,56,Q-TCID,0.25,1500,15000.0,0.9860724233983287,294.92001346871257,5.0,2,3,0,2,3,0,1,0,0
15,57,Q-TCID,0.25,1500,16500.0,0.9942528735632183,249.04092906229198,2.0,2,0,0,2,0,0,0,0,0
16,58,Q-TCID,0.25,1500,16500.0,0.979539641943734,353.7971825823188,8.0,5,3,0,5,3,0,3,0,0
17,59,Q-TCID,0.25,1500,16500.0,0.9824561403508771,280.4183451272547,6.0,4,2,0,4,2,0,2,0,0
18,60,Q-TCID,0.25,1500,15000.0,0.9857549857549858,282.73307254351676,6.0,2,3,1,2,3,1,2,0,0
19,61,Q-TCID,0.25,1500,12000.0,0.9804469273743017,302.2598756086081,7.0,3,4,0,3,4,0,2,0,0
20,62,Q-TCID,0.25,1500,12000.0,0.9805555555555555,259.72428636066616,8.0,7,0,1,7,0,1,1,0,0
21,63,Q-TCID,0.25,1500,13500.0,0.9845758354755784,267.1828524749726,6.0,5,1,0,5,1,0,1,0,0
22,64,Q-TCID,0.25,1500,16500.0,0.9794871794871794,320.61942297033966,8.0,5,3,0,5,3,0,1,0,0
23,65,Q-TCID,0.25,1500,16500.0,0.9926289926289926,289.538766823709,3.0,2,1,0,2,1,0,1,0,0
24,66,Q-TCID,0.25,1500,10500.0,0.9877675840978594,241.10754706338048,5.0,3,1,1,3,1,1,2,0,0
25,67,Q-TCID,0.25,1500,13500.0,0.9775280898876404,215.6455454993993,8.0,7,1,0,7,1,0,0,0,0
26,68,Q-TCID,0.25,1500,10500.0,0.9833795013850416,267.57853237353265,6.0,4,2,0,4,2,0,2,0,0
27,69,Q-TCID,0.25,1500,16500.0,0.9948320413436692,276.79787404462695,2.0,1,1,0,1,1,0,0,0,0
28,70,Q-TCID,0.25,1500,13500.0,0.9801980198019802,288.7671910189092,9.0,6,2,1,6,2,1,1,0,0
29,71,Q-TCID,0.25,1500,13500.0,0.9792284866468842,253.80887185409665,7.0,5,2,0,5,2,0,1,0,0
30,72,Q-TCID,0.25,1500,16500.0,0.989041095890411,314.1896245982498,4.0,3,1,0,3,1,0,1,0,0
31,73,Q-TCID,0.25,1500,13500.0,0.9798850574712644,238.9115236196667,8.0,6,1,1,6,1,1,1,0,0
32,74,Q-TCID,0.25,1500,12000.0,0.9846153846153847,258.3196227159351,6.0,4,1,1,4,1,1,2,0,0
33,75,Q-TCID,0.25,1500,15000.0,0.9868421052631579,282.5945845823735,5.0,3,2,0,3,2,0,1,0,0
34,76,Q-TCID,0.25,1500,13500.0,0.9873737373737373,312.0331691354513,5.0,2,3,0,2,3,0,2,0,0
35,77,Q-TCID,0.25,1500,9000.0,0.9878419452887538,241.62193093262613,4.0,2,2,0,2,2,0,2,0,0
36,78,Q-TCID,0.25,1500,12000.0,0.9722991689750693,252.38442421518266,10.0,7,3,0,7,3,0,0,0,0
37,79,Q-TCID,0.25,1500,10500.0,0.9801699716713881,240.19748329557478,8.0,4,3,1,4,3,1,1,0,0
38,80,Q-TCID,0.25,1500,13500.0,0.9791044776119403,253.29448798298836,8.0,4,3,1,4,3,1,1,0,0
39,81,Q-TCID,0.25,1500,12000.0,0.9865951742627346,237.7442679181695,5.0,2,3,0,2,3,0,0,0,0
40,82,Q-TCID,0.25,1500,10500.0,0.9915254237288136,232.85762115195394,3.0,3,0,0,3,0,0,0,0,0
41,83,Q-TCID,0.25,1500,10500.0,0.9782608695652174,294.702389517799,9.0,4,4,1,4,4,1,3,0,0
42,84,Q-TCID,0.25,1500,9000.0,0.9731182795698925,270.40764365904033,10.0,6,4,0,6,4,0,2,0,0
43,85,Q-TCID,0.25,1500,15000.0,0.9860335195530726,276.9363620094955,5.0,4,1,0,4,1,0,1,0,0
44,86,Q-TCID,0.25,1500,10500.0,0.9884726224783862,289.30135888047516,5.0,0,4,1,0,4,1,3,0,0
45,87,Q-TCID,0.25,1500,12000.0,0.961038961038961,253.94735982082784,12.0,7,5,0,7,5,0,2,0,0
46,88,Q-TCID,0.25,1500,16500.0,0.9857482185273159,353.91588655486703,7.0,4,2,1,4,2,1,2,0,0
47,89,Q-TCID,0.25,1500,10500.0,0.9668874172185431,310.64828948676586,12.0,4,6,2,4,6,2,5,0,0
48,90,Q-TCID,0.25,1500,16500.0,0.9779005524861878,260.23867022804916,8.0,4,4,0,4,4,0,1,0,0
49,91,Q-TCID,0.25,1500,16500.0,0.9904306220095693,284.77082402817905,4.0,4,0,0,4,0,0,0,0,0
50,92,Q-TCID,0.25,1500,10500.0,0.9698630136986301,243.28378651291132,11.0,8,3,0,8,3,0,1,0,0
51,93,Q-TCID,0.25,1500,10500.0,0.9850746268656716,210.2445148639381,5.0,4,1,0,4,1,0,0,0,0
52,94,Q-TCID,0.25,1500,13500.0,0.9811827956989247,305.86056269705296,8.0,4,3,1,4,3,1,2,0,0
53,95,Q-TCID,0.25,1500,12000.0,0.9778393351800554,259.981478292495,8.0,5,3,0,5,3,0,1,0,0
54,96,Q-TCID,0.25,1500,12000.0,0.9888888888888889,259.72428635694087,4.0,3,1,0,3,1,0,1,0,0
55,97,Q-TCID,0.25,1500,15000.0,0.9832402234636871,259.2099024876952,6.0,4,2,0,4,2,0,1,0,0
56,98,Q-TCID,0.25,1500,10500.0,0.9845201238390093,257.8052388429642,6.0,3,2,1,3,2,1,2,0,0
57,99,Q-TCID,0.25,1500,15000.0,0.9912023460410557,264.9670450370759,3.0,3,0,0,3,0,0,0,0,0
58,100,Q-TCID,0.25,1500,13500.0,0.9814323607427056,256.49949517287314,7.0,6,1,0,6,1,0,0,0,0
59,101,Q-TCID,0.25,1500,12000.0,0.9756838905775076,277.0748499725014,8.0,5,3,0,5,3,0,2,0,0
60,102,Q-TCID,0.25,1500,13500.0,0.9927536231884058,266.0155967678875,3.0,2,1,0,2,1,0,0,0,0
61,103,Q-TCID,0.25,1500,10500.0,0.9851632047477745,210.75889873318374,5.0,5,0,0,5,0,0,0,0,0
62,104,Q-TCID,0.25,1500,15000.0,0.9760479041916168,296.0872691683471,8.0,5,3,0,5,3,0,2,0,0
63,105,Q-TCID,0.25,1500,13500.0,0.9755434782608695,279.50828135944903,9.0,4,5,0,4,5,0,1,0,0
64,106,Q-TCID,0.25,1500,13500.0,0.976878612716763,273.8500587902963,8.0,4,4,0,4,4,0,1,0,0
65,107,Q-TCID,0.25,1500,15000.0,0.9902200488997555,290.05315069667995,4.0,3,1,0,3,1,0,1,0,0
66,108,Q-TCID,0.25,1500,16500.0,0.976878612716763,273.8500587902963,8.0,6,2,0,6,2,0,1,0,0
67,109,Q-TCID,0.25,1500,12000.0,0.9796511627906976,280.932728998363,7.0,4,3,0,4,3,0,2,0,0
68,110,Q-TCID,0.25,1500,12000.0,0.9753086419753086,301.11240389570594,8.0,5,3,0,5,3,0,3,0,0
69,111,Q-TCID,0.25,1500,12000.0,0.9739130434782609,255.8664073329419,9.0,8,1,0,8,1,0,1,0,0
70,112,Q-TCID,0.25,1500,16500.0,0.9853300733496333,307.77961021475494,6.0,5,1,0,5,1,0,1,0,0
71,113,Q-TCID,0.25,1500,16500.0,0.9789473684210527,325.6445576995611,8.0,3,5,0,3,5,0,2,0,0
72,114,Q-TCID,0.25,1500,16500.0,0.9836512261580381,340.0275220647454,6.0,4,2,0,4,2,0,2,0,0
73,115,Q-TCID,0.25,1500,10500.0,0.9840425531914894,220.789384201169,6.0,5,1,0,5,1,0,0,0,0
74,116,Q-TCID,0.25,1500,12000.0,0.994413407821229,233.88638889230788,2.0,2,0,0,2,0,0,0,0,0
75,117,Q-TCID,0.25,1500,13500.0,0.9836512261580381,286.8481435030699,7.0,4,2,1,4,2,1,2,0,0
76,118,Q-TCID,0.25,1500,12000.0,0.9797101449275363,298.91638045571744,7.0,5,2,0,5,2,0,2,0,0
77,119,Q-TCID,0.25,1500,16500.0,0.9888268156424581,251.6128484122455,4.0,3,1,0,3,1,0,0,0,0
78,120,Q-TCID,0.25,1500,15000.0,0.9791666666666666,253.5516799185425,7.0,6,1,0,6,1,0,1,0,0
79,121,Q-TCID,0.25,1500,13500.0,0.9833333333333333,234.40077275969088,6.0,5,1,0,5,1,0,0,0,0
0,42,TA-QTCID,0.25,1500,13500.0,0.9797687861271677,292.8624779842794,7.0,6,1,0,6,1,0,1,0,346
1,43,TA-QTCID,0.25,1500,12000.0,0.9915254237288136,253.4131919555366,3.0,3,0,0,3,0,0,0,0,354
2,44,TA-QTCID,0.25,1500,9000.0,0.9790209790209791,200.21402940154076,6.0,6,0,0,6,0,0,0,0,286
3,45,TA-QTCID,0.25,1500,15000.0,0.9918256130790191,290.66645453870296,3.0,3,0,0,3,0,0,0,0,367
4,46,TA-QTCID,0.25,1500,10500.0,0.9838709677419355,223.0843276232481,5.0,4,1,0,4,1,0,0,0,310
5,47,TA-QTCID,0.25,1500,16500.0,0.9974619289340102,296.3246771078557,1.0,0,1,0,0,1,0,0,0,394
6,48,TA-QTCID,0.25,1500,15000.0,0.9858356940509915,288.3517271243036,5.0,5,0,0,5,0,0,0,0,353
7,49,TA-QTCID,0.25,1500,10500.0,0.9830028328611898,233.11481308564544,6.0,4,2,0,4,2,0,0,0,353
8,50,TA-QTCID,0.25,1500,12000.0,0.989041095890411,254.95634356699884,4.0,4,0,0,4,0,0,0,0,365
9,51,TA-QTCID,0.25,1500,9000.0,0.9789473684210527,222.3325358107686,8.0,8,0,0,8,0,0,0,0,380
10,52,TA-QTCID,0.25,1500,10500.0,0.987987987987988,254.32325572520494,5.0,4,0,1,4,0,1,1,1,332
11,53,TA-QTCID,0.25,1500,15000.0,0.9850374064837906,299.4109803289175,6.0,5,1,0,5,1,0,0,0,401
12,54,TA-QTCID,0.25,1500,12000.0,0.9834710743801653,278.99389748834074,6.0,5,1,0,5,1,0,1,0,363
13,55,TA-QTCID,0.25,1500,10500.0,0.9846938775510204,319.1158393472433,7.0,4,2,1,4,2,1,3,1,391
14,56,TA-QTCID,0.25,1500,10500.0,0.9801136363636364,258.95271055586636,7.0,6,1,0,6,1,0,1,0,352
15,57,TA-QTCID,0.25,1500,10500.0,0.985632183908046,257.9239428155124,5.0,4,1,0,4,1,0,1,0,348
16,58,TA-QTCID,0.25,1500,15000.0,0.9899749373433584,298.8965964615345,4.0,4,0,0,4,0,0,0,0,399
17,59,TA-QTCID,0.25,1500,9000.0,0.9815950920245399,233.76768491975963,6.0,2,4,0,2,4,0,1,0,326
18,60,TA-QTCID,0.25,1500,12000.0,0.9943820224719101,277.96512974984944,2.0,1,1,0,1,1,0,1,0,356
19,61,TA-QTCID,0.25,1500,10500.0,0.9736070381231672,256.3807912040502,9.0,8,1,0,8,1,0,1,0,341
20,62,TA-QTCID,0.25,1500,10500.0,0.9915254237288136,234.40077276155353,3.0,3,0,0,3,0,0,0,0,354
21,63,TA-QTCID,0.25,1500,15000.0,0.9892183288409704,294.26714163273573,4.0,4,0,0,4,0,0,0,0,371
22,64,TA-QTCID,0.25,1500,13500.0,0.9915014164305949,295.94878120720387,4.0,3,0,1,3,0,1,1,1,352
23,65,TA-QTCID,0.25,1500,10500.0,0.9849397590361446,228.7425501924008,5.0,5,0,0,5,0,0,0,0,332
24,66,TA-QTCID,0.25,1500,9000.0,0.9810725552050473,232.2245333082974,6.0,5,1,0,5,1,0,1,0,317
25,67,TA-QTCID,0.25,1500,10500.0,0.9915254237288136,234.14358082413673,3.0,3,0,0,3,0,0,0,0,354
26,68,TA-QTCID,0.25,1500,15000.0,0.9850746268656716,299.66817226819694,6.0,6,0,0,6,0,0,0,0,402
27,69,TA-QTCID,0.25,1500,10500.0,0.9794721407624634,256.3807912040502,7.0,6,1,0,6,1,0,1,0,341
28,70,TA-QTCID,0.25,1500,10500.0,0.9910714285714286,230.80008567124605,3.0,3,0,0,3,0,0,0,0,336
29,71,TA-QTCID,0.25,1500,12000.0,0.9784615384615385,245.9546258430928,7.0,7,0,0,7,0,0,0,0,325
30,72,TA-QTCID,0.25,1500,12000.0,0.9823529411764705,273.59286685846746,7.0,5,1,1,5,1,1,1,1,339
31,73,TA-QTCID,0.25,1500,13500.0,0.9827089337175793,294.405629593879,6.0,5,1,0,5,1,0,1,0,347
32,74,TA-QTCID,0.25,1500,12000.0,0.9842105263157894,283.1089684497565,7.0,6,0,1,6,0,1,1,1,379
33,75,TA-QTCID,0.25,1500,9000.0,0.9877675840978594,208.95855518803,4.0,4,0,0,4,0,0,0,0,327
34,76,TA-QTCID,0.25,1500,9000.0,0.9840764331210191,231.71014943905175,5.0,4,1,0,4,1,0,1,0,314
35,77,TA-QTCID,0.25,1500,12000.0,0.9972677595628415,280.5370491016656,2.0,1,0,1,1,0,1,1,1,365
36,78,TA-QTCID,0.25,1500,10500.0,0.9808917197452229,249.17941702529788,6.0,5,1,0,5,1,0,1,0,314
37,79,TA-QTCID,0.25,1500,13500.0,0.9916666666666667,296.4631650727242,3.0,2,1,0,2,1,0,1,0,360
38,80,TA-QTCID,0.25,1500,10500.0,0.9700598802395209,253.5516799185425,10.0,7,3,0,7,3,0,1,0,334
39,81,TA-QTCID,0.25,1500,10500.0,0.9876543209876543,226.68501470983028,4.0,4,0,0,4,0,0,0,0,324
40,82,TA-QTCID,0.25,1500,10500.0,0.9825581395348837,231.5716614741832,6.0,5,1,0,5,1,0,0,0,344
41,83,TA-QTCID,0.25,1500,10500.0,0.9848024316109423,227.97097438387573,5.0,5,0,0,5,0,0,0,0,329
42,84,TA-QTCID,0.25,1500,12000.0,0.9849624060150376,263.44367742165923,6.0,4,2,0,4,2,0,0,0,399
43,85,TA-QTCID,0.25,1500,12000.0,0.9971098265895953,251.09846454113722,1.0,1,0,0,1,0,0,0,0,346
44,86,TA-QTCID,0.25,1500,9000.0,0.9713375796178344,231.45295750536025,9.0,7,2,0,7,2,0,1,0,314
45,87,TA-QTCID,0.25,1500,10500.0,0.9908814589665653,227.71378245204687,3.0,2,1,0,2,1,0,0,0,329
46,88,TA-QTCID,0.25,1500,9000.0,0.9762611275964391,236.5967962052673,8.0,7,1,0,7,1,0,1,0,337
47,89,TA-QTCID,0.25,1500,13500.0,0.9918478260869565,274.4831466320902,3.0,3,0,0,3,0,0,0,0,368
48,90,TA-QTCID,0.25,1500,10500.0,0.9915492957746479,258.95271055214107,4.0,2,1,1,2,1,1,1,1,354
49,91,TA-QTCID,0.25,1500,10500.0,0.9855072463768116,232.08604534715414,5.0,5,0,0,5,0,0,0,0,345
50,92,TA-QTCID,0.25,1500,13500.0,0.9894459102902374,276.28349017351866,4.0,4,0,0,4,0,0,0,0,379
51,93,TA-QTCID,0.25,1500,13500.0,0.9763313609467456,266.76738858036697,8.0,7,1,0,7,1,0,0,0,338
52,94,TA-QTCID,0.25,1500,12000.0,0.9922077922077922,259.0714145246893,3.0,3,0,0,3,0,0,0,0,385
53,95,TA-QTCID,0.25,1500,12000.0,0.9941520467836257,275.3932103998959,2.0,1,1,0,1,1,0,1,0,342
54,96,TA-QTCID,0.25,1500,12000.0,0.9824046920821115,275.39321040175855,7.0,5,1,1,5,1,1,1,1,340
55,97,TA-QTCID,0.25,1500,12000.0,0.9890710382513661,255.213535502553,4.0,3,1,0,3,1,0,0,0,366
56,98,TA-QTCID,0.25,1500,13500.0,0.9866310160427807,276.0262982416898,5.0,5,0,0,5,0,0,0,0,374
57,99,TA-QTCID,0.25,1500,9000.0,0.9814241486068112,233.76768492162228,7.0,6,0,1,6,0,1,1,1,322
58,100,TA-QTCID,0.25,1500,10500.0,0.986449864498645,237.22988404519856,5.0,5,0,0,5,0,0,0,0,369
59,101,TA-QTCID,0.25,1500,12000.0,0.9881305637982196,247.7549693863839,4.0,3,1,0,3,1,0,0,0,337
60,102,TA-QTCID,0.25,1500,10500.0,0.989159891598916,262.55339764244854,4.0,3,1,0,3,1,0,1,0,369
61,103,TA-QTCID,0.25,1500,12000.0,0.9882005899705014,249.29812099784613,4.0,4,0,0,4,0,0,0,0,339
62,104,TA-QTCID,0.25,1500,10500.0,0.9789156626506024,227.97097438573837,7.0,7,0,0,7,0,0,0,0,332
63,105,TA-QTCID,0.25,1500,10500.0,0.994475138121547,236.4583082422614,2.0,1,1,0,1,1,0,0,0,362
64,106,TA-QTCID,0.25,1500,10500.0,0.9837662337662337,222.3127518184483,5.0,4,1,0,4,1,0,0,0,308
65,107,TA-QTCID,0.25,1500,9000.0,0.9888579387186629,216.9315051753074,4.0,4,0,0,4,0,0,0,0,359
66,108,TA-QTCID,0.25,1500,10500.0,0.978328173374613,226.42782277427614,7.0,7,0,0,7,0,0,0,0,323
67,109,TA-QTCID,0.25,1500,10500.0,0.9715099715099715,258.4383266828954,10.0,8,2,0,8,2,0,1,0,351
68,110,TA-QTCID,0.25,1500,7500.0,0.9727891156462585,233.13459707982838,8.0,6,2,0,6,2,0,2,0,294
69,111,TA-QTCID,0.25,1500,10500.0,0.9848484848484849,228.22816632129252,5.0,5,0,0,5,0,0,0,0,330
70,112,TA-QTCID,0.25,1500,13500.0,0.9904076738609112,310.3515295665711,5.0,4,0,1,4,0,1,1,1,416
71,113,TA-QTCID,0.25,1500,10500.0,0.9921465968586387,241.34495500475168,3.0,3,0,0,3,0,0,0,0,382
72,114,TA-QTCID,0.25,1500,9000.0,0.990506329113924,205.87225196883082,3.0,3,0,0,3,0,0,0,0,316
73,115,TA-QTCID,0.25,1500,13500.0,0.9925187032418953,281.68452081270516,3.0,3,0,0,3,0,0,0,0,401
74,116,TA-QTCID,0.25,1500,12000.0,0.9917355371900827,255.727919369936,3.0,3,0,0,3,0,0,0,0,363
75,117,TA-QTCID,0.25,1500,12000.0,0.9863760217983651,255.21353550069034,5.0,5,0,0,5,0,0,0,0,367
76,118,TA-QTCID,0.25,1500,12000.0,0.9943019943019943,276.679170075804,3.0,2,0,1,2,0,1,1,1,350
77,119,TA-QTCID,0.25,1500,13500.0,0.9881305637982196,266.51019664667547,4.0,3,1,0,3,1,0,0,0,337
78,120,TA-QTCID,0.25,1500,10500.0,0.9880952380952381,229.25693405978382,4.0,4,0,0,4,0,0,0,0,336
79,121,TA-QTCID,0.25,1500,16500.0,0.9828009828009828,324.99168586172163,7.0,6,1,0,6,1,0,1,0,407
0,42,Q-TCID,0.5,50,12350.0,0.9976638243195889,5949.70016832836,21.0,20,0,1,20,0,1,1,0,0
1,43,Q-TCID,0.5,50,13650.0,0.9985800109229929,6573.489530695602,13.0,13,0,0,13,0,0,0,0,0
2,44,Q-TCID,0.5,50,16050.0,0.9980897803247374,7277.186448877677,16.0,16,0,0,16,0,0,0,0,0
3,45,Q-TCID,0.5,50,10100.0,0.9984600805496328,5574.694543108344,13.0,13,0,0,13,0,0,0,0,0
4,46,Q-TCID,0.5,50,14300.0,0.9987709497206704,6201.688912663609,11.0,11,0,0,11,0,0,0,0,0
5,47,Q-TCID,0.5,50,12700.0,0.9991744309470456,6293.269025500864,7.0,7,0,0,7,0,0,0,0,0
6,48,Q-TCID,0.5,50,10800.0,0.9987661937075879,5842.55005139485,10.0,10,0,0,10,0,0,0,0,0
7,49,Q-TCID,0.5,50,11900.0,0.9978155897907565,5587.356299934909,19.0,18,1,0,18,1,0,0,0,0
8,50,Q-TCID,0.5,50,16050.0,0.9986341907580242,6957.200113706291,12.0,12,0,0,12,0,0,0,0,0
9,51,Q-TCID,0.5,50,16050.0,0.9986617253448631,7390.865284144878,13.0,13,0,0,13,0,0,0,0,0
10,52,Q-TCID,0.5,50,11900.0,0.9991064447671172,6042.922352775931,8.0,8,0,0,8,0,0,0,0,0
11,53,Q-TCID,0.5,50,16050.0,0.9978118161925602,6093.984843876213,19.0,17,1,1,17,1,1,1,0,0
12,54,Q-TCID,0.5,50,11400.0,0.9984888992212019,6041.53747311607,13.0,13,0,0,13,0,0,0,0,0
13,55,Q-TCID,0.5,50,14000.0,0.9983203359328134,6663.9419558066875,14.0,14,0,0,14,0,0,0,0,0
14,56,Q-TCID,0.5,50,9900.0,0.998255033557047,4947.304493665695,13.0,13,0,0,13,0,0,0,0,0
15,57,Q-TCID,0.5,50,10800.0,0.997685542354575,4839.897184828296,15.0,15,0,0,15,0,0,0,0,0
16,58,Q-TCID,0.5,50,16050.0,0.9988146551724137,6755.047252798453,11.0,9,2,0,9,2,0,1,0,0
17,59,Q-TCID,0.5,50,13800.0,0.9982770046388336,5961.88710924983,13.0,11,2,0,11,2,0,2,0,0
18,60,Q-TCID,0.5,50,13700.0,0.9978670012547052,6595.390413202345,17.0,16,1,0,16,1,0,1,0,0
19,61,Q-TCID,0.5,50,13400.0,0.9983548468742091,6304.407414721325,13.0,13,0,0,13,0,0,0,0,0
20,62,Q-TCID,0.5,50,16050.0,0.9987869430966034,7472.889727391303,11.0,11,0,0,11,0,0,0,0,0
21,63,Q-TCID,0.5,50,11450.0,0.999023199023199,5570.658608118072,9.0,8,0,1,8,0,1,1,0,0
22,64,Q-TCID,0.5,50,14100.0,0.9982968369829683,6677.414856437594,14.0,13,1,0,13,1,0,1,0,0
23,65,Q-TCID,0.5,50,11900.0,0.9978454080258551,5402.019834775478,16.0,16,0,0,16,0,0,0,0,0
24,66,Q-TCID,0.5,50,11850.0,0.9977232481659499,5383.660287372768,18.0,18,0,0,18,0,0,0,0,0
25,67,Q-TCID,0.5,50,11150.0,0.9979155086158977,4970.610039778054,15.0,15,0,0,15,0,0,0,0,0
26,68,Q-TCID,0.5,50,16050.0,0.9985986219782786,6828.940474161878,12.0,11,1,0,11,1,0,0,0,0
27,69,Q-TCID,0.5,50,13350.0,0.9984852015847122,5689.204306157306,13.0,12,1,0,12,1,0,1,0,0
28,70,Q-TCID,0.5,50,16050.0,0.9987332418452444,7913.855191938579,12.0,12,0,0,12,0,0,0,0,0
29,71,Q-TCID,0.5,50,15300.0,0.9984905660377359,6346.052724190056,14.0,13,1,0,13,1,0,1,0,0
30,72,Q-TCID,0.5,50,13350.0,0.9981132075471698,4957.315195137635,14.0,14,0,0,14,0,0,0,0,0
31,73,Q-TCID,0.5,50,14900.0,0.9983150800336984,6019.102422807366,14.0,14,0,0,14,0,0,0,0,0
32,74,Q-TCID,0.5,50,10850.0,0.9986695694242864,5671.7548226080835,11.0,11,0,0,11,0,0,0,0,0
33,75,Q-TCID,0.5,50,9100.0,0.9986985944820406,5202.478461172432,10.0,10,0,0,10,0,0,0,0,0
34,76,Q-TCID,0.5,50,10950.0,0.9990360284371611,5715.180691603571,8.0,8,0,0,8,0,0,0,0,0
35,77,Q-TCID,0.5,50,10000.0,0.9978419206905854,5328.027693465352,16.0,16,0,0,16,0,0,0,0,0
36,78,Q-TCID,0.5,50,13700.0,0.9981552084614439,6487.389584420249,15.0,15,0,0,15,0,0,0,0,0
37,79,Q-TCID,0.5,50,15400.0,0.9983952928590533,5617.981924217194,13.0,12,0,1,12,0,1,1,0,0
38,80,Q-TCID,0.5,50,15550.0,0.9986458205096639,6768.955401292071,11.0,11,0,0,11,0,0,0,0,0
39,81,Q-TCID,0.5,50,15600.0,0.9989260143198091,6445.071619167924,9.0,9,0,0,9,0,0,0,0,0
40,82,Q-TCID,0.5,50,12350.0,0.9993314763231198,6349.930387187749,6.0,6,0,0,6,0,0,0,0,0
41,83,Q-TCID,0.5,50,13200.0,0.9980966882375333,5764.680247107521,15.0,13,2,0,13,2,0,2,0,0
42,84,Q-TCID,0.5,50,10400.0,0.998320033599328,4956.978867225349,12.0,12,0,0,12,0,0,0,0,0
43,85,Q-TCID,0.5,50,13950.0,0.9980857580398163,6251.979827968404,15.0,15,0,0,15,0,0,0,0,0
44,86,Q-TCID,0.5,50,12800.0,0.998900561935011,5615.212164858356,9.0,9,0,0,9,0,0,0,0,0
45,87,Q-TCID,0.5,50,10000.0,0.997558874210224,4591.865239499137,17.0,17,0,0,17,0,0,0,0,0
46,88,Q-TCID,0.5,50,12950.0,0.9966268446943078,5286.580223923549,24.0,24,0,0,24,0,0,0,0,0
47,89,Q-TCID,0.5,50,10450.0,0.998414166776794,5278.745761923492,12.0,12,0,0,12,0,0,0,0,0
48,90,Q-TCID,0.5,50,11350.0,0.9986902423051736,5828.0285990945995,10.0,9,1,0,9,1,0,0,0,0
49,91,Q-TCID,0.5,50,16050.0,0.9987416107382551,5189.737568411976,9.0,9,0,0,9,0,0,0,0,0
50,92,Q-TCID,0.5,50,10700.0,0.9978552278820375,5304.405603431165,16.0,16,0,0,16,0,0,0,0,0
51,93,Q-TCID,0.5,50,10400.0,0.9980879541108987,5616.142012633383,15.0,14,1,0,14,1,0,0,0,0
52,94,Q-TCID,0.5,50,12850.0,0.9984139571768438,5898.91465318203,12.0,12,0,0,12,0,0,0,0,0
53,95,Q-TCID,0.5,50,13400.0,0.998392713635146,5784.563162082806,12.0,12,0,0,12,0,0,0,0,0
54,96,Q-TCID,0.5,50,13550.0,0.998476145821123,6377.548844218254,13.0,13,0,0,13,0,0,0,0,0
55,97,Q-TCID,0.5,50,9600.0,0.9982856389291836,5158.775616234168,13.0,13,0,0,13,0,0,0,0,0
56,98,Q-TCID,0.5,50,8400.0,0.9980006151953246,4348.95734888874,13.0,13,0,0,13,0,0,0,0,0
57,99,Q-TCID,0.5,50,11800.0,0.9980381899032174,5742.225412778556,15.0,15,0,0,15,0,0,0,0,0
58,100,Q-TCID,0.5,50,12650.0,0.9984795321637427,6240.623814810067,13.0,13,0,0,13,0,0,0,0,0
59,101,Q-TCID,0.5,50,10300.0,0.9982232750962393,4935.434096669778,13.0,12,0,1,12,0,1,1,0,0
60,102,Q-TCID,0.5,50,14300.0,0.998623967975982,6576.239505983889,11.0,11,0,0,11,0,0,0,0,0
61,103,Q-TCID,0.5,50,13400.0,0.9977297168120445,6229.524993613362,19.0,19,0,0,19,0,0,0,0,0
62,104,Q-TCID,0.5,50,15350.0,0.9980325288562435,6162.002218650654,15.0,15,0,0,15,0,0,0,0,0
63,105,Q-TCID,0.5,50,12400.0,0.9985581334381963,5418.776878489181,11.0,11,0,0,11,0,0,0,0,0
64,106,Q-TCID,0.5,50,13300.0,0.9985519488355256,6332.520471600816,12.0,12,0,0,12,0,0,0,0,0
65,107,Q-TCID,0.5,50,13100.0,0.9983473175692855,5656.995962318033,13.0,13,0,0,13,0,0,0,0,0
66,108,Q-TCID,0.5,50,12350.0,0.9990092879256965,5867.754861056805,9.0,6,2,1,6,2,1,2,0,0
67,109,Q-TCID,0.5,50,12450.0,0.9991127869579682,6591.176422206685,8.0,8,0,0,8,0,0,0,0,0
68,110,Q-TCID,0.5,50,14200.0,0.998324958123953,6268.143351847306,13.0,13,0,0,13,0,0,0,0,0
69,111,Q-TCID,0.5,50,15100.0,0.9977713686418458,5950.313472237438,17.0,17,0,0,17,0,0,0,0,0
70,112,Q-TCID,0.5,50,11750.0,0.998167379352474,5632.681432468817,15.0,15,0,0,15,0,0,0,0,0
71,113,Q-TCID,0.5,50,11900.0,0.9983906196114496,6002.919114880264,15.0,14,0,1,14,0,1,1,0,0
72,114,Q-TCID,0.5,50,8750.0,0.9980309792596482,5033.562711879611,15.0,13,2,0,13,2,0,1,0,0
73,115,Q-TCID,0.5,50,12000.0,0.9985951468710089,6179.530838241801,11.0,11,0,0,11,0,0,0,0,0
74,116,Q-TCID,0.5,50,11100.0,0.9979851404105277,5410.3884646277875,16.0,16,0,0,16,0,0,0,0,0
75,117,Q-TCID,0.5,50,15250.0,0.9986807387862797,6505.175395926461,11.0,11,0,0,11,0,0,0,0,0
76,118,Q-TCID,0.5,50,11450.0,0.997811534500515,5117.7238266170025,17.0,16,1,0,16,1,0,0,0,0
77,119,Q-TCID,0.5,50,14700.0,0.9984331281477337,7225.965685777366,14.0,14,0,0,14,0,0,0,0,0
78,120,Q-TCID,0.5,50,11250.0,0.9984297891431135,6139.765008307993,14.0,14,0,0,14,0,0,0,0,0
79,121,Q-TCID,0.5,50,11750.0,0.9978423475258918,5758.725264603272,15.0,14,1,0,14,1,0,0,0,0
0,42,TA-QTCID,0.5,50,10500.0,0.9974428639923286,5397.113404024392,16.0,16,0,0,16,0,0,0,0,6257
1,43,TA-QTCID,0.5,50,12050.0,0.99856184084372,6491.108975553885,12.0,12,0,0,12,0,0,0,0,8344
2,44,TA-QTCID,0.5,50,12000.0,0.9986550100874243,6616.499935833737,13.0,12,0,1,12,0,1,1,1,8921
3,45,TA-QTCID,0.5,50,11550.0,0.9980624572600866,6384.82935436815,17.0,17,0,0,17,0,0,0,0,8774
4,46,TA-QTCID,0.5,50,10150.0,0.9975813278510098,5748.061691293493,20.0,20,0,0,20,0,0,0,0,8269
5,47,TA-QTCID,0.5,50,11500.0,0.9982851263290271,6371.47515774332,15.0,15,0,0,15,0,0,0,0,8747
6,48,TA-QTCID,0.5,50,8750.0,0.9981275912799251,5046.738852543756,14.0,14,0,0,14,0,0,0,0,7477
7,49,TA-QTCID,0.5,50,8050.0,0.9977064220183486,4578.1549309734255,15.0,15,0,0,15,0,0,0,0,6540
8,50,TA-QTCID,0.5,50,9400.0,0.9980983428416191,5252.749592490494,14.0,14,0,0,14,0,0,0,0,7362
9,51,TA-QTCID,0.5,50,8550.0,0.9988713318284425,4886.330221092328,8.0,8,0,0,8,0,0,0,0,7088
10,52,TA-QTCID,0.5,50,8750.0,0.9978671974975117,4969.838463988155,15.0,15,0,0,15,0,0,0,0,7033
11,53,TA-QTCID,0.5,50,10650.0,0.9985606333213386,5942.815338071436,12.0,12,0,0,12,0,0,0,0,8337
12,54,TA-QTCID,0.5,50,14650.0,0.9990825688073395,7535.822615521029,8.0,8,0,0,8,0,0,0,0,8720
13,55,TA-QTCID,0.5,50,10700.0,0.9982722448475874,5915.790400911123,14.0,14,0,0,14,0,0,0,0,8103
14,56,TA-QTCID,0.5,50,12000.0,0.9982914327556749,6447.663322526962,14.0,14,0,0,14,0,0,0,0,8194
15,57,TA-QTCID,0.5,50,11700.0,0.9980296860633128,6177.730494758114,15.0,15,0,0,15,0,0,0,0,7613
16,58,TA-QTCID,0.5,50,12600.0,0.9984023595919872,6622.573622267693,13.0,13,0,0,13,0,0,0,0,8137
17,59,TA-QTCID,0.5,50,14400.0,0.998011434253045,7315.765239173546,16.0,16,0,0,16,0,0,0,0,8046
18,60,TA-QTCID,0.5,50,12650.0,0.998533393501805,6818.395604770631,14.0,13,0,1,13,0,1,1,1,8863
19,61,TA-QTCID,0.5,50,10750.0,0.9979929754139488,5906.254515336826,16.0,16,0,0,16,0,0,0,0,7972
20,62,TA-QTCID,0.5,50,12350.0,0.9977756151814264,6316.871331585571,16.0,16,0,0,16,0,0,0,0,7193
21,63,TA-QTCID,0.5,50,8650.0,0.998812821527503,5047.035612486303,9.0,8,1,0,8,1,0,0,0,7581
22,64,TA-QTCID,0.5,50,15600.0,0.9987277353689568,7873.654114153236,11.0,11,0,0,11,0,0,0,0,8646
23,65,TA-QTCID,0.5,50,11150.0,0.9977942130530686,5987.626086762175,17.0,17,0,0,17,0,0,0,0,7707
24,66,TA-QTCID,0.5,50,10100.0,0.9980375665825624,5443.566224258393,14.0,14,0,0,14,0,0,0,0,7134
25,67,TA-QTCID,0.5,50,14050.0,0.99785987835098,7295.071180315688,19.0,19,0,0,19,0,0,0,0,8878
26,68,TA-QTCID,0.5,50,16050.0,0.9987788632326821,8117.570988515392,11.0,11,0,0,11,0,0,0,0,9008
27,69,TA-QTCID,0.5,50,9500.0,0.9978930734790624,5354.300838800147,16.0,16,0,0,16,0,0,0,0,7594
28,70,TA-QTCID,0.5,50,11250.0,0.997762112565738,6313.705892344937,20.0,19,1,0,19,1,0,0,0,8937
29,71,TA-QTCID,0.5,50,8900.0,0.9978293311626645,5075.227805342525,16.0,16,0,0,16,0,0,0,0,7371
30,72,TA-QTCID,0.5,50,13750.0,0.9981124443845221,6896.54238508828,14.0,14,0,0,14,0,0,0,0,7417
31,73,TA-QTCID,0.5,50,12800.0,0.9978925184404637,6823.3613875787705,18.0,17,1,0,17,1,0,0,0,8541
32,74,TA-QTCID,0.5,50,10850.0,0.9984316564121124,6010.377681009471,13.0,13,0,0,13,0,0,0,0,8289
33,75,TA-QTCID,0.5,50,10600.0,0.9978240174078608,5683.585651604459,16.0,16,0,0,16,0,0,0,0,7353
34,76,TA-QTCID,0.5,50,11100.0,0.9980049875311721,6032.397267436609,16.0,16,0,0,16,0,0,0,0,8020
35,77,TA-QTCID,0.5,50,10650.0,0.9974817426340972,5884.947152746841,20.0,20,0,0,20,0,0,0,0,7942
36,78,TA-QTCID,0.5,50,10050.0,0.998355887188567,5628.507009526715,13.0,13,0,0,13,0,0,0,0,7907
37,79,TA-QTCID,0.5,50,9450.0,0.9985837700042487,5226.10055122152,11.0,10,0,1,10,0,1,1,1,7060
38,80,TA-QTCID,0.5,50,16000.0,0.9987757100881489,7924.677037296817,10.0,10,0,0,10,0,0,0,0,8168
39,81,TA-QTCID,0.5,50,11050.0,0.9984575225439013,6142.752391576767,13.0,13,0,0,13,0,0,0,0,8428
40,82,TA-QTCID,0.5,50,9150.0,0.9985972787207182,5102.90561433509,10.0,10,0,0,10,0,0,0,0,7129
41,83,TA-QTCID,0.5,50,9300.0,0.9981844118791338,5316.058376468718,14.0,14,0,0,14,0,0,0,0,7711
42,84,TA-QTCID,0.5,50,11200.0,0.998780487804878,5934.110380299389,9.0,9,0,0,9,0,0,0,0,7380
43,85,TA-QTCID,0.5,50,11850.0,0.9977789391168017,6242.740702295676,17.0,17,0,0,17,0,0,0,0,7654
44,86,TA-QTCID,0.5,50,11400.0,0.9987169019013181,6301.558519411832,11.0,11,0,0,11,0,0,0,0,8573
45,87,TA-QTCID,0.5,50,16050.0,0.9989427933748385,7950.396230712533,9.0,9,0,0,9,0,0,0,0,8513
46,88,TA-QTCID,0.5,50,10050.0,0.9981949458483754,5606.388503104448,14.0,14,0,0,14,0,0,0,0,7756
47,89,TA-QTCID,0.5,50,13950.0,0.9974460477589069,7020.944145610556,20.0,20,0,0,20,0,0,0,0,7831
48,90,TA-QTCID,0.5,50,9800.0,0.9978392977717758,5422.337997628376,16.0,16,0,0,16,0,0,0,0,7405
49,91,TA-QTCID,0.5,50,11300.0,0.9978711325574794,5888.805031750351,15.0,15,0,0,15,0,0,0,0,7046
50,92,TA-QTCID,0.5,50,11550.0,0.9982300884955753,6324.389249660075,15.0,15,0,0,15,0,0,0,0,8475
51,93,TA-QTCID,0.5,50,11750.0,0.9980694980694981,6452.391697280109,17.0,17,0,0,17,0,0,0,0,8806
52,94,TA-QTCID,0.5,50,8300.0,0.9978334461746784,4871.254816895351,16.0,16,0,0,16,0,0,0,0,7385
53,95,TA-QTCID,0.5,50,14950.0,0.9979622333922021,7286.999310404062,15.0,15,0,0,15,0,0,0,0,7361
54,96,TA-QTCID,0.5,50,9400.0,0.9988198269079465,5329.649981055409,9.0,9,0,0,9,0,0,0,0,7626
55,97,TA-QTCID,0.5,50,12450.0,0.9985550872968092,6607.458650130779,12.0,12,0,0,12,0,0,0,0,8305
56,98,TA-QTCID,0.5,50,12800.0,0.9988257168020355,7229.210260996595,12.0,12,0,0,12,0,0,0,0,10219
57,99,TA-QTCID,0.5,50,11950.0,0.998214498274015,6459.63263945654,16.0,15,0,1,15,0,1,1,1,8400
58,100,TA-QTCID,0.5,50,13600.0,0.9978313906207644,6823.04484365508,16.0,16,0,0,16,0,0,0,0,7378
59,101,TA-QTCID,0.5,50,10050.0,0.9984215812885636,5397.548651887104,11.0,11,0,0,11,0,0,0,0,6969
60,102,TA-QTCID,0.5,50,12950.0,0.9979900844164545,6606.746426330879,15.0,15,0,0,15,0,0,0,0,7463
61,103,TA-QTCID,0.5,50,9600.0,0.9984871406959153,5141.820732515305,10.0,10,0,0,10,0,0,0,0,6610
62,104,TA-QTCID,0.5,50,10200.0,0.9981051035876706,5686.573034845293,15.0,15,0,0,15,0,0,0,0,7916
63,105,TA-QTCID,0.5,50,10750.0,0.9982754372998276,5933.516860432923,14.0,14,0,0,14,0,0,0,0,8118
64,106,TA-QTCID,0.5,50,12850.0,0.9984144960362401,6913.873164707795,14.0,14,0,0,14,0,0,0,0,8830
65,107,TA-QTCID,0.5,50,12150.0,0.9993449066491975,6743.889079652727,6.0,6,0,0,6,0,0,0,0,9159
66,108,TA-QTCID,0.5,50,13950.0,0.9983792544570502,7400.302249729633,15.0,15,0,0,15,0,0,0,0,9255
67,109,TA-QTCID,0.5,50,11150.0,0.9980896586856852,6027.490836678073,15.0,15,0,0,15,0,0,0,0,7852
68,110,TA-QTCID,0.5,50,14000.0,0.9984198051092968,7073.1343245022,12.0,12,0,0,12,0,0,0,0,7594
69,111,TA-QTCID,0.5,50,13150.0,0.9986986868567372,6902.695207534358,11.0,11,0,0,11,0,0,0,0,8453
70,112,TA-QTCID,0.5,50,8750.0,0.997430859906302,4829.411667443812,17.0,17,0,0,17,0,0,0,0,6617
71,113,TA-QTCID,0.5,50,12450.0,0.998088867654085,6615.688792001456,16.0,16,0,0,16,0,0,0,0,8372
72,114,TA-QTCID,0.5,50,12950.0,0.9988232777064613,7032.399078710005,11.0,11,0,0,11,0,0,0,0,9348
73,115,TA-QTCID,0.5,50,11300.0,0.9987043275459964,6028.203060502186,10.0,10,0,0,10,0,0,0,0,7718
74,116,TA-QTCID,0.5,50,9950.0,0.9982503207745247,5758.171312754974,15.0,15,0,0,15,0,0,0,0,8573
75,117,TA-QTCID,0.5,50,9750.0,0.9979726305119108,5514.17530239746,16.0,16,0,0,16,0,0,0,0,7892
76,118,TA-QTCID,0.5,50,12700.0,0.9989398356745296,6562.60833350569,8.0,8,0,0,8,0,0,0,0,7546
77,119,TA-QTCID,0.5,50,9300.0,0.998541423570595,5114.162707516924,10.0,10,0,0,10,0,0,0,0,6856
78,120,TA-QTCID,0.5,50,11500.0,0.9980451781059948,6480.010154314339,18.0,18,0,0,18,0,0,0,0,9208
79,121,TA-QTCID,0.5,50,12250.0,0.9978171896316508,6259.557098027319,16.0,16,0,0,16,0,0,0,0,7330
0,42,Q-TCID,0.5,100,13200.0,0.9979889391654098,3086.9758758321404,9.0,8,0,1,8,0,1,1,0,0
1,43,Q-TCID,0.5,100,14000.0,0.9981247069854665,3277.5353156775236,8.0,8,0,0,8,0,0,0,0,0
2,44,Q-TCID,0.5,100,16100.0,0.9980383609415867,3626.2480115517974,9.0,8,1,0,8,1,0,0,0,0
3,45,Q-TCID,0.5,100,12800.0,0.9985507246376811,2908.3264009859413,6.0,6,0,0,6,0,0,0,0,0
4,46,Q-TCID,0.5,100,16100.0,0.9981167608286252,3908.1699403077364,10.0,9,1,0,9,1,0,1,0,0
5,47,Q-TCID,0.5,100,11000.0,0.9981038160701589,2893.1916448026896,8.0,7,1,0,7,1,0,0,0,0
6,48,Q-TCID,0.5,100,12400.0,0.9985216473072862,3167.714359415695,7.0,7,0,0,7,0,0,0,0,0
7,49,Q-TCID,0.5,100,14200.0,0.9984021912805295,3342.5653072558343,7.0,7,0,0,7,0,0,0,0,0
8,50,Q-TCID,0.5,100,9700.0,0.9968944099378882,2346.8170548975468,11.0,11,0,0,11,0,0,0,0,0
9,51,Q-TCID,0.5,100,15600.0,0.998974569319114,3913.036803048104,5.0,5,0,0,5,0,0,0,0,0
10,52,Q-TCID,0.5,100,15500.0,0.9981464318813716,3574.0182647407055,8.0,8,0,0,8,0,0,0,0,0
11,53,Q-TCID,0.5,100,9100.0,0.9976979742173112,2712.6231224481016,10.0,10,0,0,10,0,0,0,0,0
12,54,Q-TCID,0.5,100,11700.0,0.9991591339079252,3226.5519605558366,4.0,4,0,0,4,0,0,0,0,0
13,55,Q-TCID,0.5,100,11300.0,0.9971956064501052,3068.161296594888,12.0,12,0,0,12,0,0,0,0,0
14,56,Q-TCID,0.5,100,14100.0,0.9979452054794521,3235.9493581950665,9.0,9,0,0,9,0,0,0,0,0
15,57,Q-TCID,0.5,100,9500.0,0.9969687784177024,2266.592955175787,10.0,10,0,0,10,0,0,0,0,0
16,58,Q-TCID,0.5,100,11700.0,0.9970638610227551,2823.7893903441727,12.0,11,1,0,11,1,0,0,0,0
17,59,Q-TCID,0.5,100,13500.0,0.9981189748412885,3175.430117480457,9.0,8,0,1,8,0,1,1,0,0
18,60,Q-TCID,0.5,100,13400.0,0.9971098265895953,3159.5831374824047,12.0,12,0,0,12,0,0,0,0,0
19,61,Q-TCID,0.5,100,12400.0,0.996345363179534,3004.9910005554557,16.0,15,1,0,15,1,0,0,0,0
20,62,Q-TCID,0.5,100,14400.0,0.9984767707539984,2643.913307795301,6.0,6,0,0,6,0,0,0,0,0
21,63,Q-TCID,0.5,100,14100.0,0.998604187437687,3434.7191559467465,7.0,7,0,0,7,0,0,0,0,0
22,64,Q-TCID,0.5,100,9800.0,0.9959443800695249,2536.387294979766,14.0,14,0,0,14,0,0,0,0,0
23,65,Q-TCID,0.5,100,12500.0,0.9984909456740443,3025.6850593313575,6.0,6,0,0,6,0,0,0,0,0
24,66,Q-TCID,0.5,100,12700.0,0.9977538185085355,3148.1084203869104,10.0,10,0,0,10,0,0,0,0,0
25,67,Q-TCID,0.5,100,12600.0,0.9976771196283392,2986.215989297256,10.0,10,0,0,10,0,0,0,0,0
26,68,Q-TCID,0.5,100,11500.0,0.9978084593469209,3052.57150853239,10.0,10,0,0,10,0,0,0,0,0
27,69,Q-TCID,0.5,100,14600.0,0.9992001599680064,3590.6566045358777,4.0,4,0,0,4,0,0,0,0,0
28,70,Q-TCID,0.5,100,10600.0,0.9968245567610479,2673.6684362795204,12.0,12,0,0,12,0,0,0,0,0
29,71,Q-TCID,0.5,100,14600.0,0.9974389282899921,3822.663513896987,13.0,13,0,0,13,0,0,0,0,0
30,72,Q-TCID,0.5,100,10300.0,0.9974068835454974,2597.7572474703193,11.0,11,0,0,11,0,0,0,0,0
31,73,Q-TCID,0.5,100,11400.0,0.9975222993062438,3023.39011589624,10.0,9,1,0,9,1,0,0,0,0
32,74,Q-TCID,0.5,100,13600.0,0.998769987699877,3417.2103203553706,6.0,6,0,0,6,0,0,0,0,0
33,75,Q-TCID,0.5,100,12100.0,0.9983230855226384,2399.125937676057,7.0,6,0,1,6,0,1,1,0,0
34,76,Q-TCID,0.5,100,14400.0,0.9972356599861782,2906.8426013644785,12.0,11,1,0,11,1,0,0,0,0
35,77,Q-TCID,0.5,100,15500.0,0.9974400744705608,3665.3609696626663,11.0,10,1,0,10,1,0,1,0,0
36,78,Q-TCID,0.5,100,15800.0,0.9975225225225225,3808.4981734957546,11.0,10,1,0,10,1,0,1,0,0
37,79,Q-TCID,0.5,100,14800.0,0.9977016777752241,3529.8406038898975,10.0,10,0,0,10,0,0,0,0,0
38,80,Q-TCID,0.5,100,12100.0,0.9975961538461539,2912.837151840329,9.0,9,0,0,9,0,0,0,0,0
39,81,Q-TCID,0.5,100,12100.0,0.9972561736093789,2679.643202777952,11.0,11,0,0,11,0,0,0,0,0
40,82,Q-TCID,0.5,100,13700.0,0.9980054849164797,3211.9513722676784,8.0,8,0,0,8,0,0,0,0,0
41,83,Q-TCID,0.5,100,12000.0,0.9978002639683238,3233.0608949288726,10.0,9,1,0,9,1,0,1,0,0
42,84,Q-TCID,0.5,100,13000.0,0.9984848484848485,3386.3077201619744,7.0,7,0,0,7,0,0,0,0,0
43,85,Q-TCID,0.5,100,10700.0,0.9985250737463127,2907.5350411869586,6.0,6,0,0,6,0,0,0,0,0
44,86,Q-TCID,0.5,100,10800.0,0.999029361805387,2804.678051183,5.0,4,0,1,4,0,1,1,0,0
45,87,Q-TCID,0.5,100,12900.0,0.9978165938864629,3312.7112587783486,11.0,10,0,1,10,0,1,1,0,0
46,88,Q-TCID,0.5,100,12300.0,0.9965043695380774,2926.7848683279008,14.0,13,1,0,13,1,0,0,0,0
47,89,Q-TCID,0.5,100,9000.0,0.99768875192604,2348.7163184061646,9.0,9,0,0,9,0,0,0,0,0
48,90,Q-TCID,0.5,100,14200.0,0.9981981981981982,3198.2014957256615,8.0,8,0,0,8,0,0,0,0,0
49,91,Q-TCID,0.5,100,11000.0,0.9978064162325199,2533.3603437393904,8.0,7,1,0,7,1,0,0,0,0
50,92,Q-TCID,0.5,100,10700.0,0.99668282725185,2886.939902383834,13.0,13,0,0,13,0,0,0,0,0
51,93,Q-TCID,0.5,100,10400.0,0.9981407702523241,2652.341289680451,7.0,6,1,0,6,1,0,0,0,0
52,94,Q-TCID,0.5,100,12100.0,0.9984014615208952,3083.7510846555233,8.0,7,0,1,7,0,1,1,0,0
53,95,Q-TCID,0.5,100,13300.0,0.9960022844089091,2691.058567883447,14.0,13,1,0,13,1,0,0,0,0
54,96,Q-TCID,0.5,100,14700.0,0.9981776765375854,3600.647522011772,9.0,8,0,1,8,0,1,1,0,0
55,97,Q-TCID,0.5,100,11400.0,0.997796278158668,2752.1119764577597,9.0,9,0,0,9,0,0,0,0,0
56,98,Q-TCID,0.5,100,11900.0,0.9973772055317119,3064.026441620663,11.0,11,0,0,11,0,0,0,0,0
57,99,Q-TCID,0.5,100,12300.0,0.9963917525773196,3000.994633562863,14.0,14,0,0,14,0,0,0,0,0
58,100,Q-TCID,0.5,100,13300.0,0.9984612002637943,3155.32957854867,7.0,7,0,0,7,0,0,0,0,0
59,101,Q-TCID,0.5,100,10400.0,0.996695125309832,2643.2010839805007,12.0,11,1,0,11,1,0,1,0,0
60,102,Q-TCID,0.5,100,12900.0,0.9970422156493681,2764.595677293837,11.0,11,0,0,11,0,0,0,0,0
61,103,Q-TCID,0.5,100,13500.0,0.9973665310031122,3183.7393953874707,11.0,11,0,0,11,0,0,0,0,0
62,104,Q-TCID,0.5,100,12600.0,0.9965761799951088,2948.388990862295,14.0,14,0,0,14,0,0,0,0,0
63,105,Q-TCID,0.5,100,14600.0,0.9976013432477813,3376.672914620489,10.0,9,1,0,9,1,0,0,0,0
64,106,Q-TCID,0.5,100,16000.0,0.9983680130558955,3901.9973338525742,8.0,8,0,0,8,0,0,0,0,0
65,107,Q-TCID,0.5,100,14300.0,0.9974066390041494,2888.463270002976,10.0,9,1,0,9,1,0,0,0,0
66,108,Q-TCID,0.5,100,11100.0,0.9984447900466563,2729.439518198371,6.0,6,0,0,6,0,0,0,0,0
67,109,Q-TCID,0.5,100,10400.0,0.9987481221832749,2807.467594463378,6.0,5,0,1,5,0,1,1,0,0
68,110,Q-TCID,0.5,100,13900.0,0.9972870320130223,3047.3287498429418,11.0,6,4,1,6,4,1,1,0,0
69,111,Q-TCID,0.5,100,9300.0,0.9968042609853529,2578.8635322432965,12.0,12,0,0,12,0,0,0,0,0
70,112,Q-TCID,0.5,100,9800.0,0.9981949458483754,2770.708931757137,8.0,8,0,0,8,0,0,0,0,0
71,113,Q-TCID,0.5,100,16100.0,0.9977509711715395,3863.715303534642,11.0,11,0,0,11,0,0,0,0,0
72,114,Q-TCID,0.5,100,13700.0,0.9987116169207645,3474.326713953167,6.0,4,2,0,4,2,0,1,0,0
73,115,Q-TCID,0.5,100,13700.0,0.9972872996300863,3046.0032221954316,11.0,11,0,0,11,0,0,0,0,0
74,116,Q-TCID,0.5,100,16100.0,0.9985514244326412,3174.737677661702,6.0,6,0,0,6,0,0,0,0,0
75,117,Q-TCID,0.5,100,16000.0,0.9978868278938718,3169.376214997843,9.0,9,0,0,9,0,0,0,0,0
76,118,Q-TCID,0.5,100,13000.0,0.9975381585425899,3339.0239721275866,10.0,9,1,0,9,1,0,1,0,0
77,119,Q-TCID,0.5,100,8800.0,0.9974263654561052,2388.4227963760495,9.0,8,1,0,8,1,0,0,0,0
78,120,Q-TCID,0.5,100,15900.0,0.9964322120285423,2852.772943025455,14.0,14,0,0,14,0,0,0,0,0
79,121,Q-TCID,0.5,100,11200.0,0.995593419506463,2701.3066773023456,15.0,15,0,0,15,0,0,0,0,0
0,42,TA-QTCID,0.5,100,11400.0,0.9963692946058091,3046.9924219436944,14.0,14,0,0,14,0,0,0,0,3856
1,43,TA-QTCID,0.5,100,12600.0,0.9983616629121441,3513.558376023546,8.0,8,0,0,8,0,0,0,0,4883
2,44,TA-QTCID,0.5,100,12500.0,0.9984789222077358,3423.560982754454,7.0,7,0,0,7,0,0,0,0,4602
3,45,TA-QTCID,0.5,100,9200.0,0.9975773889636609,2623.3181690145284,9.0,9,0,0,9,0,0,0,0,3715
4,46,TA-QTCID,0.5,100,11400.0,0.9975832438238453,3055.974355665967,11.0,9,0,2,9,0,2,2,2,3722
5,47,TA-QTCID,0.5,100,11700.0,0.9975636166756903,3057.220747364685,9.0,9,0,0,9,0,0,0,0,3694
6,48,TA-QTCID,0.5,100,11300.0,0.9984601847778266,3196.6979121100157,7.0,7,0,0,7,0,0,0,0,4546
7,49,TA-QTCID,0.5,100,10900.0,0.9958240534521158,2893.547756725922,15.0,15,0,0,15,0,0,0,0,3592
8,50,TA-QTCID,0.5,100,12900.0,0.9967988180251169,3384.9030565693974,13.0,13,0,0,13,0,0,0,0,4061
9,51,TA-QTCID,0.5,100,12100.0,0.997946611909651,3185.2231950089335,8.0,8,0,0,8,0,0,0,0,3896
10,52,TA-QTCID,0.5,100,10400.0,0.9973067600323189,2820.0897832885385,10.0,10,0,0,10,0,0,0,0,3713
11,53,TA-QTCID,0.5,100,10100.0,0.9961880559085133,2830.436812672764,15.0,15,0,0,15,0,0,0,0,3935
12,54,TA-QTCID,0.5,100,11600.0,0.9975124378109452,3131.0546166989952,10.0,10,0,0,10,0,0,0,0,4020
13,55,TA-QTCID,0.5,100,12800.0,0.9978596908442331,3400.3543566539884,9.0,9,0,0,9,0,0,0,0,4205
14,56,TA-QTCID,0.5,100,12700.0,0.9969378827646544,3497.197012167424,14.0,13,1,0,13,1,0,1,0,4572
15,57,TA-QTCID,0.5,100,13500.0,0.9976145038167938,3523.6679974906147,10.0,10,0,0,10,0,0,0,0,4192
16,58,TA-QTCID,0.5,100,9200.0,0.9978758555581779,2740.8548833113164,9.0,9,0,0,9,0,0,0,0,4237
17,59,TA-QTCID,0.5,100,11800.0,0.9976503759398496,3222.060993704945,10.0,9,1,0,9,1,0,0,0,4256
18,60,TA-QTCID,0.5,100,15300.0,0.9976684541851247,3884.409362323582,10.0,10,0,0,10,0,0,0,0,4289
19,61,TA-QTCID,0.5,100,11200.0,0.9972263708128867,3220.122162196785,13.0,13,0,0,13,0,0,0,0,4687
20,62,TA-QTCID,0.5,100,11500.0,0.9969199178644764,3086.580195935443,12.0,12,0,0,12,0,0,0,0,3896
21,63,TA-QTCID,0.5,100,13500.0,0.9982792527040315,3498.2059959210455,7.0,7,0,0,7,0,0,0,0,4068
22,64,TA-QTCID,0.5,100,10800.0,0.9978237214363439,2902.054874587804,8.0,8,0,0,8,0,0,0,0,3676
23,65,TA-QTCID,0.5,100,11500.0,0.9979751961528727,3082.7223169039935,8.0,8,0,0,8,0,0,0,0,3951
24,66,TA-QTCID,0.5,100,9700.0,0.9976006398293789,2713.236426288262,9.0,9,0,0,9,0,0,0,0,3751
25,67,TA-QTCID,0.5,100,11400.0,0.9978271366489618,3116.948628243059,9.0,9,0,0,9,0,0,0,0,4142
26,68,TA-QTCID,0.5,100,13500.0,0.9984122783805239,3438.023083144799,6.0,6,0,0,6,0,0,0,0,3779
27,69,TA-QTCID,0.5,100,11600.0,0.9981233872859488,3185.836498852819,8.0,8,0,0,8,0,0,0,0,4263
28,70,TA-QTCID,0.5,100,12400.0,0.9973666886109283,3408.4064426086843,12.0,12,0,0,12,0,0,0,0,4557
29,71,TA-QTCID,0.5,100,12900.0,0.9987269255251432,3553.4824779368937,6.0,5,1,0,5,1,0,1,0,4713
30,72,TA-QTCID,0.5,100,11200.0,0.9987012987012988,3232.071695175022,7.0,6,0,1,6,0,1,1,1,4619
31,73,TA-QTCID,0.5,100,12400.0,0.9982935153583617,3433.0968683697283,8.0,8,0,0,8,0,0,0,0,4688
32,74,TA-QTCID,0.5,100,14200.0,0.9982417582417582,3744.9717655535787,8.0,8,0,0,8,0,0,0,0,4550
33,75,TA-QTCID,0.5,100,15300.0,0.9970059880239521,3815.996307598427,12.0,12,0,0,12,0,0,0,0,4008
34,76,TA-QTCID,0.5,100,14200.0,0.9978782092085721,3810.9316048957407,11.0,10,0,1,10,0,1,1,1,4712
35,77,TA-QTCID,0.5,100,14200.0,0.9980582524271845,3753.973483275622,9.0,9,0,0,9,0,0,0,0,4635
36,78,TA-QTCID,0.5,100,7100.0,0.9949404761904762,2149.4717047661543,17.0,17,0,0,17,0,0,0,0,3360
37,79,TA-QTCID,0.5,100,10600.0,0.997815401419989,2850.14167169109,8.0,8,0,0,8,0,0,0,0,3662
38,80,TA-QTCID,0.5,100,10200.0,0.9979166666666667,2825.015998046845,8.0,8,0,0,8,0,0,0,0,3840
39,81,TA-QTCID,0.5,100,11600.0,0.9989648033126294,3084.502876456827,4.0,4,0,0,4,0,0,0,0,3864
40,82,TA-QTCID,0.5,100,12900.0,0.9966760419330095,3321.891032455489,13.0,13,0,0,13,0,0,0,0,3911
41,83,TA-QTCID,0.5,100,14700.0,0.9983522142121524,3899.1880065668374,8.0,8,0,0,8,0,0,0,0,4855
42,84,TA-QTCID,0.5,100,13400.0,0.9977854330708661,3465.3052122164518,9.0,9,0,0,9,0,0,0,0,4064
43,85,TA-QTCID,0.5,100,12600.0,0.9979933110367893,3439.091418828815,9.0,8,1,0,8,1,0,1,0,4485
44,86,TA-QTCID,0.5,100,9100.0,0.9980811403508771,2576.7862127795815,7.0,7,0,0,7,0,0,0,0,3648
45,87,TA-QTCID,0.5,100,15400.0,0.9988933156263834,3921.168025014922,5.0,5,0,0,5,0,0,0,0,4518
46,88,TA-QTCID,0.5,100,11300.0,0.9983201343892488,3098.964976798743,7.0,7,0,0,7,0,0,0,0,4167
47,89,TA-QTCID,0.5,100,13600.0,0.996620670233737,3376.5344266556203,12.0,11,1,0,11,1,0,0,0,3551
48,90,TA-QTCID,0.5,100,10200.0,0.9978360833107925,2788.4947432540357,8.0,8,0,0,8,0,0,0,0,3697
49,91,TA-QTCID,0.5,100,11500.0,0.9978271366489618,3144.7055732589215,9.0,9,0,0,9,0,0,0,0,4142
50,92,TA-QTCID,0.5,100,14700.0,0.997990174184904,3791.424585804343,9.0,9,0,0,9,0,0,0,0,4478
51,93,TA-QTCID,0.5,100,12100.0,0.9978344562078922,3240.5194610357285,9.0,9,0,0,9,0,0,0,0,4156
52,94,TA-QTCID,0.5,100,14100.0,0.9986354332499432,3729.9359293635935,7.0,6,0,1,6,0,1,1,1,4396
53,95,TA-QTCID,0.5,100,10800.0,0.9975526186979932,3007.5035679265857,10.0,10,0,0,10,0,0,0,0,4086
54,96,TA-QTCID,0.5,100,14400.0,0.9977623629447304,3740.817126592621,10.0,10,0,0,10,0,0,0,0,4469
55,97,TA-QTCID,0.5,100,14100.0,0.9976689976689976,3575.7592563331127,9.0,9,0,0,9,0,0,0,0,3861
56,98,TA-QTCID,0.5,100,12200.0,0.9984744469870328,3213.751715792343,6.0,6,0,0,6,0,0,0,0,3933
57,99,TA-QTCID,0.5,100,16100.0,0.9990279937791602,4180.813175369054,5.0,5,0,0,5,0,0,0,0,5144
58,100,TA-QTCID,0.5,100,12500.0,0.9990827791790874,3383.439040914178,4.0,4,0,0,4,0,0,0,0,4361
59,101,TA-QTCID,0.5,100,10800.0,0.9976415094339622,2920.058310005814,9.0,9,0,0,9,0,0,0,0,3816
60,102,TA-QTCID,0.5,100,9900.0,0.9965294992563213,2817.873975845054,14.0,14,0,0,14,0,0,0,0,4034
61,103,TA-QTCID,0.5,100,10500.0,0.9969175443103006,2893.1125088389963,12.0,12,0,0,12,0,0,0,0,3893
62,104,TA-QTCID,0.5,100,15700.0,0.9976889299745783,3965.0884939376265,10.0,10,0,0,10,0,0,0,0,4327
63,105,TA-QTCID,0.5,100,12500.0,0.998260113092649,3432.8198924325407,8.0,8,0,0,8,0,0,0,0,4598
64,106,TA-QTCID,0.5,100,10500.0,0.9970273483947681,2767.3456526268274,10.0,10,0,0,10,0,0,0,0,3364
65,107,TA-QTCID,0.5,100,8900.0,0.9975470155355682,2544.419596951455,9.0,9,0,0,9,0,0,0,0,3669
66,108,TA-QTCID,0.5,100,12700.0,0.9988628610416193,3427.755189701915,6.0,5,0,1,5,0,1,1,1,4396
67,109,TA-QTCID,0.5,100,16100.0,0.996962794229309,3943.4250194206834,12.0,12,0,0,12,0,0,0,0,3951
68,110,TA-QTCID,0.5,100,10200.0,0.9971830985915493,2968.3906098026782,12.0,11,1,0,11,1,0,1,0,4260
69,111,TA-QTCID,0.5,100,13200.0,0.9972334004024145,3430.3666770868003,11.0,11,0,0,11,0,0,0,0,3976
70,112,TA-QTCID,0.5,100,13500.0,0.9984241332733003,3580.2502231895924,7.0,7,0,0,7,0,0,0,0,4442
71,113,TA-QTCID,0.5,100,13000.0,0.997919267582189,3587.807709267363,10.0,9,1,0,9,1,0,0,0,4806
72,114,TA-QTCID,0.5,100,10100.0,0.998211091234347,2842.782025553286,7.0,7,0,0,7,0,0,0,0,3913
73,115,TA-QTCID,0.5,100,11800.0,0.9979775280898876,3270.6702694110572,9.0,9,0,0,9,0,0,0,0,4450
74,116,TA-QTCID,0.5,100,15900.0,0.9980759980759981,3968.64961303398,8.0,8,0,0,8,0,0,0,0,4158
75,117,TA-QTCID,0.5,100,12800.0,0.9975496201911296,3368.462556703016,10.0,10,0,0,10,0,0,0,0,4081
76,118,TA-QTCID,0.5,100,11900.0,0.9981318388043768,3123.02231474407,7.0,7,0,0,7,0,0,0,0,3747
77,119,TA-QTCID,0.5,100,11800.0,0.99637943519189,3211.892020246014,15.0,14,1,0,14,1,0,1,0,4143
78,120,TA-QTCID,0.5,100,11000.0,0.9978194505015264,3159.9788173809648,10.0,10,0,0,10,0,0,0,0,4586
79,121,TA-QTCID,0.5,100,12200.0,0.9980558930741191,3257.9887286238372,8.0,8,0,0,8,0,0,0,0,4115
0,42,Q-TCID,0.5,200,13200.0,0.9950628366247756,1591.0288778953254,12.0,9,2,1,9,2,1,1,0,0
1,43,Q-TCID,0.5,200,11800.0,0.9967577582213988,1591.0090939067304,7.0,5,2,0,5,2,0,1,0,0
2,44,Q-TCID,0.5,200,11600.0,0.9917943107221007,1505.878563420847,15.0,13,2,0,13,2,0,1,0,0
3,45,Q-TCID,0.5,200,14600.0,0.997134670487106,1478.06226644665,6.0,6,0,0,6,0,0,0,0,0
4,46,Q-TCID,0.5,200,12000.0,0.9970193740685543,1333.1445030793548,6.0,6,0,0,6,0,0,0,0,0
5,47,Q-TCID,0.5,200,13000.0,0.9986708019494904,1661.79622801207,3.0,3,0,0,3,0,0,0,0,0
6,48,Q-TCID,0.5,200,15800.0,0.9981566820276497,1824.2821789458394,5.0,4,0,1,4,0,1,1,0,0
7,49,Q-TCID,0.5,200,13800.0,0.9972552607502287,1661.262060150504,6.0,6,0,0,6,0,0,0,0,0
8,50,Q-TCID,0.5,200,12400.0,0.994716618635927,1411.6671792343259,11.0,10,1,0,10,1,0,1,0,0
9,51,Q-TCID,0.5,200,12200.0,0.9965635738831615,1605.2140023075044,7.0,7,0,0,7,0,0,0,0,0
10,52,Q-TCID,0.5,200,10400.0,0.9980778471888515,1421.5393927283585,4.0,4,0,0,4,0,0,0,0,0
11,53,Q-TCID,0.5,200,16200.0,0.9965609476499809,1860.7440817337483,9.0,9,0,0,9,0,0,0,0,0
12,54,Q-TCID,0.5,200,14800.0,0.9985687022900763,1443.1237312797457,3.0,3,0,0,3,0,0,0,0,0
13,55,Q-TCID,0.5,200,12200.0,0.9952090592334495,1547.7414968460798,11.0,11,0,0,11,0,0,0,0,0
14,56,Q-TCID,0.5,200,14000.0,0.9957527135441245,1633.9007950685918,10.0,9,0,1,9,0,1,1,0,0
15,57,Q-TCID,0.5,200,16200.0,0.998093422306959,1603.1762508302927,4.0,4,0,0,4,0,0,0,0,0
16,58,Q-TCID,0.5,200,12200.0,0.9957573186253712,1510.2508263215423,10.0,9,1,0,9,1,0,0,0,0
17,59,Q-TCID,0.5,200,16200.0,0.9970059880239521,2037.1579651702195,7.0,7,0,0,7,0,0,0,0,0
18,60,Q-TCID,0.5,200,10400.0,0.9962669155389641,1402.032373663038,8.0,8,0,0,8,0,0,0,0,0
19,61,Q-TCID,0.5,200,11600.0,0.9950650515926425,1512.783177677542,11.0,10,1,0,10,1,0,0,0,0
20,62,Q-TCID,0.5,200,14600.0,0.9972850678733032,1773.7934237085283,6.0,6,0,0,6,0,0,0,0,0
21,63,Q-TCID,0.5,200,16200.0,0.9953746530989824,1637.362994197756,10.0,10,0,0,10,0,0,0,0,0
22,64,Q-TCID,0.5,200,14200.0,0.9946834219429677,1577.991225188598,11.0,10,1,0,10,1,0,0,0,0
23,65,Q-TCID,0.5,200,11600.0,0.9961795606494747,1371.7035093326122,8.0,8,0,0,8,0,0,0,0,0
24,66,Q-TCID,0.5,200,13400.0,0.997200186654223,1597.0234283804893,6.0,6,0,0,6,0,0,0,0,0
25,67,Q-TCID,0.5,200,9000.0,0.9966461710452766,1151.4482929948717,6.0,6,0,0,6,0,0,0,0,0
26,68,Q-TCID,0.5,200,12800.0,0.9947867298578199,1613.8596081286669,12.0,11,0,1,11,0,1,1,0,0
27,69,Q-TCID,0.5,200,14600.0,0.9996039603960396,1854.8088832348585,1.0,1,0,0,1,0,0,0,0,0
28,70,Q-TCID,0.5,200,13000.0,0.9929462832338578,1226.1130901258439,13.0,11,2,0,11,2,0,1,0,0
29,71,Q-TCID,0.5,200,14000.0,0.9970699037254082,1827.4278341419995,7.0,6,1,0,6,1,0,1,0,0
30,72,Q-TCID,0.5,200,15800.0,0.9984877126654065,1779.3131583090872,4.0,4,0,0,4,0,0,0,0,0
31,73,Q-TCID,0.5,200,13000.0,0.9962281942479962,1343.1947725322098,8.0,8,0,0,8,0,0,0,0,0
32,74,Q-TCID,0.5,200,15200.0,0.9975579975579976,1784.1404531002045,6.0,6,0,0,6,0,0,0,0,0
33,75,Q-TCID,0.5,200,10600.0,0.9979338842975206,1419.6994812060148,4.0,4,0,0,4,0,0,0,0,0
34,76,Q-TCID,0.5,200,13200.0,0.9959090909090909,1523.0510710831732,9.0,9,0,0,9,0,0,0,0,0
35,77,Q-TCID,0.5,200,14800.0,0.9960649286768323,1462.3735584188253,8.0,8,0,0,8,0,0,0,0,0
36,78,Q-TCID,0.5,200,12400.0,0.9959422903516681,1641.6363371051848,10.0,9,0,1,9,0,1,1,0,0
37,79,Q-TCID,0.5,200,14200.0,0.9991315675206253,1681.2241111062467,3.0,1,1,1,1,1,1,1,0,0
38,80,Q-TCID,0.5,200,9000.0,0.9969445656918376,1386.9174014832824,7.0,7,0,0,7,0,0,0,0,0
39,81,Q-TCID,0.5,200,16000.0,0.9960282436010591,1884.4255237579346,10.0,9,0,1,9,0,1,1,0,0
40,82,Q-TCID,0.5,200,16200.0,0.9963692946058091,1399.9154861979187,7.0,6,1,0,6,1,0,0,0,0
41,83,Q-TCID,0.5,200,14200.0,0.9970149253731343,1816.1113890185952,7.0,6,1,0,6,1,0,1,0,0
42,84,Q-TCID,0.5,200,16200.0,0.9952516619183286,1959.7629767358303,10.0,10,0,0,10,0,0,0,0,0
43,85,Q-TCID,0.5,200,16200.0,0.9981676591846084,1589.5846462659538,4.0,4,0,0,4,0,0,0,0,0
44,86,Q-TCID,0.5,200,9800.0,0.9970873786407767,1362.9589835386723,6.0,4,2,0,4,2,0,0,0,0
45,87,Q-TCID,0.5,200,12800.0,0.9956605593056895,1480.5154818221927,10.0,7,2,1,7,2,1,1,0,0
46,88,Q-TCID,0.5,200,11000.0,0.9957850368809273,1427.6526471916586,8.0,8,0,0,8,0,0,0,0,0
47,89,Q-TCID,0.5,200,15400.0,0.9956999522216914,1584.1638316381723,9.0,9,0,0,9,0,0,0,0,0
48,90,Q-TCID,0.5,200,11800.0,0.9951573849878934,1399.697862252593,10.0,8,2,0,8,2,0,0,0,0
49,91,Q-TCID,0.5,200,12600.0,0.9963218390804598,1701.4829219859093,8.0,7,1,0,7,1,0,1,0,0
50,92,Q-TCID,0.5,200,13600.0,0.9956427015250545,1767.798873225227,10.0,8,2,0,8,2,0,1,0,0
51,93,Q-TCID,0.5,200,11000.0,0.9960513326752222,1389.6673767920583,8.0,8,0,0,8,0,0,0,0,0
52,94,Q-TCID,0.5,200,11600.0,0.99573055028463,1418.3541695438325,10.0,9,0,1,9,0,1,1,0,0
53,95,Q-TCID,0.5,200,13600.0,0.9937977099236641,1627.9853805601597,13.0,12,1,0,12,1,0,1,0,0
54,96,Q-TCID,0.5,200,14800.0,0.9980476376415462,1881.7942524198443,5.0,5,0,0,5,0,0,0,0,0
55,97,Q-TCID,0.5,200,14000.0,0.997269003186163,1653.961766000837,7.0,6,0,1,6,0,1,1,0,0
56,98,Q-TCID,0.5,200,11600.0,0.9952627045650302,1607.607865711674,11.0,11,0,0,11,0,0,0,0,0
57,99,Q-TCID,0.5,200,16000.0,0.9952941176470588,1546.8116490729153,11.0,10,0,1,10,0,1,1,0,0
58,100,Q-TCID,0.5,200,11800.0,0.99712368168744,1483.6017850488424,6.0,5,1,0,5,1,0,1,0,0
59,101,Q-TCID,0.5,200,11200.0,0.9956689124157844,1473.9471954964101,9.0,9,0,0,9,0,0,0,0,0
60,102,Q-TCID,0.5,200,11000.0,0.9953379953379954,1473.4525956157595,10.0,10,0,0,10,0,0,0,0,0
61,103,Q-TCID,0.5,200,9600.0,0.9929185634800203,1366.9355665352196,14.0,13,1,0,13,1,0,1,0,0
62,104,Q-TCID,0.5,200,13000.0,0.995049504950495,1459.0300632603467,10.0,10,0,0,10,0,0,0,0,0
63,105,Q-TCID,0.5,200,10800.0,0.9960803527682509,1428.9781748559326,8.0,8,0,0,8,0,0,0,0,0
64,106,Q-TCID,0.5,200,16200.0,0.9976657329598506,1791.757291181013,5.0,5,0,0,5,0,0,0,0,0
65,107,Q-TCID,0.5,200,11800.0,0.994931576279777,1429.2155827973038,10.0,9,1,0,9,1,0,0,0,0
66,108,Q-TCID,0.5,200,16200.0,0.996386630532972,1817.8721645716578,8.0,6,2,0,6,2,0,1,0,0
67,109,Q-TCID,0.5,200,16200.0,0.9977568416330193,1938.218206172809,5.0,5,0,0,5,0,0,0,0,0
68,110,Q-TCID,0.5,200,11600.0,0.9948813401582132,1613.7606881577522,13.0,9,2,2,9,2,2,2,0,0
69,111,Q-TCID,0.5,200,13000.0,0.9975012493753124,1454.1434165034443,5.0,5,0,0,5,0,0,0,0,0
70,112,Q-TCID,0.5,200,16200.0,0.9972318339100346,2179.127913283184,8.0,6,2,0,6,2,0,0,0,0
71,113,Q-TCID,0.5,200,9800.0,0.9961664841182913,1178.6908541098237,7.0,7,0,0,7,0,0,0,0,0
72,114,Q-TCID,0.5,200,11200.0,0.9963718820861678,1461.0282467473298,9.0,8,0,1,8,0,1,1,0,0
73,115,Q-TCID,0.5,200,15400.0,0.994752951464801,1829.0501217450947,12.0,12,0,0,12,0,0,0,0,0
74,116,Q-TCID,0.5,200,12400.0,0.9981892258940697,1543.0922580212355,4.0,4,0,0,4,0,0,0,0,0
75,117,Q-TCID,0.5,200,12600.0,0.9967058823529412,1465.77640555799,7.0,5,2,0,5,2,0,2,0,0
76,118,Q-TCID,0.5,200,14600.0,0.9971305595408895,1690.008204890415,6.0,6,0,0,6,0,0,0,0,0
77,119,Q-TCID,0.5,200,15000.0,0.9959331224582015,1675.8032964784652,10.0,9,0,1,9,0,1,1,0,0
78,120,Q-TCID,0.5,200,10000.0,0.9964503042596349,1375.7790123019367,7.0,7,0,0,7,0,0,0,0,0
79,121,Q-TCID,0.5,200,12400.0,0.9970530451866405,1516.3245127815753,6.0,6,0,0,6,0,0,0,0,0
0,42,TA-QTCID,0.5,200,12600.0,0.997568093385214,1673.5677050426602,5.0,4,1,0,4,1,0,0,0,2056
1,43,TA-QTCID,0.5,200,12000.0,0.9985528219971056,1635.0482667833567,3.0,3,0,0,3,0,0,0,0,2073
2,44,TA-QTCID,0.5,200,11000.0,0.99812382739212,1552.5885756220669,4.0,4,0,0,4,0,0,0,0,2132
3,45,TA-QTCID,0.5,200,12200.0,0.9967741935483871,1687.614341488108,7.0,6,1,0,6,1,0,1,0,2170
4,46,TA-QTCID,0.5,200,10200.0,0.9968152866242038,1492.227606875822,7.0,7,0,0,7,0,0,0,0,2198
5,47,TA-QTCID,0.5,200,12800.0,0.9990138067061144,1713.2741830013692,2.0,1,1,0,1,1,0,1,0,2028
6,48,TA-QTCID,0.5,200,11800.0,0.9984307571596704,1721.9989247955382,4.0,4,0,0,4,0,0,0,0,2549
7,49,TA-QTCID,0.5,200,11800.0,0.9969657563935848,1664.6451232973486,7.0,7,0,0,7,0,0,0,0,2307
8,50,TA-QTCID,0.5,200,11200.0,0.9974446337308348,1616.8667753711343,6.0,6,0,0,6,0,0,0,0,2348
9,51,TA-QTCID,0.5,200,12800.0,0.997080291970803,1683.3212145809084,6.0,6,0,0,6,0,0,0,0,2055
10,52,TA-QTCID,0.5,200,9400.0,0.9980227385071676,1375.0272204875946,4.0,4,0,0,4,0,0,0,0,2023
11,53,TA-QTCID,0.5,200,14400.0,0.9949748743718593,1872.4562067836523,11.0,11,0,0,11,0,0,0,0,2189
12,54,TA-QTCID,0.5,200,13800.0,0.9963184537505753,1808.7319588903338,8.0,8,0,0,8,0,0,0,0,2173
13,55,TA-QTCID,0.5,200,10400.0,0.996615087040619,1476.519114838913,7.0,7,0,0,7,0,0,0,0,2068
14,56,TA-QTCID,0.5,200,13200.0,0.9970426700464723,1809.5628866776824,7.0,7,0,0,7,0,0,0,0,2367
15,57,TA-QTCID,0.5,200,10600.0,0.996141124586549,1428.9188228659332,7.0,7,0,0,7,0,0,0,0,1814
16,58,TA-QTCID,0.5,200,11600.0,0.9920948616600791,1514.207625322044,14.0,13,1,0,13,1,0,0,0,1771
17,59,TA-QTCID,0.5,200,12600.0,0.9971977582065652,1783.388661287725,7.0,7,0,0,7,0,0,0,0,2498
18,60,TA-QTCID,0.5,200,12200.0,0.998697351280938,1699.0692746024579,3.0,3,0,0,3,0,0,0,0,2303
19,61,TA-QTCID,0.5,200,13000.0,0.9943280977312391,1762.0021626818925,13.0,13,0,0,13,0,0,0,0,2292
20,62,TA-QTCID,0.5,200,10800.0,0.9978012313104662,1561.0956934634596,5.0,5,0,0,5,0,0,0,0,2274
21,63,TA-QTCID,0.5,200,9000.0,0.9958658704639411,1428.5429269690067,10.0,8,1,1,8,1,1,2,1,2176
22,64,TA-QTCID,0.5,200,16200.0,0.9960595446584939,2039.987076452002,9.0,9,0,0,9,0,0,0,0,2284
23,65,TA-QTCID,0.5,200,10400.0,0.9941829719725013,1426.3666875176132,11.0,11,0,0,11,0,0,0,0,1891
24,66,TA-QTCID,0.5,200,13600.0,0.9967182372245663,1788.43358001858,7.0,7,0,0,7,0,0,0,0,2133
25,67,TA-QTCID,0.5,200,12800.0,0.9966459032103497,1692.8373161703348,7.0,7,0,0,7,0,0,0,0,2087
26,68,TA-QTCID,0.5,200,12000.0,0.9932955131511089,1598.012628145516,13.0,12,1,0,12,1,0,0,0,1939
27,69,TA-QTCID,0.5,200,10000.0,0.9959404600811907,1475.0155312176794,9.0,9,0,0,9,0,0,0,0,2217
28,70,TA-QTCID,0.5,200,10800.0,0.9977148080438757,1544.1210257578641,5.0,5,0,0,5,0,0,0,0,2188
29,71,TA-QTCID,0.5,200,12800.0,0.9967274427302478,1715.213014530018,7.0,6,1,0,6,1,0,0,0,2139
30,72,TA-QTCID,0.5,200,11400.0,0.9967919340054996,1593.1853333506733,7.0,7,0,0,7,0,0,0,0,2182
31,73,TA-QTCID,0.5,200,11000.0,0.9966372425388819,1613.543064210564,8.0,8,0,0,8,0,0,0,0,2379
32,74,TA-QTCID,0.5,200,13200.0,0.9954011241696474,1707.7148804236203,9.0,9,0,0,9,0,0,0,0,1957
33,75,TA-QTCID,0.5,200,12200.0,0.9985380116959064,1649.9456150270998,3.0,3,0,0,3,0,0,0,0,2052
34,76,TA-QTCID,0.5,200,10200.0,0.9958005249343832,1418.1563295945525,8.0,8,0,0,8,0,0,0,0,1905
35,77,TA-QTCID,0.5,200,14200.0,0.9964711071901191,1874.7907181885093,8.0,7,1,0,7,1,0,0,0,2267
36,78,TA-QTCID,0.5,200,12000.0,0.994410569105691,1597.755436198786,11.0,11,0,0,11,0,0,0,0,1968
37,79,TA-QTCID,0.5,200,10400.0,0.99537251272559,1499.1520051266998,10.0,10,0,0,10,0,0,0,0,2161
38,80,TA-QTCID,0.5,200,13200.0,0.9968819599109131,1781.7861577030271,7.0,7,0,0,7,0,0,0,0,2245
39,81,TA-QTCID,0.5,200,12800.0,0.9954394693200663,1777.7106547281146,11.0,11,0,0,11,0,0,0,0,2412
40,82,TA-QTCID,0.5,200,13400.0,0.9942224362060664,1753.7324527930468,12.0,12,0,0,12,0,0,0,0,2077
41,83,TA-QTCID,0.5,200,10000.0,0.9963041182682154,1395.028839437291,7.0,7,0,0,7,0,0,0,0,1894
42,84,TA-QTCID,0.5,200,11800.0,0.9960356788899901,1589.030694410205,8.0,7,1,0,7,1,0,0,0,2018
43,85,TA-QTCID,0.5,200,12600.0,0.996057171020207,1669.195442153141,8.0,8,0,0,8,0,0,0,0,2029
44,86,TA-QTCID,0.5,200,11600.0,0.9986162361623616,1604.9963783584535,3.0,3,0,0,3,0,0,0,0,2168
45,87,TA-QTCID,0.5,200,13400.0,0.9994949494949495,1730.3279867060483,1.0,1,0,0,1,0,0,0,0,1980
46,88,TA-QTCID,0.5,200,10000.0,0.9967602591792657,1384.226778164506,6.0,6,0,0,6,0,0,0,0,1852
47,89,TA-QTCID,0.5,200,12400.0,0.9949698189134809,1643.4960326422006,10.0,10,0,0,10,0,0,0,0,1988
48,90,TA-QTCID,0.5,200,14600.0,0.997338065661047,1914.6159001346678,6.0,6,0,0,6,0,0,0,0,2254
49,91,TA-QTCID,0.5,200,13000.0,0.9939819458375125,1729.9718747939914,13.0,12,0,1,12,0,1,1,1,1993
50,92,TA-QTCID,0.5,200,11800.0,0.996937212863706,1577.9714412037283,6.0,6,0,0,6,0,0,0,0,1959
51,93,TA-QTCID,0.5,200,10200.0,0.9946808510638298,1457.50669564493,11.0,11,0,0,11,0,0,0,0,2068
52,94,TA-QTCID,0.5,200,14200.0,0.9960835509138382,1878.905789161101,9.0,9,0,0,9,0,0,0,0,2298
53,95,TA-QTCID,0.5,200,10800.0,0.9971098265895953,1625.7695731241256,7.0,6,1,0,6,1,0,1,0,2422
54,96,TA-QTCID,0.5,200,14000.0,0.9958139534883721,1821.8289635702968,9.0,8,1,0,8,1,0,0,0,2150
55,97,TA-QTCID,0.5,200,12800.0,0.9964943032427696,1751.991461219266,8.0,8,0,0,8,0,0,0,0,2282
56,98,TA-QTCID,0.5,200,11400.0,0.99800796812749,1554.863735044375,4.0,4,0,0,4,0,0,0,0,2008
57,99,TA-QTCID,0.5,200,11600.0,0.9962049335863378,1593.1655493564904,8.0,8,0,0,8,0,0,0,0,2108
58,100,TA-QTCID,0.5,200,13000.0,0.9970845481049563,1795.951498106122,7.0,7,0,0,7,0,0,0,0,2401
59,101,TA-QTCID,0.5,200,15600.0,0.9967438494934877,2114.097921706736,9.0,9,0,0,9,0,0,0,0,2764
60,102,TA-QTCID,0.5,200,11200.0,0.9965936739659368,1574.5488100666553,7.0,6,1,0,6,1,0,1,0,2055
61,103,TA-QTCID,0.5,200,10600.0,0.9966035904900534,1489.8733114693314,7.0,7,0,0,7,0,0,0,0,2061
62,104,TA-QTCID,0.5,200,12400.0,0.9946782776971457,1660.2135084178299,11.0,11,0,0,11,0,0,0,0,2067
63,105,TA-QTCID,0.5,200,12800.0,0.9960229783473266,1736.8171370569617,9.0,9,0,0,9,0,0,0,0,2263
64,106,TA-QTCID,0.5,200,10000.0,0.9954221770091557,1419.9764571320266,9.0,9,0,0,9,0,0,0,0,1966
65,107,TA-QTCID,0.5,200,13600.0,0.9966394623139703,1775.5739832762629,7.0,7,0,0,7,0,0,0,0,2083
66,108,TA-QTCID,0.5,200,14000.0,0.9972739663789186,1838.8036312852055,6.0,6,0,0,6,0,0,0,0,2201
67,109,TA-QTCID,0.5,200,11800.0,0.9975500204164965,1696.022539364174,6.0,6,0,0,6,0,0,0,0,2449
68,110,TA-QTCID,0.5,200,16200.0,0.9955436720142602,2064.0246303696185,11.0,10,0,1,10,0,1,1,1,2243
69,111,TA-QTCID,0.5,200,11400.0,0.9966735966735967,1681.0064871683717,8.0,7,1,0,7,1,0,1,0,2405
70,112,TA-QTCID,0.5,200,12400.0,0.9971556277935798,1756.403292113915,7.0,7,0,0,7,0,0,0,0,2461
71,113,TA-QTCID,0.5,200,11400.0,0.9974821653378095,1646.1668719705194,6.0,6,0,0,6,0,0,0,0,2383
72,114,TA-QTCID,0.5,200,14000.0,0.9970990468296727,1888.4416747372597,7.0,7,0,0,7,0,0,0,0,2413
73,115,TA-QTCID,0.5,200,12800.0,0.9955290611028316,1691.808548444882,9.0,9,0,0,9,0,0,0,0,2013
74,116,TA-QTCID,0.5,200,12200.0,0.9980685659101883,1641.9726650305092,4.0,4,0,0,4,0,0,0,0,2071
75,117,TA-QTCID,0.5,200,11400.0,0.9951314508276533,1570.5524430889636,10.0,10,0,0,10,0,0,0,0,2054
76,118,TA-QTCID,0.5,200,11000.0,0.9966587112171837,1535.356715971604,7.0,7,0,0,7,0,0,0,0,2095
77,119,TA-QTCID,0.5,200,10600.0,0.9958592132505176,1460.8106228057295,8.0,8,0,0,8,0,0,0,0,1932
78,120,TA-QTCID,0.5,200,8200.0,0.9955860716037274,1270.2116149775684,9.0,9,0,0,9,0,0,0,0,2039
79,121,TA-QTCID,0.5,200,9000.0,0.9972617743702081,1288.9074902571738,5.0,5,0,0,5,0,0,0,0,1826
0,42,Q-TCID,0.5,350,11900.0,0.9947994056463596,921.0241032335907,8.0,5,2,1,5,2,1,1,0,0
1,43,Q-TCID,0.5,350,11550.0,0.9950454170107349,850.8502729646862,7.0,6,0,1,6,0,1,1,0,0
2,44,Q-TCID,0.5,350,11900.0,0.9858757062146892,787.2051610574126,15.0,11,4,0,11,4,0,0,0,0
3,45,Q-TCID,0.5,350,13300.0,0.9948761742100769,886.144920039922,6.0,6,0,0,6,0,0,0,0,0
4,46,Q-TCID,0.5,350,15050.0,0.9914748508098892,866.4004930313677,11.0,8,2,1,8,2,1,2,0,0
5,47,Q-TCID,0.5,350,11200.0,0.9916874480465503,919.6985755693167,10.0,7,3,0,7,3,0,1,0,0
6,48,Q-TCID,0.5,350,11900.0,0.9963768115942029,957.6244939845055,5.0,5,0,0,5,0,0,0,0,0
7,49,Q-TCID,0.5,350,12250.0,0.9917491749174917,825.7839513011277,10.0,9,1,0,9,1,0,0,0,0
8,50,Q-TCID,0.5,350,11550.0,0.9929742388758782,939.7595464978367,10.0,8,1,1,8,1,1,1,0,0
9,51,Q-TCID,0.5,350,14350.0,0.9864406779661017,835.2802689056844,16.0,15,1,0,15,1,0,0,0,0
10,52,Q-TCID,0.5,350,16100.0,0.9942148760330578,878.4489459935576,7.0,7,0,0,7,0,0,0,0,0
11,53,Q-TCID,0.5,350,13300.0,0.9972086531751571,1006.7085855733603,4.0,4,0,0,4,0,0,0,0,0
12,54,Q-TCID,0.5,350,13300.0,0.9943729903536977,904.9199312999845,7.0,7,0,0,7,0,0,0,0,0
13,55,Q-TCID,0.5,350,12950.0,0.9939439818319455,932.3207643721253,9.0,8,0,1,8,0,1,1,0,0
14,56,Q-TCID,0.5,350,12600.0,0.9971631205673759,1033.713738746941,6.0,3,1,2,3,1,2,2,0,0
15,57,Q-TCID,0.5,350,13300.0,0.9944968553459119,965.300684036687,7.0,6,1,0,6,1,0,0,0,0
16,58,Q-TCID,0.5,350,12600.0,0.9933969185619956,986.1727987639606,10.0,8,1,1,8,1,1,2,0,0
17,59,Q-TCID,0.5,350,15050.0,0.9929922915206727,1012.7624880410731,10.0,9,1,0,9,1,0,1,0,0
18,60,Q-TCID,0.5,350,13300.0,0.9931454683929931,980.9102560915053,11.0,8,1,2,8,1,2,3,0,0
19,61,Q-TCID,0.5,350,14350.0,0.9939117199391172,1001.4262589067221,9.0,7,1,1,7,1,1,1,0,0
20,62,Q-TCID,0.5,350,16100.0,0.9852430555555556,835.6759488042444,17.0,15,2,0,15,2,0,1,0,0
21,63,Q-TCID,0.5,350,10500.0,0.9950940310711366,846.3395221047103,6.0,6,0,0,6,0,0,0,0,0
22,64,Q-TCID,0.5,350,11550.0,0.9940627650551315,888.2024555206299,7.0,7,0,0,7,0,0,0,0,0
23,65,Q-TCID,0.5,350,12250.0,0.9909706546275395,995.1547324955463,12.0,8,4,0,8,4,0,2,0,0
24,66,Q-TCID,0.5,350,11200.0,0.994077834179357,896.5710854120553,8.0,5,2,1,5,2,1,1,0,0
25,67,Q-TCID,0.5,350,12250.0,0.9968652037617555,895.4236136972904,4.0,4,0,0,4,0,0,0,0,0
26,68,Q-TCID,0.5,350,11900.0,0.9925373134328358,841.9672592096031,9.0,9,0,0,9,0,0,0,0,0
27,69,Q-TCID,0.5,350,14350.0,0.9950634696755994,1010.4477606322616,7.0,6,1,0,6,1,0,1,0,0
28,70,Q-TCID,0.5,350,15050.0,0.9927060539752006,1157.8978753648698,11.0,9,1,1,9,1,1,1,0,0
29,71,Q-TCID,0.5,350,12600.0,0.9927953890489913,967.2790835406631,10.0,8,2,0,8,2,0,1,0,0
30,72,Q-TCID,0.5,350,16100.0,0.9941908713692946,927.8100135140121,7.0,5,2,0,5,2,0,2,0,0
31,73,Q-TCID,0.5,350,9100.0,0.9929022082018928,812.3308347053826,9.0,8,1,0,8,1,0,1,0,0
32,74,Q-TCID,0.5,350,12250.0,0.9966352624495289,1017.8074067682028,6.0,4,1,1,4,1,1,2,0,0
33,75,Q-TCID,0.5,350,12600.0,0.993480032599837,794.1889112815261,8.0,7,1,0,7,1,0,0,0,0
34,76,Q-TCID,0.5,350,12950.0,0.994281045751634,846.5967140384018,7.0,7,0,0,7,0,0,0,0,0
35,77,Q-TCID,0.5,350,13300.0,0.9933884297520661,949.3547840695828,8.0,8,0,0,8,0,0,0,0,0
36,78,Q-TCID,0.5,350,11900.0,0.9937451133698202,939.2451626248658,8.0,6,2,0,6,2,0,1,0,0
37,79,Q-TCID,0.5,350,14350.0,0.993841416474211,901.339028198272,8.0,8,0,0,8,0,0,0,0,0
38,80,Q-TCID,0.5,350,12600.0,0.9938032532920217,942.3314658477902,9.0,7,1,1,7,1,1,1,0,0
39,81,Q-TCID,0.5,350,16100.0,0.9958217270194986,1085.983053540811,6.0,5,1,0,5,1,0,1,0,0
40,82,Q-TCID,0.5,350,12250.0,0.9960722702278083,894.6520378962159,5.0,5,0,0,5,0,0,0,0,0
41,83,Q-TCID,0.5,350,15050.0,0.9950071326676176,1051.9150141533464,7.0,7,0,0,7,0,0,0,0,0
42,84,Q-TCID,0.5,350,14700.0,0.9923488905891354,1045.2082398477942,10.0,10,0,0,10,0,0,0,0,0
43,85,Q-TCID,0.5,350,15050.0,0.994748687171793,1024.0393651966006,7.0,6,1,0,6,1,0,1,0,0
44,86,Q-TCID,0.5,350,14000.0,0.9949201741654572,1000.1600832249969,8.0,7,0,1,7,0,1,1,0,0
45,87,Q-TCID,0.5,350,14350.0,0.9949856733524355,1004.7895380556583,8.0,7,0,1,7,0,1,1,0,0
46,88,Q-TCID,0.5,350,11200.0,0.9945482866043613,862.028230143711,7.0,7,0,0,7,0,0,0,0,0
47,89,Q-TCID,0.5,350,11900.0,0.9921739130434782,799.7086458895355,9.0,7,2,0,7,2,0,1,0,0
48,90,Q-TCID,0.5,350,13650.0,0.9948096885813149,970.9193386267871,6.0,5,1,0,5,1,0,0,0,0
49,91,Q-TCID,0.5,350,12950.0,0.9923130677847659,1049.2441748250276,11.0,9,2,0,9,2,0,1,0,0
50,92,Q-TCID,0.5,350,11200.0,0.9933444259567388,795.3561669904739,8.0,6,2,0,6,2,0,1,0,0
51,93,Q-TCID,0.5,350,14000.0,0.993103448275862,1026.9673964548856,9.0,8,1,0,8,1,0,0,0,0
52,94,Q-TCID,0.5,350,12950.0,0.9922720247295209,996.2824202030897,11.0,9,1,1,9,1,1,1,0,0
53,95,Q-TCID,0.5,350,13650.0,0.99057344854674,1008.6078490931541,12.0,10,2,0,10,2,0,1,0,0
54,96,Q-TCID,0.5,350,14700.0,0.995768688293371,1028.1742201503366,7.0,4,2,1,4,2,1,1,0,0
55,97,Q-TCID,0.5,350,14700.0,0.9940074906367041,953.6479109879583,8.0,6,2,0,6,2,0,1,0,0
56,98,Q-TCID,0.5,350,16100.0,0.993006993006993,915.9791845101863,9.0,8,1,0,8,1,0,0,0,0
57,99,Q-TCID,0.5,350,16100.0,0.9941324392288349,944.9825211763382,7.0,6,1,0,6,1,0,0,0,0
58,100,Q-TCID,0.5,350,16100.0,0.9936908517350158,1154.198268301785,10.0,5,3,2,5,3,2,4,0,0
59,101,Q-TCID,0.5,350,12600.0,0.9969207082371054,972.2448662854731,4.0,4,0,0,4,0,0,0,0,0
60,102,Q-TCID,0.5,350,11200.0,0.9923980649619903,903.950515544042,11.0,11,0,0,11,0,0,0,0,0
61,103,Q-TCID,0.5,350,14700.0,0.9916476841305999,994.6007806304842,11.0,10,1,0,10,1,0,0,0,0
62,104,Q-TCID,0.5,350,10150.0,0.9873417721518988,801.113309532404,15.0,14,1,0,14,1,0,0,0,0
63,105,Q-TCID,0.5,350,13300.0,0.9909570459683497,961.7197809424251,12.0,11,1,0,11,1,0,0,0,0
64,106,Q-TCID,0.5,350,16100.0,0.9919028340080972,884.8787443656474,10.0,10,0,0,10,0,0,0,0,0
65,107,Q-TCID,0.5,350,14000.0,0.9907016060862215,825.9224392659962,11.0,10,1,0,10,1,0,1,0,0
66,108,Q-TCID,0.5,350,11200.0,0.9912587412587412,805.7625483553857,11.0,9,1,1,9,1,1,2,0,0
67,109,Q-TCID,0.5,350,12600.0,0.9893964110929854,935.7433955017477,13.0,13,0,0,13,0,0,0,0,0
68,110,Q-TCID,0.5,350,16100.0,0.9934162399414777,1078.366215461865,9.0,9,0,0,9,0,0,0,0,0
69,111,Q-TCID,0.5,350,11550.0,0.9953488372093023,899.0243007913232,6.0,6,0,0,6,0,0,0,0,0
70,112,Q-TCID,0.5,350,16100.0,0.9953519256308101,1157.1658675502986,7.0,5,2,0,5,2,0,1,0,0
71,113,Q-TCID,0.5,350,11550.0,0.9949281487743026,896.8282773476094,6.0,4,2,0,4,2,0,1,0,0
72,114,Q-TCID,0.5,350,16100.0,0.9945945945945946,918.0367199871689,7.0,7,0,0,7,0,0,0,0,0
73,115,Q-TCID,0.5,350,11900.0,0.9917582417582418,865.8267571832985,9.0,8,1,0,8,1,0,0,0,0
74,116,Q-TCID,0.5,350,15750.0,0.9947683109118086,1035.4547303132713,7.0,6,1,0,6,1,0,0,0,0
75,117,Q-TCID,0.5,350,14700.0,0.9929906542056075,862.0282301418483,9.0,9,0,0,9,0,0,0,0,0
76,118,Q-TCID,0.5,350,11200.0,0.9928762243989314,785.1674095652997,8.0,8,0,0,8,0,0,0,0,0
77,119,Q-TCID,0.5,350,14350.0,0.9909465020576131,844.281986631453,11.0,10,1,0,10,1,0,0,0,0
78,120,Q-TCID,0.5,350,11900.0,0.9884868421052632,905.3156112004071,14.0,13,1,0,13,1,0,1,0,0
79,121,Q-TCID,0.5,350,9800.0,0.9897674418604652,788.016304846853,12.0,10,1,1,10,1,1,2,0,0
0,42,TA-QTCID,0.5,350,12250.0,0.9924686192468619,950.6407437492162,9.0,9,0,0,9,0,0,0,0,1195
1,43,TA-QTCID,0.5,350,15400.0,0.9978525411596277,1174.991247056052,3.0,3,0,0,3,0,0,0,0,1397
2,44,TA-QTCID,0.5,350,8750.0,0.9855233853006682,695.7041841801256,13.0,13,0,0,13,0,0,0,0,898
3,45,TA-QTCID,0.5,350,9450.0,0.9842209072978304,763.5632870290428,16.0,16,0,0,16,0,0,0,0,1014
4,46,TA-QTCID,0.5,350,11550.0,0.9953445065176909,880.466913478449,5.0,4,1,0,4,1,0,0,0,1074
5,47,TA-QTCID,0.5,350,12950.0,0.9900579950289975,995.6097643878311,12.0,11,1,0,11,1,0,0,0,1207
6,48,TA-QTCID,0.5,350,11900.0,0.990072202166065,915.9396165236831,11.0,11,0,0,11,0,0,0,0,1108
7,49,TA-QTCID,0.5,350,12600.0,0.9906976744186047,988.9425580650568,12.0,12,0,0,12,0,0,0,0,1290
8,50,TA-QTCID,0.5,350,13300.0,0.9951495553759094,1021.0519819520414,6.0,6,0,0,6,0,0,0,0,1237
9,51,TA-QTCID,0.5,350,13650.0,0.9949494949494949,1121.5942445453256,8.0,8,0,0,8,0,0,0,0,1584
10,52,TA-QTCID,0.5,350,10150.0,0.9949409780775716,839.3953398615122,6.0,6,0,0,6,0,0,0,0,1186
11,53,TA-QTCID,0.5,350,12950.0,0.9931129476584022,1047.8197271861136,10.0,10,0,0,10,0,0,0,0,1452
12,54,TA-QTCID,0.5,350,13650.0,0.99568345323741,1072.984968824312,6.0,6,0,0,6,0,0,0,0,1390
13,55,TA-QTCID,0.5,350,12250.0,0.9932985852568875,992.5630291551352,9.0,7,2,0,7,2,0,0,0,1343
14,56,TA-QTCID,0.5,350,12250.0,0.994034302759135,990.7626856137067,8.0,7,1,0,7,1,0,0,0,1341
15,57,TA-QTCID,0.5,350,7350.0,0.9865168539325843,620.4260832015425,12.0,12,0,0,12,0,0,0,0,890
16,58,TA-QTCID,0.5,350,10500.0,0.989501312335958,846.3197381142527,12.0,11,1,0,11,1,0,0,0,1143
17,59,TA-QTCID,0.5,350,12250.0,0.9943089430894309,960.9284211471677,7.0,7,0,0,7,0,0,0,0,1230
18,60,TA-QTCID,0.5,350,9800.0,0.995291902071563,792.348999755457,5.0,5,0,0,5,0,0,0,0,1062
19,61,TA-QTCID,0.5,350,15400.0,0.9911634756995582,1155.9590438622981,12.0,12,0,0,12,0,0,0,0,1358
20,62,TA-QTCID,0.5,350,11900.0,0.990632318501171,955.0327906310558,12.0,11,1,0,11,1,0,0,0,1281
21,63,TA-QTCID,0.5,350,9100.0,0.9872146118721461,765.3834145665169,14.0,14,0,0,14,0,0,0,0,1095
22,64,TA-QTCID,0.5,350,14000.0,0.9978197674418605,1083.2528622299433,3.0,3,0,0,3,0,0,0,0,1376
23,65,TA-QTCID,0.5,350,11200.0,0.9925986842105263,902.8623958248645,9.0,9,0,0,9,0,0,0,0,1216
24,66,TA-QTCID,0.5,350,14000.0,0.9949676491732566,1092.2545799613,7.0,7,0,0,7,0,0,0,0,1391
25,67,TA-QTCID,0.5,350,12600.0,0.99140625,986.3706387095153,11.0,10,1,0,10,1,0,0,0,1280
26,68,TA-QTCID,0.5,350,14000.0,0.9962034927866363,1074.508336437866,5.0,5,0,0,5,0,0,0,0,1317
27,69,TA-QTCID,0.5,350,9800.0,0.9946808510638298,807.0089400447905,6.0,6,0,0,6,0,0,0,0,1128
28,70,TA-QTCID,0.5,350,10500.0,0.9956427015250545,904.9594992920756,6.0,6,0,0,6,0,0,0,0,1377
29,71,TA-QTCID,0.5,350,15400.0,0.9973787680209698,1199.1672889403999,4.0,4,0,0,4,0,0,0,0,1526
30,72,TA-QTCID,0.5,350,12250.0,0.9931153184165232,942.1534098926932,8.0,8,0,0,8,0,0,0,0,1162
31,73,TA-QTCID,0.5,350,14000.0,0.9917355371900827,1050.8466784264892,10.0,9,1,0,9,1,0,0,0,1210
32,74,TA-QTCID,0.5,350,11550.0,0.9930232558139535,966.2305318098515,9.0,8,1,0,8,1,0,1,0,1290
33,75,TA-QTCID,0.5,350,9450.0,0.9958298582151793,807.2859159745276,5.0,5,0,0,5,0,0,0,0,1199
34,76,TA-QTCID,0.5,350,9450.0,0.9935275080906149,818.3451691791415,8.0,8,0,0,8,0,0,0,0,1236
35,77,TA-QTCID,0.5,350,10850.0,0.994052676295667,899.1430047601461,8.0,7,0,1,7,0,1,1,1,1176
36,78,TA-QTCID,0.5,350,10150.0,0.989843028624192,815.4764899108559,11.0,11,0,0,11,0,0,0,0,1083
37,79,TA-QTCID,0.5,350,11900.0,0.9977116704805492,965.3204680383205,3.0,3,0,0,3,0,0,0,0,1311
38,80,TA-QTCID,0.5,350,12600.0,0.9945736434108527,994.0863967668265,7.0,7,0,0,7,0,0,0,0,1290
39,81,TA-QTCID,0.5,350,12600.0,0.9970414201183432,1008.7463370654732,4.0,4,0,0,4,0,0,0,0,1352
40,82,TA-QTCID,0.5,350,15400.0,0.9913657770800628,1207.7535427697003,12.0,9,2,1,9,2,1,3,1,1273
41,83,TA-QTCID,0.5,350,9450.0,0.9881456392887383,801.3705014660954,14.0,14,0,0,14,0,0,0,0,1181
42,84,TA-QTCID,0.5,350,13650.0,0.9918367346938776,1032.091451164335,10.0,10,0,0,10,0,0,0,0,1225
43,85,TA-QTCID,0.5,350,9450.0,0.9906890130353817,803.0323570482433,11.0,10,0,1,10,0,1,1,1,1073
44,86,TA-QTCID,0.5,350,16100.0,0.9935222672064777,1147.194734076038,8.0,7,1,0,7,1,0,0,0,1235
45,87,TA-QTCID,0.5,350,12250.0,0.9931740614334471,944.725329240784,8.0,8,0,0,8,0,0,0,0,1172
46,88,TA-QTCID,0.5,350,11200.0,0.9911816578483245,910.9540497791022,10.0,9,1,0,9,1,0,1,0,1134
47,89,TA-QTCID,0.5,350,10150.0,0.9935245143385754,812.6473786216229,7.0,7,0,0,7,0,0,0,0,1081
48,90,TA-QTCID,0.5,350,11900.0,0.9928514694201748,973.6693139262497,10.0,8,1,1,8,1,1,1,1,1258
49,91,TA-QTCID,0.5,350,14700.0,0.9955456570155902,1118.9629732109606,6.0,6,0,0,6,0,0,0,0,1347
50,92,TA-QTCID,0.5,350,11200.0,0.9957841483979764,894.11787003465,5.0,5,0,0,5,0,0,0,0,1186
51,93,TA-QTCID,0.5,350,11200.0,0.9915651358950328,866.08394911699,9.0,9,0,0,9,0,0,0,0,1067
52,94,TA-QTCID,0.5,350,12250.0,0.9929577464788732,939.3242986090481,8.0,7,1,0,7,1,0,0,0,1136
53,95,TA-QTCID,0.5,350,13650.0,0.9957081545064378,1076.3284639790654,6.0,6,0,0,6,0,0,0,0,1398
54,96,TA-QTCID,0.5,350,12250.0,0.9966055668703326,1020.8541420027614,5.0,4,1,0,4,1,0,0,0,1473
55,97,TA-QTCID,0.5,350,12950.0,0.9903288201160542,980.2969522606581,11.0,9,1,1,9,1,1,1,1,1033
56,98,TA-QTCID,0.5,350,12600.0,0.990953947368421,972.4822742268443,11.0,11,0,0,11,0,0,0,0,1216
57,99,TA-QTCID,0.5,350,12250.0,0.990228013029316,957.8421179242432,12.0,12,0,0,12,0,0,0,0,1228
58,100,TA-QTCID,0.5,350,11900.0,0.994492525570417,951.1749116051942,7.0,7,0,0,7,0,0,0,0,1271
59,101,TA-QTCID,0.5,350,11200.0,0.9903614457831326,907.7490425799042,12.0,12,0,0,12,0,0,0,0,1245
60,102,TA-QTCID,0.5,350,12950.0,0.9930167597765364,1047.3053433150053,10.0,9,1,0,9,1,0,0,0,1432
61,103,TA-QTCID,0.5,350,12600.0,0.99,969.6531629431993,12.0,12,0,0,12,0,0,0,0,1200
62,104,TA-QTCID,0.5,350,11900.0,0.9951690821256038,946.5454567857087,6.0,6,0,0,6,0,0,0,0,1242
63,105,TA-QTCID,0.5,350,13300.0,0.9897260273972602,1007.1636174730957,12.0,12,0,0,12,0,0,0,0,1168
64,106,TA-QTCID,0.5,350,13650.0,0.9902182091798345,1082.6197743918747,13.0,12,1,0,12,1,0,1,0,1329
65,107,TA-QTCID,0.5,350,11550.0,0.9940728196443692,913.1302892211825,7.0,7,0,0,7,0,0,0,0,1181
66,108,TA-QTCID,0.5,350,14350.0,0.992619926199262,1104.5800088495016,10.0,10,0,0,10,0,0,0,0,1355
67,109,TA-QTCID,0.5,350,11200.0,0.9937548790007806,971.5128584727645,9.0,7,1,1,7,1,1,2,1,1280
68,110,TA-QTCID,0.5,350,9100.0,0.9959316517493898,798.5611741803586,5.0,4,1,0,4,1,0,0,0,1229
69,111,TA-QTCID,0.5,350,12250.0,0.9938461538461538,978.9318566061556,8.0,8,0,0,8,0,0,0,0,1300
70,112,TA-QTCID,0.5,350,10500.0,0.9940677966101695,908.7975943181664,9.0,7,0,2,7,0,2,2,2,1178
71,113,TA-QTCID,0.5,350,16100.0,0.9951657458563536,1204.5485355835408,7.0,7,0,0,7,0,0,0,0,1448
72,114,TA-QTCID,0.5,350,14000.0,0.9933166248955723,1051.3610623031855,8.0,8,0,0,8,0,0,0,0,1197
73,115,TA-QTCID,0.5,350,9800.0,0.9931448157669237,844.9348584674299,9.0,8,0,1,8,0,1,1,1,1166
74,116,TA-QTCID,0.5,350,10850.0,0.9926769731489016,916.6320563405752,9.0,8,1,0,8,1,0,1,0,1229
75,117,TA-QTCID,0.5,350,11200.0,0.9915449654112222,921.3802151400596,11.0,11,0,0,11,0,0,0,0,1301
76,118,TA-QTCID,0.5,350,13650.0,0.9933884297520661,1033.120218904689,8.0,8,0,0,8,0,0,0,0,1210
77,119,TA-QTCID,0.5,350,11200.0,0.9917231000752446,928.324397386983,11.0,9,2,0,9,2,0,0,0,1329
78,120,TA-QTCID,0.5,350,14700.0,0.9926470588235294,1150.2019013147801,10.0,9,1,0,9,1,0,1,0,1360
79,121,TA-QTCID,0.5,350,11550.0,0.9899665551839465,936.9106512181461,12.0,10,2,0,10,2,0,1,0,1196
0,42,Q-TCID,0.5,600,12000.0,0.9861878453038674,538.2037999797612,11.0,8,2,1,8,2,1,2,0,0
1,43,Q-TCID,0.5,600,13200.0,0.9764705882352941,582.5990847628564,16.0,13,3,0,13,3,0,0,0,0
2,44,Q-TCID,0.5,600,10200.0,0.973724884080371,518.4000209830701,17.0,15,2,0,15,2,0,2,0,0
3,45,Q-TCID,0.5,600,10800.0,0.9824561403508771,417.0268306042999,11.0,9,2,0,9,2,0,1,0,0
4,46,Q-TCID,0.5,600,10800.0,0.9842406876790831,498.5962419901043,11.0,10,1,0,10,1,0,0,0,0
5,47,Q-TCID,0.5,600,16200.0,0.9926289926289926,670.2421826142818,6.0,5,1,0,5,1,0,0,0,0
6,48,Q-TCID,0.5,600,14400.0,0.988621997471555,659.262065384537,12.0,7,2,3,7,2,3,4,0,0
7,49,Q-TCID,0.5,600,13200.0,0.9865591397849462,543.347638681531,11.0,9,1,1,9,1,1,2,0,0
8,50,Q-TCID,0.5,600,15600.0,0.9880636604774535,548.4519093893468,9.0,8,1,0,8,1,0,0,0,0
9,51,Q-TCID,0.5,600,16200.0,0.9815724815724816,634.7892635706812,15.0,12,3,0,12,3,0,0,0,0
10,52,Q-TCID,0.5,600,15000.0,0.9791356184798807,489.1197083815932,15.0,11,3,1,11,3,1,2,0,0
11,53,Q-TCID,0.5,600,16200.0,0.9925373134328358,657.5408578142524,7.0,6,0,1,6,0,1,1,0,0
12,54,Q-TCID,0.5,600,16200.0,0.996547756041427,674.2583335973322,4.0,3,0,1,3,0,1,1,0,0
13,55,Q-TCID,0.5,600,12600.0,0.9909706546275395,582.4012448135763,8.0,6,2,0,6,2,0,0,0,0
14,56,Q-TCID,0.5,600,11400.0,0.9814241486068112,508.01342360675335,14.0,10,2,2,10,2,2,3,0,0
15,57,Q-TCID,0.5,600,12600.0,0.989010989010989,513.9090541154146,8.0,7,1,0,7,1,0,1,0,0
16,58,Q-TCID,0.5,600,15000.0,0.9936642027455121,651.2693314049393,6.0,6,0,0,6,0,0,0,0,0
17,59,Q-TCID,0.5,600,16200.0,0.9814323607427056,591.5018825121224,14.0,12,2,0,12,2,0,1,0,0
18,60,Q-TCID,0.5,600,16200.0,0.9942726231386025,639.8341822940856,6.0,5,0,1,5,0,1,1,0,0
19,61,Q-TCID,0.5,600,12000.0,0.9773371104815864,472.79791250638664,17.0,16,0,1,16,0,1,1,0,0
20,62,Q-TCID,0.5,600,16200.0,0.9818621523579202,843.2532188743353,17.0,10,5,2,10,5,2,6,0,0
21,63,Q-TCID,0.5,600,10200.0,0.9826839826839827,570.7484717499465,16.0,10,2,4,10,2,4,5,0,0
22,64,Q-TCID,0.5,600,12000.0,0.9793103448275862,609.3668299969286,16.0,12,3,1,12,3,1,2,0,0
23,65,Q-TCID,0.5,600,11400.0,0.9882869692532943,459.2854439243674,8.0,7,1,0,7,1,0,0,0,0
24,66,Q-TCID,0.5,600,13200.0,0.9920844327176781,521.6248121652752,6.0,5,1,0,5,1,0,1,0,0
25,67,Q-TCID,0.5,600,10800.0,0.9757834757834758,550.2720369286835,18.0,16,1,1,16,1,1,2,0,0
26,68,Q-TCID,0.5,600,12600.0,0.9874213836477987,531.1409137658775,11.0,9,1,1,9,1,1,1,0,0
27,69,Q-TCID,0.5,600,16200.0,0.990487514863258,699.977527083829,10.0,6,2,2,6,2,2,3,0,0
28,70,Q-TCID,0.5,600,13200.0,0.9813581890812251,580.60090126656,15.0,13,1,1,13,1,1,2,0,0
29,71,Q-TCID,0.5,600,12600.0,0.9914004914004914,571.4804795663804,8.0,7,0,1,7,0,1,1,0,0
30,72,Q-TCID,0.5,600,11400.0,0.9882352941176471,574.0721829142421,10.0,7,2,1,7,2,1,3,0,0
31,73,Q-TCID,0.5,600,16200.0,0.9874651810584958,572.1135674081743,11.0,7,2,2,7,2,2,2,0,0
32,74,Q-TCID,0.5,600,14400.0,0.9908675799086758,683.6557312197983,9.0,6,2,1,6,2,1,2,0,0
33,75,Q-TCID,0.5,600,13800.0,0.9878048780487805,491.15745987556875,9.0,9,0,0,9,0,0,0,0,0
34,76,Q-TCID,0.5,600,16200.0,0.9938875305623472,643.4150853864849,6.0,4,1,1,4,1,1,1,0,0
35,77,Q-TCID,0.5,600,9600.0,0.9778911564625851,485.49923729896545,14.0,12,1,1,12,1,1,2,0,0
36,78,Q-TCID,0.5,600,14400.0,0.988929889298893,702.90555835329,10.0,6,3,1,6,3,1,2,0,0
37,79,Q-TCID,0.5,600,12000.0,0.9853917662682603,512.7417984120548,11.0,10,1,0,10,1,0,0,0,0
38,80,Q-TCID,0.5,600,15000.0,0.9896193771626297,620.564571166411,10.0,7,2,1,7,2,1,1,0,0
39,81,Q-TCID,0.5,600,9000.0,0.9860529986052998,526.2740509938449,12.0,8,2,2,8,2,2,3,0,0
40,82,Q-TCID,0.5,600,14400.0,0.9903846153846154,586.2393398378044,8.0,7,1,0,7,1,0,0,0,0
41,83,Q-TCID,0.5,600,10800.0,0.9874125874125874,449.78912632353604,9.0,8,1,0,8,1,0,0,0,0
42,84,Q-TCID,0.5,600,13200.0,0.9798270893371758,576.0703664086759,15.0,14,0,1,14,0,1,1,0,0
43,85,Q-TCID,0.5,600,10800.0,0.9895833333333334,574.2106708791107,10.0,7,2,1,7,2,1,2,0,0
44,86,Q-TCID,0.5,600,13800.0,0.9891304347826086,610.5340857002884,10.0,6,3,1,6,3,1,1,0,0
45,87,Q-TCID,0.5,600,12600.0,0.9833333333333333,598.1888728179038,13.0,12,1,0,12,1,0,1,0,0
46,88,Q-TCID,0.5,600,12000.0,0.982028241335045,501.7023292090744,14.0,13,1,0,13,1,0,0,0,0
47,89,Q-TCID,0.5,600,12600.0,0.984743411927878,529.8351700939238,11.0,10,1,0,10,1,0,1,0,0
48,90,Q-TCID,0.5,600,11400.0,0.9868593955321945,532.5257934164256,10.0,9,1,0,9,1,0,0,0,0
49,91,Q-TCID,0.5,600,10800.0,0.9857328145265889,560.4212263654917,11.0,9,2,0,9,2,0,1,0,0
50,92,Q-TCID,0.5,600,13800.0,0.990990990990991,590.512682756409,9.0,7,1,1,7,1,1,1,0,0
51,93,Q-TCID,0.5,600,7800.0,0.978021978021978,437.32520947419107,14.0,10,4,0,10,4,0,1,0,0
52,94,Q-TCID,0.5,600,16200.0,0.9869203329369798,664.524608053267,14.0,10,1,3,10,1,3,3,0,0
53,95,Q-TCID,0.5,600,15000.0,0.9748953974895398,642.7622135616839,19.0,14,4,1,14,4,1,2,0,0
54,96,Q-TCID,0.5,600,16200.0,0.986827661909989,712.9162598252296,12.0,11,1,0,11,1,0,0,0,0
55,97,Q-TCID,0.5,600,12000.0,0.9858956276445698,552.0723804738373,11.0,9,1,1,9,1,1,2,0,0
56,98,Q-TCID,0.5,600,13800.0,0.9844632768361582,587.2681075762957,12.0,9,2,1,9,2,1,2,0,0
57,99,Q-TCID,0.5,600,10800.0,0.9867899603698811,546.6911338344216,11.0,9,1,1,9,1,1,2,0,0
58,100,Q-TCID,0.5,600,9600.0,0.9822888283378747,462.27282716706395,14.0,11,2,1,11,2,1,1,0,0
59,101,Q-TCID,0.5,600,12000.0,0.988950276243094,573.6567190177739,9.0,5,3,1,5,3,1,2,0,0
60,102,Q-TCID,0.5,600,13200.0,0.9851851851851852,560.3223063908517,12.0,8,4,0,8,4,0,2,0,0
61,103,Q-TCID,0.5,600,15000.0,0.9831932773109243,563.4877455923706,12.0,10,2,0,10,2,0,1,0,0
62,104,Q-TCID,0.5,600,12000.0,0.9804177545691906,516.0852935686707,15.0,15,0,0,15,0,0,0,0,0
63,105,Q-TCID,0.5,600,12600.0,0.9881422924901185,572.5290313009173,11.0,7,2,2,7,2,2,3,0,0
64,106,Q-TCID,0.5,600,10800.0,0.9910941475826972,546.5526458676904,7.0,6,1,0,6,1,0,1,0,0
65,107,Q-TCID,0.5,600,13200.0,0.990578734858681,492.4434195458889,7.0,7,0,0,7,0,0,0,0,0
66,108,Q-TCID,0.5,600,12600.0,0.9849108367626886,564.8132732510567,13.0,8,3,2,8,3,2,3,0,0
67,109,Q-TCID,0.5,600,11400.0,0.9806094182825484,547.8188215512782,14.0,11,3,0,11,3,0,1,0,0
68,110,Q-TCID,0.5,600,15000.0,0.9776357827476039,452.222557708621,15.0,14,0,1,14,0,1,1,0,0
69,111,Q-TCID,0.5,600,15000.0,0.9861687413554634,624.0465542767197,13.0,8,2,3,8,2,3,4,0,0
70,112,Q-TCID,0.5,600,13200.0,0.9876695437731196,578.3059578463435,12.0,10,0,2,10,0,2,2,0,0
71,113,Q-TCID,0.5,600,12000.0,0.9884467265725289,630.8522485624999,10.0,5,4,1,5,4,1,3,0,0
72,114,Q-TCID,0.5,600,13200.0,0.98856416772554,556.9392432440072,9.0,9,0,0,9,0,0,0,0,0
73,115,Q-TCID,0.5,600,15000.0,0.985734664764622,552.547196354717,10.0,10,0,0,10,0,0,0,0,0
74,116,Q-TCID,0.5,600,16200.0,0.9844311377245509,647.7873482815921,13.0,10,3,0,10,3,0,1,0,0
75,117,Q-TCID,0.5,600,15000.0,0.990909090909091,620.9404670652002,9.0,6,1,2,6,1,2,2,0,0
76,118,Q-TCID,0.5,600,12600.0,0.9743223965763196,552.5471963565797,18.0,16,2,0,16,2,0,0,0,0
77,119,Q-TCID,0.5,600,13200.0,0.9839786381842457,615.5394364334643,14.0,12,0,2,12,0,2,2,0,0
78,120,Q-TCID,0.5,600,13200.0,0.9837837837837838,534.7218168601394,13.0,11,1,1,11,1,1,1,0,0
79,121,Q-TCID,0.5,600,9600.0,0.9707317073170731,446.8610950615257,19.0,13,5,1,13,5,1,3,0,0
0,42,TA-QTCID,0.5,600,12000.0,0.9892183288409704,565.6639850400388,8.0,8,0,0,8,0,0,0,0,742
1,43,TA-QTCID,0.5,600,12000.0,0.9919540229885058,598.5845527201891,7.0,7,0,0,7,0,0,0,0,870
2,44,TA-QTCID,0.5,600,14400.0,0.9809104258443465,622.4242666997015,13.0,13,0,0,13,0,0,0,0,681
3,45,TA-QTCID,0.5,600,12600.0,0.9871060171919771,597.3975130207837,10.0,9,0,1,9,0,1,1,1,697
4,46,TA-QTCID,0.5,600,10200.0,0.9820846905537459,480.84999847598374,11.0,11,0,0,11,0,0,0,0,614
5,47,TA-QTCID,0.5,600,12000.0,0.9827338129496402,553.5759640932083,12.0,12,0,0,12,0,0,0,0,695
6,48,TA-QTCID,0.5,600,13800.0,0.9805680119581465,605.2121910490096,13.0,12,1,0,12,1,0,0,0,669
7,49,TA-QTCID,0.5,600,13200.0,0.9808743169398907,599.8309444077313,14.0,13,1,0,13,1,0,0,0,732
8,50,TA-QTCID,0.5,600,10800.0,0.9902097902097902,523.5240756906569,7.0,7,0,0,7,0,0,0,0,715
9,51,TA-QTCID,0.5,600,11400.0,0.9887005649717514,539.1929997336119,8.0,7,1,0,7,1,0,0,0,708
10,52,TA-QTCID,0.5,600,10800.0,0.9870967741935484,562.7359537817538,11.0,9,1,1,9,1,1,1,1,774
11,53,TA-QTCID,0.5,600,7800.0,0.9845288326300985,432.3198587410152,11.0,11,0,0,11,0,0,0,0,711
12,54,TA-QTCID,0.5,600,10800.0,0.9867724867724867,559.1352666914463,11.0,10,0,1,10,0,1,1,1,755
13,55,TA-QTCID,0.5,600,16200.0,0.9886749716874292,716.0025630500168,10.0,10,0,0,10,0,0,0,0,883
14,56,TA-QTCID,0.5,600,12000.0,0.9828722002635046,570.0362479351461,13.0,12,1,0,12,1,0,0,0,759
15,57,TA-QTCID,0.5,600,10200.0,0.9802631578947368,504.6303604654968,12.0,10,2,0,10,2,0,1,0,608
16,58,TA-QTCID,0.5,600,13800.0,0.98856416772554,631.7029603533447,9.0,9,0,0,9,0,0,0,0,787
17,59,TA-QTCID,0.5,600,9600.0,0.9893758300132802,497.5872582439333,8.0,7,1,0,7,1,0,0,0,753
18,60,TA-QTCID,0.5,600,7800.0,0.9679595278246206,401.97121041081846,19.0,18,1,0,18,1,0,0,0,593
19,61,TA-QTCID,0.5,600,15000.0,0.9799465240641712,657.125393923372,15.0,14,1,0,14,1,0,0,0,748
20,62,TA-QTCID,0.5,600,13800.0,0.9831824062095731,680.0352601334453,13.0,10,3,0,10,3,0,2,0,773
21,63,TA-QTCID,0.5,600,9600.0,0.9835858585858586,530.6265298929065,13.0,12,1,0,12,1,0,1,0,792
22,64,TA-QTCID,0.5,600,10200.0,0.983679525222552,519.2903007604182,11.0,10,1,0,10,1,0,1,0,674
23,65,TA-QTCID,0.5,600,12000.0,0.9876404494382023,627.5087534096092,11.0,9,2,0,9,2,0,1,0,890
24,66,TA-QTCID,0.5,600,8400.0,0.9847645429362881,454.41858115792274,11.0,11,0,0,11,0,0,0,0,722
25,67,TA-QTCID,0.5,600,16200.0,0.9884020618556701,707.3767412267625,9.0,8,1,0,8,1,0,1,0,776
26,68,TA-QTCID,0.5,600,12600.0,0.9844413012729845,627.6076733861119,12.0,10,1,1,10,1,1,2,1,706
27,69,TA-QTCID,0.5,600,12000.0,0.9907161803713528,569.0074801966548,7.0,7,0,0,7,0,0,0,0,754
28,70,TA-QTCID,0.5,600,16200.0,0.9882659713168188,707.6339331623167,9.0,7,2,0,7,2,0,1,0,767
29,71,TA-QTCID,0.5,600,10800.0,0.9906291834002677,530.4682579357177,7.0,7,0,0,7,0,0,0,0,747
30,72,TA-QTCID,0.5,600,10200.0,0.9890965732087228,490.6232920102775,7.0,7,0,0,7,0,0,0,0,642
31,73,TA-QTCID,0.5,600,14400.0,0.9886524822695035,658.8070335052907,8.0,7,1,0,7,1,0,1,0,705
32,74,TA-QTCID,0.5,600,12000.0,0.9875690607734806,585.0720841288567,9.0,8,1,0,8,1,0,1,0,724
33,75,TA-QTCID,0.5,600,9000.0,0.9894736842105263,479.60360679216683,8.0,8,0,0,8,0,0,0,0,760
34,76,TA-QTCID,0.5,600,10800.0,0.9880159786950732,532.5257934182882,9.0,9,0,0,9,0,0,0,0,751
35,77,TA-QTCID,0.5,600,12000.0,0.9947437582128777,569.264672132209,4.0,4,0,0,4,0,0,0,0,761
36,78,TA-QTCID,0.5,600,13800.0,0.9949302915082383,633.5033039003611,4.0,4,0,0,4,0,0,0,0,789
37,79,TA-QTCID,0.5,600,7200.0,0.9787878787878788,426.54293219931424,14.0,11,3,0,11,3,0,1,0,660
38,80,TA-QTCID,0.5,600,14400.0,0.9912935323383084,684.2690350655466,8.0,6,1,1,6,1,1,1,1,803
39,81,TA-QTCID,0.5,600,11400.0,0.9915865384615384,571.0847996715456,7.0,7,0,0,7,0,0,0,0,832
40,82,TA-QTCID,0.5,600,14400.0,0.990632318501171,692.2419850472361,8.0,7,1,0,7,1,0,1,0,854
41,83,TA-QTCID,0.5,600,12000.0,0.9895287958115183,573.8941269628704,8.0,8,0,0,8,0,0,0,0,764
42,84,TA-QTCID,0.5,600,15000.0,0.9826302729528535,699.9379591085017,14.0,13,1,0,13,1,0,1,0,806
43,85,TA-QTCID,0.5,600,10800.0,0.9874213836477987,543.8422385565937,10.0,9,1,0,9,1,0,0,0,795
44,86,TA-QTCID,0.5,600,10200.0,0.9799382716049383,512.0889265779406,14.0,13,0,1,13,0,1,1,1,647
45,87,TA-QTCID,0.5,600,9600.0,0.9824561403508771,492.4434195458889,13.0,12,1,0,12,1,0,0,0,741
46,88,TA-QTCID,0.5,600,10800.0,0.9826338639652678,517.0942773167044,12.0,12,0,0,12,0,0,0,0,691
47,89,TA-QTCID,0.5,600,13200.0,0.9910141206675225,613.2049250286072,7.0,7,0,0,7,0,0,0,0,779
48,90,TA-QTCID,0.5,600,10800.0,0.9935567010309279,564.5362973250449,6.0,5,0,1,5,0,1,1,1,775
49,91,TA-QTCID,0.5,600,11400.0,0.9837177747625508,547.9375255219638,12.0,12,0,0,12,0,0,0,0,737
50,92,TA-QTCID,0.5,600,15000.0,0.9943052391799544,765.244926597923,7.0,4,1,2,4,1,2,3,2,876
51,93,TA-QTCID,0.5,600,12000.0,0.9816232771822359,594.7068897038698,14.0,11,1,2,11,1,2,2,2,651
52,94,TA-QTCID,0.5,600,10200.0,0.9934123847167325,515.5709096975625,5.0,5,0,0,5,0,0,0,0,759
53,95,TA-QTCID,0.5,600,12000.0,0.9897304236200257,574.1513188984245,8.0,8,0,0,8,0,0,0,0,779
54,96,TA-QTCID,0.5,600,7800.0,0.9825581395348837,425.63286843150854,12.0,11,1,0,11,1,0,0,0,688
55,97,TA-QTCID,0.5,600,14400.0,0.9943946188340808,673.8626536987722,5.0,5,0,0,5,0,0,0,0,892
56,98,TA-QTCID,0.5,600,12000.0,0.9912826899128269,580.0667334031314,7.0,7,0,0,7,0,0,0,0,803
57,99,TA-QTCID,0.5,600,10200.0,0.9893899204244032,539.8656555581838,9.0,8,0,1,8,0,1,1,1,753
58,100,TA-QTCID,0.5,600,11400.0,0.978134110787172,536.1066965162754,15.0,15,0,0,15,0,0,0,0,686
59,101,TA-QTCID,0.5,600,11400.0,0.9862155388471178,586.6350197400898,11.0,10,1,0,10,1,0,1,0,798
60,102,TA-QTCID,0.5,600,12000.0,0.9924433249370277,605.6474389359355,7.0,6,0,1,6,0,1,1,1,793
61,103,TA-QTCID,0.5,600,10800.0,0.9921671018276762,535.3549047000706,6.0,5,1,0,5,1,0,0,0,766
62,104,TA-QTCID,0.5,600,12600.0,0.9883551673944687,570.5308478120714,8.0,7,1,0,7,1,0,0,0,687
63,105,TA-QTCID,0.5,600,15000.0,0.9977194982896237,692.8750728964806,2.0,2,0,0,2,0,0,0,0,877
64,106,TA-QTCID,0.5,600,13800.0,0.9919571045576407,623.7300103716552,6.0,5,1,0,5,1,0,0,0,746
65,107,TA-QTCID,0.5,600,7800.0,0.9872122762148338,449.8089103195816,10.0,10,0,0,10,0,0,0,0,782
66,108,TA-QTCID,0.5,600,14400.0,0.9806835066864784,622.6814586371183,13.0,12,1,0,12,1,0,0,0,673
67,109,TA-QTCID,0.5,600,11400.0,0.9922680412371134,556.6820513103157,6.0,6,0,0,6,0,0,0,0,776
68,110,TA-QTCID,0.5,600,12600.0,0.9853420195439739,581.1944211181253,9.0,8,1,0,8,1,0,1,0,614
69,111,TA-QTCID,0.5,600,9600.0,0.9766355140186916,470.3249131347984,15.0,14,1,0,14,1,0,0,0,642
70,112,TA-QTCID,0.5,600,10200.0,0.9863861386138614,528.1733145155013,11.0,11,0,0,11,0,0,0,0,808
71,113,TA-QTCID,0.5,600,12600.0,0.9885786802030457,593.4209300260991,9.0,9,0,0,9,0,0,0,0,788
72,114,TA-QTCID,0.5,600,10800.0,0.9884910485933504,539.2127837259322,9.0,9,0,0,9,0,0,0,0,782
73,115,TA-QTCID,0.5,600,13200.0,0.9833333333333333,598.0306008625776,12.0,12,0,0,12,0,0,0,0,720
74,116,TA-QTCID,0.5,600,12000.0,0.9878213802435724,591.5018825121224,9.0,8,1,0,8,1,0,1,0,739
75,117,TA-QTCID,0.5,600,10800.0,0.9842406876790831,543.1893667150289,11.0,9,2,0,9,2,0,1,0,698
76,118,TA-QTCID,0.5,600,12000.0,0.9901269393511989,584.0433163903654,8.0,7,0,1,7,0,1,1,1,708
77,119,TA-QTCID,0.5,600,8400.0,0.9794303797468354,479.60360678844154,15.0,12,1,2,12,1,2,2,2,630
78,120,TA-QTCID,0.5,600,10800.0,0.9885786802030457,539.9843595270067,9.0,9,0,0,9,0,0,0,0,788
79,121,TA-QTCID,0.5,600,10200.0,0.9821162444113264,493.1952113583684,12.0,10,2,0,10,2,0,0,0,671
0,42,Q-TCID,0.5,1000,14000.0,0.975103734439834,473.4310003463179,15.0,7,5,3,7,5,3,4,0,0
1,43,Q-TCID,0.5,1000,14000.0,0.9648351648351648,337.33689874596894,16.0,13,3,0,13,3,0,1,0,0
2,44,Q-TCID,0.5,1000,14000.0,0.9594882729211087,401.714018471539,19.0,17,2,0,17,2,0,2,0,0
3,45,Q-TCID,0.5,1000,12000.0,0.9640449438202248,360.08849299512804,17.0,12,4,1,12,4,1,2,0,0
4,46,Q-TCID,0.5,1000,14000.0,0.9701834862385321,350.17671149782836,14.0,12,1,1,12,1,1,1,0,0
5,47,Q-TCID,0.5,1000,13000.0,0.975,343.76669711992145,12.0,11,1,0,11,1,0,1,0,0
6,48,Q-TCID,0.5,1000,17000.0,0.9775051124744376,363.8078840561211,11.0,8,3,0,8,3,0,1,0,0
7,49,Q-TCID,0.5,1000,12000.0,0.9788135593220338,316.38564804010093,10.0,9,1,0,9,1,0,0,0,0
8,50,Q-TCID,0.5,1000,13000.0,0.9766536964980544,362.6406283508986,12.0,10,2,0,10,2,0,0,0,0
9,51,Q-TCID,0.5,1000,11000.0,0.9617977528089887,334.76497939415276,18.0,17,0,1,17,0,1,1,0,0
10,52,Q-TCID,0.5,1000,10000.0,0.9512195121951219,348.55442390963435,23.0,14,6,3,14,6,3,4,0,0
11,53,Q-TCID,0.5,1000,12000.0,0.9735234215885947,440.29280872270465,15.0,7,6,2,7,6,2,4,0,0
12,54,Q-TCID,0.5,1000,10000.0,0.96,451.3718459196389,21.0,10,9,2,10,9,2,6,0,0
13,55,Q-TCID,0.5,1000,11000.0,0.974169741697417,410.3596242889762,14.0,8,6,0,8,6,0,3,0,0
14,56,Q-TCID,0.5,1000,15000.0,0.9617021276595744,401.9712104089558,20.0,15,3,2,15,3,2,2,0,0
15,57,Q-TCID,0.5,1000,17000.0,0.976491862567812,451.17400597035885,13.0,11,2,0,11,2,0,1,0,0
16,58,Q-TCID,0.5,1000,12000.0,0.9688109161793372,420.6275176908821,16.0,11,5,0,11,5,0,3,0,0
17,59,Q-TCID,0.5,1000,16000.0,0.9494505494505494,423.4368449859321,24.0,19,4,1,19,4,1,3,0,0
18,60,Q-TCID,0.5,1000,13000.0,0.9696312364425163,422.4476452320814,16.0,6,8,2,6,8,2,5,0,0
19,61,Q-TCID,0.5,1000,14000.0,0.9707724425887265,429.6094514243305,15.0,9,5,1,9,5,1,3,0,0
20,62,Q-TCID,0.5,1000,14000.0,0.9782178217821782,360.3259009346366,11.0,11,0,0,11,0,0,0,0,0
21,63,Q-TCID,0.5,1000,11000.0,0.9737903225806451,322.5582544784993,13.0,10,3,0,10,3,0,0,0,0
22,64,Q-TCID,0.5,1000,12000.0,0.9518599562363238,406.22476933710277,23.0,18,4,1,18,4,1,3,0,0
23,65,Q-TCID,0.5,1000,17000.0,0.9780439121756487,420.07356583699584,12.0,9,2,1,9,2,1,1,0,0
24,66,Q-TCID,0.5,1000,15000.0,0.9751552795031055,423.0411650855094,12.0,10,2,0,10,2,0,2,0,0
25,67,Q-TCID,0.5,1000,14000.0,0.9537444933920705,423.17965305037796,23.0,18,3,2,18,3,2,3,0,0
26,68,Q-TCID,0.5,1000,11000.0,0.9662447257383966,392.87057270668447,17.0,13,3,1,13,3,1,3,0,0
27,69,Q-TCID,0.5,1000,14000.0,0.9688715953307393,438.6111691482365,19.0,14,2,3,14,2,3,3,0,0
28,70,Q-TCID,0.5,1000,11000.0,0.9493392070484582,413.0502476096153,26.0,19,4,3,19,4,3,4,0,0
29,71,Q-TCID,0.5,1000,16000.0,0.9738955823293173,419.30199003219604,13.0,11,2,0,11,2,0,1,0,0
30,72,Q-TCID,0.5,1000,13000.0,0.9645232815964523,371.76105004549026,16.0,11,5,0,11,5,0,1,0,0
31,73,Q-TCID,0.5,1000,9000.0,0.9475,313.06193687953055,21.0,15,6,0,15,6,0,2,0,0
32,74,Q-TCID,0.5,1000,16000.0,0.9767932489451476,514.4234379846603,14.0,8,3,3,8,3,3,5,0,0
33,75,Q-TCID,0.5,1000,11000.0,0.9681528662420382,417.42251050285995,18.0,13,2,3,13,2,3,4,0,0
34,76,Q-TCID,0.5,1000,8000.0,0.9503239740820735,455.8825967796147,24.0,10,13,1,10,13,1,7,0,0
35,77,Q-TCID,0.5,1000,10000.0,0.9373368146214099,334.0131875835359,24.0,19,5,0,19,5,0,3,0,0
36,78,Q-TCID,0.5,1000,14000.0,0.9722814498933902,394.1169643960893,14.0,11,2,1,11,2,1,1,0,0
37,79,Q-TCID,0.5,1000,13000.0,0.9560439560439561,471.55152081884444,23.0,14,6,3,14,6,3,7,0,0
38,80,Q-TCID,0.5,1000,16000.0,0.9655172413793104,382.56311131455004,17.0,14,3,0,14,3,0,1,0,0
39,81,Q-TCID,0.5,1000,13000.0,0.9845559845559846,345.94293657131493,8.0,6,2,0,6,2,0,0,0,0
40,82,Q-TCID,0.5,1000,13000.0,0.9836734693877551,381.79153550975025,8.0,6,2,0,6,2,0,1,0,0
41,83,Q-TCID,0.5,1000,15000.0,0.9823874755381604,430.24253926612437,11.0,8,1,2,8,1,2,2,0,0
42,84,Q-TCID,0.5,1000,9000.0,0.9711934156378601,327.58338920772076,15.0,12,2,1,12,2,1,1,0,0
43,85,Q-TCID,0.5,1000,12000.0,0.9730769230769231,371.78083403781056,15.0,12,2,1,12,2,1,1,0,0
44,86,Q-TCID,0.5,1000,11000.0,0.9682875264270613,425.5339484512806,18.0,11,4,3,11,4,3,5,0,0
45,87,Q-TCID,0.5,1000,12000.0,0.945679012345679,400.4478427916765,24.0,18,4,2,18,4,2,4,0,0
46,88,Q-TCID,0.5,1000,17000.0,0.9706422018348624,456.7135245744139,16.0,13,3,0,13,3,0,2,0,0
47,89,Q-TCID,0.5,1000,16000.0,0.9594594594594594,481.3841663338244,21.0,15,3,3,15,3,3,4,0,0
48,90,Q-TCID,0.5,1000,13000.0,0.9735234215885947,397.24283560179174,16.0,10,3,3,10,3,3,3,0,0
49,91,Q-TCID,0.5,1000,16000.0,0.9776951672862454,368.81323479115963,12.0,10,2,0,10,2,0,0,0,0
50,92,Q-TCID,0.5,1000,16000.0,0.9683544303797469,413.1293835900724,15.0,12,3,0,12,3,0,1,0,0
51,93,Q-TCID,0.5,1000,13000.0,0.9755600814663951,356.72521384619176,12.0,12,0,0,12,0,0,0,0,0
52,94,Q-TCID,0.5,1000,16000.0,0.9779116465863453,452.222557708621,13.0,7,4,2,7,4,2,3,0,0
53,95,Q-TCID,0.5,1000,10000.0,0.9376498800959233,436.454713691026,27.0,18,8,1,18,8,1,6,0,0
54,96,Q-TCID,0.5,1000,12000.0,0.9792099792099792,318.7003754545003,10.0,9,1,0,9,1,0,0,0,0
55,97,Q-TCID,0.5,1000,9000.0,0.9550827423167849,394.94789218343794,21.0,14,5,2,14,5,2,5,0,0
56,98,Q-TCID,0.5,1000,12000.0,0.9444444444444444,531.0419937837869,27.0,14,11,2,14,11,2,8,0,0
57,99,Q-TCID,0.5,1000,10000.0,0.965675057208238,314.98098439350724,16.0,14,1,1,14,1,1,1,0,0
58,100,Q-TCID,0.5,1000,16000.0,0.9661354581673307,427.92781184986234,18.0,14,3,1,14,3,1,2,0,0
59,101,Q-TCID,0.5,1000,13000.0,0.9737991266375546,424.20842078886926,12.0,9,3,0,9,3,0,3,0,0
60,102,Q-TCID,0.5,1000,16000.0,0.975,407.2337530814111,13.0,9,4,0,9,4,0,1,0,0
61,103,Q-TCID,0.5,1000,12000.0,0.9614512471655329,435.03026605024934,19.0,12,5,2,12,5,2,5,0,0
62,104,Q-TCID,0.5,1000,10000.0,0.9501246882793017,363.9661560114473,22.0,18,2,2,18,2,2,4,0,0
63,105,Q-TCID,0.5,1000,13000.0,0.9744094488188977,487.7150447331369,15.0,10,3,2,10,3,2,5,0,0
64,106,Q-TCID,0.5,1000,12000.0,0.9611872146118722,340.56168993003666,18.0,12,5,1,12,5,1,2,0,0
65,107,Q-TCID,0.5,1000,11000.0,0.9680638722554891,450.4617821518332,17.0,9,7,1,9,7,1,5,0,0
66,108,Q-TCID,0.5,1000,14000.0,0.9726315789473684,334.8836833629757,13.0,12,1,0,12,1,0,0,0,0
67,109,Q-TCID,0.5,1000,8000.0,0.9405940594059405,397.6582994963974,27.0,15,9,3,15,9,3,6,0,0
68,110,Q-TCID,0.5,1000,15000.0,0.9441747572815534,402.24818633310497,23.0,13,10,0,13,10,0,4,0,0
69,111,Q-TCID,0.5,1000,8000.0,0.9475,313.06193687953055,22.0,18,3,1,18,3,1,2,0,0
70,112,Q-TCID,0.5,1000,15000.0,0.9754253308128544,391.8220209721476,14.0,10,3,1,10,3,1,1,0,0
71,113,Q-TCID,0.5,1000,14000.0,0.9612068965517241,425.7515724003315,19.0,14,4,1,14,4,1,3,0,0
72,114,Q-TCID,0.5,1000,13000.0,0.9609544468546638,407.2535370737314,19.0,13,5,1,13,5,1,3,0,0
73,115,Q-TCID,0.5,1000,10000.0,0.9502164502164502,321.4107827693224,23.0,20,3,0,20,3,0,1,0,0
74,116,Q-TCID,0.5,1000,14000.0,0.9746300211416491,359.692813096568,13.0,12,0,1,12,0,1,1,0,0
75,117,Q-TCID,0.5,1000,11000.0,0.959915611814346,392.8705727048218,20.0,16,3,1,16,3,1,3,0,0
76,118,Q-TCID,0.5,1000,11000.0,0.9564164648910412,308.8083779569715,18.0,13,5,0,13,5,0,1,0,0
77,119,Q-TCID,0.5,1000,12000.0,0.9534368070953437,354.03459052555263,22.0,17,4,1,17,4,1,1,0,0
78,120,Q-TCID,0.5,1000,16000.0,0.9605809128630706,422.78397314623,20.0,17,2,1,17,2,1,2,0,0
79,121,Q-TCID,0.5,1000,10000.0,0.9470046082949308,314.20940858870745,23.0,18,5,0,18,5,0,1,0,0
0,42,TA-QTCID,0.5,1000,10000.0,0.9781181619256017,338.36566648446023,10.0,7,3,0,7,3,0,1,0,457
1,43,TA-QTCID,0.5,1000,14000.0,0.9727463312368972,417.7588384244591,14.0,12,1,1,12,1,1,1,1,476
2,44,TA-QTCID,0.5,1000,9000.0,0.953125,293.0009659510106,21.0,20,1,0,20,1,0,0,0,448
3,45,TA-QTCID,0.5,1000,12000.0,0.9736842105263158,350.2954154703766,12.0,11,1,0,11,1,0,0,0,456
4,46,TA-QTCID,0.5,1000,12000.0,0.9589371980676329,363.7881000600755,17.0,15,2,0,15,2,0,1,0,414
5,47,TA-QTCID,0.5,1000,15000.0,0.976545842217484,408.1042488627136,11.0,11,0,0,11,0,0,0,0,469
6,48,TA-QTCID,0.5,1000,9000.0,0.9620535714285714,319.35324729047716,17.0,15,2,0,15,2,0,1,0,448
7,49,TA-QTCID,0.5,1000,12000.0,0.9643652561247216,375.1045452002436,17.0,16,0,1,16,0,1,1,1,448
8,50,TA-QTCID,0.5,1000,12000.0,0.98,348.752263860777,9.0,9,0,0,9,0,0,0,0,450
9,51,TA-QTCID,0.5,1000,10000.0,0.9756592292089249,323.07263835147023,12.0,10,2,0,10,2,0,0,0,493
10,52,TA-QTCID,0.5,1000,13000.0,0.9662921348314607,388.97312569618225,16.0,14,1,1,14,1,1,1,1,444
11,53,TA-QTCID,0.5,1000,11000.0,0.972972972972973,363.03630824945867,13.0,11,2,0,11,2,0,1,0,481
12,54,TA-QTCID,0.5,1000,12000.0,0.9702970297029703,413.54484748467803,17.0,14,1,2,14,1,2,2,2,503
13,55,TA-QTCID,0.5,1000,14000.0,0.9792060491493384,403.49457802437246,11.0,11,0,0,11,0,0,0,0,529
14,56,TA-QTCID,0.5,1000,11000.0,0.9569620253164557,342.20376151427627,18.0,15,2,1,15,2,1,1,1,394
15,57,TA-QTCID,0.5,1000,13000.0,0.9643605870020965,449.3934464212507,18.0,14,3,1,14,3,1,3,1,476
16,58,TA-QTCID,0.5,1000,13000.0,0.9804347826086957,370.33660240471363,9.0,9,0,0,9,0,0,0,0,460
17,59,TA-QTCID,0.5,1000,12000.0,0.9794050343249427,397.5989475157112,10.0,8,1,1,8,1,1,2,1,436
18,60,TA-QTCID,0.5,1000,9000.0,0.9671361502347418,312.6662569809705,15.0,13,1,1,13,1,1,1,1,425
19,61,TA-QTCID,0.5,1000,11000.0,0.9719626168224299,324.08162209391594,12.0,12,0,0,12,0,0,0,0,428
20,62,TA-QTCID,0.5,1000,14000.0,0.9662027833001988,448.7405745908618,18.0,16,1,1,16,1,1,2,1,502
21,63,TA-QTCID,0.5,1000,11000.0,0.9917355371900827,364.06507599167526,5.0,4,0,1,4,0,1,1,1,483
22,64,TA-QTCID,0.5,1000,10000.0,0.9688149688149689,319.2147593256086,15.0,14,1,0,14,1,0,0,0,481
23,65,TA-QTCID,0.5,1000,15000.0,0.9797160243407708,415.8200069107115,10.0,9,1,0,9,1,0,0,0,493
24,66,TA-QTCID,0.5,1000,10000.0,0.9788583509513742,342.7379293795675,11.0,10,0,1,10,0,1,1,1,472
25,67,TA-QTCID,0.5,1000,8000.0,0.9534883720930233,313.57632075063884,18.0,16,2,0,16,2,0,2,0,387
26,68,TA-QTCID,0.5,1000,10000.0,0.9695652173913043,364.46075588837266,14.0,12,2,0,12,2,0,2,0,460
27,69,TA-QTCID,0.5,1000,7000.0,0.9709443099273608,299.4505483172834,13.0,10,2,1,10,2,1,2,1,412
28,70,TA-QTCID,0.5,1000,11000.0,0.9817444219066938,340.5419059358537,9.0,9,0,0,9,0,0,0,0,493
29,71,TA-QTCID,0.5,1000,10000.0,0.9705882352941176,336.56532294116914,13.0,11,2,0,11,2,0,1,0,442
30,72,TA-QTCID,0.5,1000,14000.0,0.969939879759519,421.1023335773498,16.0,14,1,1,14,1,1,1,1,498
31,73,TA-QTCID,0.5,1000,10000.0,0.9738562091503268,339.9088180940598,12.0,11,1,0,11,1,0,1,0,459
32,74,TA-QTCID,0.5,1000,16000.0,0.9751552795031055,429.43139547109604,12.0,11,1,0,11,1,0,0,0,483
33,75,TA-QTCID,0.5,1000,11000.0,0.9714867617107943,366.8941872753203,15.0,13,1,1,13,1,1,1,1,490
34,76,TA-QTCID,0.5,1000,13000.0,0.970873786407767,381.9102394785732,15.0,14,1,0,14,1,0,0,0,515
35,77,TA-QTCID,0.5,1000,9000.0,0.9611872146118722,290.6862385366112,17.0,16,1,0,16,1,0,0,0,438
36,78,TA-QTCID,0.5,1000,9000.0,0.9640449438202248,293.0009659510106,16.0,14,2,0,14,2,0,0,0,445
37,79,TA-QTCID,0.5,1000,12000.0,0.9774590163934426,384.1062629278749,11.0,10,1,0,10,1,0,1,0,488
38,80,TA-QTCID,0.5,1000,15000.0,0.9688109161793372,472.6396405529231,16.0,14,2,0,14,2,0,2,0,513
39,81,TA-QTCID,0.5,1000,14000.0,0.9689320388349515,476.89319947734475,16.0,13,3,0,13,3,0,3,0,515
40,82,TA-QTCID,0.5,1000,10000.0,0.9810126582278481,317.41441577859223,9.0,8,1,0,8,1,0,0,0,474
41,83,TA-QTCID,0.5,1000,10000.0,0.9771309771309772,319.98633512854576,11.0,10,1,0,10,1,0,0,0,481
42,84,TA-QTCID,0.5,1000,11000.0,0.9715909090909091,375.1243291962892,15.0,13,2,0,13,2,0,1,0,528
43,85,TA-QTCID,0.5,1000,17000.0,0.9796334012219959,434.06085030548275,10.0,10,0,0,10,0,0,0,0,491
44,86,TA-QTCID,0.5,1000,12000.0,0.9787234042553191,352.8673348221928,10.0,8,2,0,8,2,0,0,0,470
45,87,TA-QTCID,0.5,1000,12000.0,0.9713656387665198,348.7522638645023,13.0,13,0,0,13,0,0,0,0,454
46,88,TA-QTCID,0.5,1000,8000.0,0.9584245076586433,328.23626104183495,20.0,17,2,1,17,2,1,2,1,456
47,89,TA-QTCID,0.5,1000,8000.0,0.9462102689486552,266.0155967697501,22.0,20,2,0,20,2,0,0,0,409
48,90,TA-QTCID,0.5,1000,15000.0,0.9745762711864406,464.666690569371,13.0,9,3,1,9,3,1,2,1,471
49,91,TA-QTCID,0.5,1000,12000.0,0.9877300613496932,384.1062629260123,6.0,5,1,0,5,1,0,1,0,489
50,92,TA-QTCID,0.5,1000,12000.0,0.980544747081712,364.1837799567729,10.0,10,0,0,10,0,0,0,0,514
51,93,TA-QTCID,0.5,1000,10000.0,0.973568281938326,337.59409067593515,13.0,12,0,1,12,0,1,1,1,453
52,94,TA-QTCID,0.5,1000,12000.0,0.9877300613496932,357.7539815828204,6.0,6,0,0,6,0,0,0,0,489
53,95,TA-QTCID,0.5,1000,8000.0,0.9722222222222222,271.1594354696572,12.0,12,0,0,12,0,0,0,0,432
54,96,TA-QTCID,0.5,1000,9000.0,0.9730392156862745,309.065569890663,12.0,10,1,1,10,1,1,1,1,407
55,97,TA-QTCID,0.5,1000,10000.0,0.9646017699115044,312.52776901610196,16.0,16,0,0,16,0,0,0,0,452
56,98,TA-QTCID,0.5,1000,11000.0,0.9726027397260274,330.51142047159374,12.0,12,0,0,12,0,0,0,0,438
57,99,TA-QTCID,0.5,1000,14000.0,0.9927404718693285,408.6384167242795,4.0,3,1,0,3,1,0,0,0,551
58,100,TA-QTCID,0.5,1000,12000.0,0.9817813765182186,359.0399412624538,9.0,9,0,0,9,0,0,0,0,494
59,101,TA-QTCID,0.5,1000,16000.0,0.9769392033542977,430.4601632170379,11.0,11,0,0,11,0,0,0,0,477
60,102,TA-QTCID,0.5,1000,10000.0,0.9723404255319149,316.3856480419636,13.0,13,0,0,13,0,0,0,0,470
61,103,TA-QTCID,0.5,1000,12000.0,0.983640081799591,386.6781822759658,9.0,8,0,1,8,0,1,1,1,488
62,104,TA-QTCID,0.5,1000,13000.0,0.9739130434782609,395.6601160056889,13.0,12,0,1,12,0,1,1,1,459
63,105,TA-QTCID,0.5,1000,11000.0,0.9714912280701754,355.8349340688437,14.0,13,0,1,13,0,1,1,1,455
64,106,TA-QTCID,0.5,1000,15000.0,0.9771309771309772,437.8000253569335,11.0,8,3,0,8,3,0,1,0,481
65,107,TA-QTCID,0.5,1000,8000.0,0.9508196721311475,346.6155923958868,23.0,18,3,2,18,3,2,3,2,425
66,108,TA-QTCID,0.5,1000,10000.0,0.971677559912854,364.46075588837266,13.0,11,2,0,11,2,0,2,0,459
67,109,TA-QTCID,0.5,1000,10000.0,0.9538834951456311,327.56360521540046,19.0,16,3,0,16,3,0,1,0,412
68,110,TA-QTCID,0.5,1000,9000.0,0.9559585492227979,278.0838337223977,17.0,17,0,0,17,0,0,0,0,386
69,111,TA-QTCID,0.5,1000,12000.0,0.9605263157894737,376.90488874726,18.0,16,2,0,16,2,0,1,0,456
70,112,TA-QTCID,0.5,1000,11000.0,0.9689578713968958,331.28299627639353,14.0,13,1,0,13,1,0,0,0,451
71,113,TA-QTCID,0.5,1000,12000.0,0.976,361.6118606105447,12.0,10,2,0,10,2,0,0,0,500
72,114,TA-QTCID,0.5,1000,7000.0,0.9501246882793017,245.46002596616745,20.0,18,2,0,18,2,0,0,0,401
73,115,TA-QTCID,0.5,1000,14000.0,0.971830985915493,396.550395777449,14.0,14,0,0,14,0,0,0,0,497
74,116,TA-QTCID,0.5,1000,11000.0,0.975,349.2864317242056,13.0,12,1,0,12,1,0,0,0,520
75,117,TA-QTCID,0.5,1000,10000.0,0.9638297872340426,342.4807374421507,17.0,13,4,0,13,4,0,1,0,470
76,118,TA-QTCID,0.5,1000,9000.0,0.9665809768637532,304.17892312444746,14.0,13,0,1,13,0,1,1,1,388
77,119,TA-QTCID,0.5,1000,8000.0,0.9747474747474747,264.215253226459,10.0,9,1,0,9,1,0,0,0,396
78,120,TA-QTCID,0.5,1000,9000.0,0.9565217391304348,366.1423954628408,19.0,15,4,0,15,4,0,3,0,437
79,121,TA-QTCID,0.5,1000,11000.0,0.9691629955947136,356.34931794181466,14.0,13,1,0,13,1,0,1,0,454
0,42,Q-TCID,0.5,1500,13500.0,0.9245283018867925,400.8633066844195,27.0,14,10,3,14,10,3,7,0,0
1,43,Q-TCID,0.5,1500,10500.0,0.9588235294117647,312.82452893815935,17.0,10,4,3,10,4,3,4,0,0
2,44,Q-TCID,0.5,1500,7500.0,0.8981818181818182,354.3511344399303,30.0,16,12,2,16,12,2,7,0,0
3,45,Q-TCID,0.5,1500,9000.0,0.9274924471299094,394.07739639654756,29.0,12,12,5,12,12,5,8,0,0
4,46,Q-TCID,0.5,1500,15000.0,0.9424242424242424,345.7055286280811,21.0,15,4,2,15,4,2,4,0,0
5,47,Q-TCID,0.5,1500,13500.0,0.946927374301676,370.63336232863367,21.0,12,7,2,12,7,2,4,0,0
6,48,Q-TCID,0.5,1500,13500.0,0.9333333333333333,302.65555550530553,23.0,16,6,1,16,6,1,3,0,0
7,49,Q-TCID,0.5,1500,15000.0,0.9540540540540541,348.3961519468576,19.0,14,3,2,14,3,2,3,0,0
8,50,Q-TCID,0.5,1500,10500.0,0.9602272727272727,358.9608052764088,18.0,10,4,4,10,4,4,5,0,0
9,51,Q-TCID,0.5,1500,9000.0,0.9179331306990881,368.2394989281893,30.0,19,8,3,19,8,3,7,0,0
10,52,Q-TCID,0.5,1500,15000.0,0.9150943396226415,426.1868202816695,29.0,15,12,2,15,12,2,8,0,0
11,53,Q-TCID,0.5,1500,16500.0,0.9283667621776505,401.2392025887966,28.0,16,9,3,16,9,3,6,0,0
12,54,Q-TCID,0.5,1500,16500.0,0.9373134328358209,481.2061103768647,27.0,11,10,6,11,10,6,10,0,0
13,55,Q-TCID,0.5,1500,10500.0,0.9368131868131868,438.01764929294586,26.0,12,11,3,12,11,3,8,0,0
14,56,Q-TCID,0.5,1500,12000.0,0.9365558912386707,386.4803423192352,25.0,13,8,4,13,8,4,7,0,0
15,57,Q-TCID,0.5,1500,12000.0,0.945619335347432,328.23626104183495,20.0,12,6,2,12,6,2,4,0,0
16,58,Q-TCID,0.5,1500,13500.0,0.9354838709677419,407.1546170953661,25.0,12,12,1,12,12,1,6,0,0
17,59,Q-TCID,0.5,1500,12000.0,0.9198717948717948,406.9172091539949,29.0,14,11,4,14,11,4,8,0,0
18,60,Q-TCID,0.5,1500,10500.0,0.9314641744548287,376.3113688863814,25.0,16,6,3,16,6,3,6,0,0
19,61,Q-TCID,0.5,1500,15000.0,0.9492537313432836,379.9120559785515,20.0,12,5,3,12,5,3,6,0,0
20,62,Q-TCID,0.5,1500,9000.0,0.9382352941176471,363.4715561363846,22.0,14,7,1,14,7,1,6,0,0
21,63,Q-TCID,0.5,1500,12000.0,0.953168044077135,285.8193757664412,18.0,13,4,1,13,4,1,2,0,0
22,64,Q-TCID,0.5,1500,12000.0,0.9217391304347826,425.5339484512806,30.0,18,9,3,18,9,3,7,0,0
23,65,Q-TCID,0.5,1500,10500.0,0.9408450704225352,342.00592156127095,23.0,16,5,2,16,5,2,5,0,0
24,66,Q-TCID,0.5,1500,10500.0,0.93125,426.70120415091515,25.0,15,7,3,15,7,3,8,0,0
25,67,Q-TCID,0.5,1500,7500.0,0.9047619047619048,313.9917846415192,30.0,21,9,0,21,9,0,5,0,0
26,68,Q-TCID,0.5,1500,10500.0,0.9467455621301775,294.5836855471134,21.0,14,4,3,14,4,3,4,0,0
27,69,Q-TCID,0.5,1500,12000.0,0.9584487534626038,310.6285054907203,17.0,11,4,2,11,4,2,3,0,0
28,70,Q-TCID,0.5,1500,13500.0,0.9486486486486486,355.99320602603257,20.0,14,5,1,14,5,1,4,0,0
29,71,Q-TCID,0.5,1500,13500.0,0.937888198757764,343.6479931473732,22.0,14,6,2,14,6,2,4,0,0
30,72,Q-TCID,0.5,1500,12000.0,0.9478527607361963,402.9208421651274,20.0,9,8,3,9,8,3,7,0,0
31,73,Q-TCID,0.5,1500,10500.0,0.9365558912386707,335.83331512100995,24.0,15,6,3,15,6,3,5,0,0
32,74,Q-TCID,0.5,1500,9000.0,0.9141914191419142,379.2789681404829,29.0,19,7,3,19,7,3,7,0,0
33,75,Q-TCID,0.5,1500,13500.0,0.9596774193548387,356.5075898990035,18.0,13,2,3,13,2,3,4,0,0
34,76,Q-TCID,0.5,1500,15000.0,0.9461756373937678,326.2974295336753,20.0,11,8,1,11,8,1,3,0,0
35,77,Q-TCID,0.5,1500,12000.0,0.889967637540453,330.17509255185723,35.0,25,9,1,25,9,1,5,0,0
36,78,Q-TCID,0.5,1500,12000.0,0.953168044077135,354.19286248087883,18.0,10,7,1,10,7,1,4,0,0
37,79,Q-TCID,0.5,1500,13500.0,0.9316770186335404,325.92153362743556,22.0,15,7,0,15,7,0,4,0,0
38,80,Q-TCID,0.5,1500,13500.0,0.9465408805031447,393.2662526089698,20.0,11,6,3,11,6,3,6,0,0
39,81,Q-TCID,0.5,1500,12000.0,0.9450867052023122,256.1235992666334,20.0,14,5,1,14,5,1,1,0,0
40,82,Q-TCID,0.5,1500,10500.0,0.9447852760736196,258.5768146459013,19.0,14,4,1,14,4,1,2,0,0
41,83,Q-TCID,0.5,1500,10500.0,0.9455040871934605,413.465711498633,23.0,9,11,3,9,11,3,7,0,0
42,84,Q-TCID,0.5,1500,13500.0,0.9036827195467422,435.1885380093008,35.0,21,13,1,21,13,1,8,0,0
43,85,Q-TCID,0.5,1500,12000.0,0.9530791788856305,313.0817208737135,18.0,9,7,2,9,7,2,4,0,0
44,86,Q-TCID,0.5,1500,10500.0,0.9464285714285714,438.4133291915059,21.0,8,10,3,8,10,3,9,0,0
45,87,Q-TCID,0.5,1500,12000.0,0.9166666666666666,296.36424509622157,24.0,16,7,1,16,7,1,4,0,0
46,88,Q-TCID,0.5,1500,13500.0,0.9641873278236914,361.7899165600538,17.0,10,3,4,10,3,4,5,0,0
47,89,Q-TCID,0.5,1500,7500.0,0.9010238907849829,536.2451844643801,36.0,16,13,7,16,13,7,14,0,0
48,90,Q-TCID,0.5,1500,12000.0,0.9382022471910112,479.01008693128824,27.0,14,8,5,14,8,5,9,0,0
49,91,Q-TCID,0.5,1500,16500.0,0.9466666666666667,288.90567898377776,22.0,17,3,2,17,3,2,2,0,0
50,92,Q-TCID,0.5,1500,13500.0,0.946927374301676,342.77749736607075,22.0,16,3,3,16,3,3,5,0,0
51,93,Q-TCID,0.5,1500,13500.0,0.9397590361445783,303.1699393764138,22.0,11,9,2,11,9,2,3,0,0
52,94,Q-TCID,0.5,1500,10500.0,0.9365994236311239,372.8689537588507,25.0,12,10,3,12,10,3,7,0,0
53,95,Q-TCID,0.5,1500,12000.0,0.925,350.73066335730255,25.0,16,8,1,16,8,1,5,0,0
54,96,Q-TCID,0.5,1500,12000.0,0.9686609686609686,308.05658614449203,11.0,7,4,0,7,4,0,3,0,0
55,97,Q-TCID,0.5,1500,13500.0,0.9382352941176471,355.87450205534697,22.0,13,8,1,13,8,1,5,0,0
56,98,Q-TCID,0.5,1500,9000.0,0.9060402684563759,436.23708974197507,31.0,16,12,3,16,12,3,10,0,0
57,99,Q-TCID,0.5,1500,7500.0,0.9331103678929766,335.20022727921605,22.0,14,6,2,14,6,2,6,0,0
58,100,Q-TCID,0.5,1500,13500.0,0.9478021978021978,311.40008129552007,21.0,14,5,2,14,5,2,3,0,0
59,101,Q-TCID,0.5,1500,13500.0,0.9305135951661632,404.2068018410355,25.0,16,7,2,16,7,2,7,0,0
60,102,Q-TCID,0.5,1500,10500.0,0.9476439790575916,392.00007692724466,22.0,12,8,2,12,8,2,6,0,0
61,103,Q-TCID,0.5,1500,7500.0,0.9318885448916409,265.40229292213917,23.0,16,6,1,16,6,1,3,0,0
62,104,Q-TCID,0.5,1500,15000.0,0.9078947368421053,506.15372806973755,34.0,19,9,6,19,9,6,12,0,0
63,105,Q-TCID,0.5,1500,9000.0,0.9351032448377581,312.5673369988799,23.0,13,9,1,13,9,1,4,0,0
64,106,Q-TCID,0.5,1500,9000.0,0.9267515923566879,306.13753862679005,26.0,16,7,3,16,7,3,4,0,0
65,107,Q-TCID,0.5,1500,13500.0,0.9553805774278216,333.49880371056497,18.0,13,4,1,13,4,1,3,0,0
66,108,Q-TCID,0.5,1500,10500.0,0.9333333333333333,331.7182441614568,24.0,17,4,3,17,4,3,5,0,0
67,109,Q-TCID,0.5,1500,12000.0,0.9176470588235294,500.21852957084775,33.0,17,11,5,17,11,5,10,0,0
68,110,Q-TCID,0.5,1500,9000.0,0.9154929577464789,381.98937545344234,28.0,15,9,4,15,9,4,8,0,0
69,111,Q-TCID,0.5,1500,10500.0,0.9397590361445783,353.8169665765017,22.0,15,5,2,15,5,2,5,0,0
70,112,Q-TCID,0.5,1500,10500.0,0.9530026109660574,316.28672806173563,21.0,11,7,3,11,7,3,3,0,0
71,113,Q-TCID,0.5,1500,16500.0,0.9442896935933147,378.48760834150016,21.0,12,8,1,12,8,1,5,0,0
72,114,Q-TCID,0.5,1500,12000.0,0.9238754325259516,375.6782810483128,26.0,17,5,4,17,5,4,7,0,0
73,115,Q-TCID,0.5,1500,12000.0,0.9482288828337875,337.49517070129514,20.0,13,6,1,13,6,1,4,0,0
74,116,Q-TCID,0.5,1500,10500.0,0.9478527607361963,233.25330105051398,18.0,14,3,1,14,3,1,1,0,0
75,117,Q-TCID,0.5,1500,7500.0,0.9484848484848485,241.87912286631763,19.0,13,4,2,13,4,2,2,0,0
76,118,Q-TCID,0.5,1500,12000.0,0.9255663430420712,322.57803847268224,26.0,14,9,3,14,9,3,4,0,0
77,119,Q-TCID,0.5,1500,12000.0,0.926984126984127,298.7976764831692,24.0,16,7,1,16,7,1,3,0,0
78,120,Q-TCID,0.5,1500,10500.0,0.9225589225589226,301.7652757335454,26.0,21,2,3,21,2,3,4,0,0
79,121,Q-TCID,0.5,1500,16500.0,0.9255952380952381,286.47224759683013,27.0,19,6,2,19,6,2,3,0,0
0,42,TA-QTCID,0.5,1500,7500.0,0.9423728813559322,208.83985121920705,17.0,14,3,0,14,3,0,1,0,295
1,43,TA-QTCID,0.5,1500,16500.0,0.9659090909090909,311.1033213734627,13.0,11,1,1,11,1,1,1,1,351
2,44,TA-QTCID,0.5,1500,7500.0,0.9274809160305344,225.6760309636593,20.0,15,4,1,15,4,1,2,1,261
3,45,TA-QTCID,0.5,1500,9000.0,0.961038961038961,255.4905114285648,14.0,11,1,2,11,1,2,2,2,306
4,46,TA-QTCID,0.5,1500,10500.0,0.9706840390879479,222.31275181658566,9.0,9,0,0,9,0,0,0,0,307
5,47,TA-QTCID,0.5,1500,10500.0,0.9175257731958762,295.1969893928617,26.0,21,3,2,21,3,2,3,2,289
6,48,TA-QTCID,0.5,1500,9000.0,0.9272727272727272,348.2972319703549,23.0,17,3,3,17,3,3,6,3,272
7,49,TA-QTCID,0.5,1500,9000.0,0.9317507418397626,237.3683720100671,23.0,21,2,0,21,2,0,1,0,337
8,50,TA-QTCID,0.5,1500,10500.0,0.9427710843373494,279.3895773906261,19.0,15,4,0,15,4,0,2,0,332
9,51,TA-QTCID,0.5,1500,9000.0,0.9660056657223796,266.0353807620704,13.0,11,1,1,11,1,1,2,1,352
10,52,TA-QTCID,0.5,1500,12000.0,0.9534883720930233,239.78201940096915,14.0,14,0,0,14,0,0,0,0,301
11,53,TA-QTCID,0.5,1500,10500.0,0.9444444444444444,223.0843276195228,17.0,17,0,0,17,0,0,0,0,306
12,54,TA-QTCID,0.5,1500,9000.0,0.9426751592356688,256.51927916519344,20.0,18,0,2,18,0,2,2,2,312
13,55,TA-QTCID,0.5,1500,10500.0,0.9556213017751479,229.25693405792117,15.0,15,0,0,15,0,0,0,0,338
14,56,TA-QTCID,0.5,1500,10500.0,0.9408284023668639,305.4846667908132,21.0,16,4,1,16,4,1,3,1,337
15,57,TA-QTCID,0.5,1500,9000.0,0.9613095238095238,261.6631178688258,14.0,10,3,1,10,3,1,2,1,335
16,58,TA-QTCID,0.5,1500,9000.0,0.9589442815249267,289.0441669486463,16.0,12,2,2,12,2,2,3,2,339
17,59,TA-QTCID,0.5,1500,10500.0,0.9525316455696202,249.69380089454353,16.0,13,2,1,13,2,1,1,1,315
18,60,TA-QTCID,0.5,1500,7500.0,0.9228070175438596,180.43003440089524,22.0,21,1,0,21,1,0,0,0,285
19,61,TA-QTCID,0.5,1500,9000.0,0.9155405405405406,252.14701627381146,25.0,22,3,0,22,3,0,2,0,296
20,62,TA-QTCID,0.5,1500,13500.0,0.9683908045977011,293.3768618553877,12.0,11,0,1,11,0,1,1,1,347
21,63,TA-QTCID,0.5,1500,15000.0,0.9716494845360825,296.3246771134436,11.0,10,1,0,10,1,0,0,0,388
22,64,TA-QTCID,0.5,1500,7500.0,0.9501557632398754,240.59316319599748,17.0,13,3,1,13,3,1,2,1,320
23,65,TA-QTCID,0.5,1500,13500.0,0.969187675070028,295.94878120161593,12.0,10,1,1,10,1,1,1,1,356
24,66,TA-QTCID,0.5,1500,6000.0,0.8951310861423221,208.9783391840756,29.0,25,3,1,25,3,1,2,1,266
25,67,TA-QTCID,0.5,1500,9000.0,0.9491017964071856,236.08241233602166,18.0,16,1,1,16,1,1,1,1,333
26,68,TA-QTCID,0.5,1500,9000.0,0.9603658536585366,235.31083653122187,13.0,11,2,0,11,2,0,1,0,328
27,69,TA-QTCID,0.5,1500,9000.0,0.963076923076923,208.1869793832302,12.0,12,0,0,12,0,0,0,0,325
28,70,TA-QTCID,0.5,1500,10500.0,0.95625,225.656246971339,14.0,14,0,0,14,0,0,0,0,320
29,71,TA-QTCID,0.5,1500,10500.0,0.9554140127388535,275.7888903003186,14.0,12,2,0,12,2,0,2,0,314
30,72,TA-QTCID,0.5,1500,10500.0,0.9654088050314465,225.1418631002307,11.0,11,0,0,11,0,0,0,0,318
31,73,TA-QTCID,0.5,1500,7500.0,0.9070631970260223,227.73356644250453,27.0,24,1,2,24,1,2,2,2,267
32,74,TA-QTCID,0.5,1500,9000.0,0.9364548494983278,253.1757840141654,20.0,17,2,1,17,2,1,2,1,298
33,75,TA-QTCID,0.5,1500,9000.0,0.9732142857142857,237.1111800726503,9.0,8,1,0,8,1,0,1,0,336
34,76,TA-QTCID,0.5,1500,9000.0,0.9622641509433962,257.8052388411015,13.0,11,1,1,11,1,1,2,1,317
35,77,TA-QTCID,0.5,1500,7500.0,0.9103448275862069,232.62021321058273,26.0,23,3,0,23,3,0,2,0,290
36,78,TA-QTCID,0.5,1500,7500.0,0.9175627240143369,204.98197219707072,23.0,21,2,0,21,2,0,1,0,279
37,79,TA-QTCID,0.5,1500,9000.0,0.956953642384106,228.6238462217152,14.0,10,3,1,10,3,1,1,1,301
38,80,TA-QTCID,0.5,1500,9000.0,0.9222614840989399,274.12703471817076,23.0,16,6,1,16,6,1,3,1,282
39,81,TA-QTCID,0.5,1500,6000.0,0.9139784946236559,313.1015048660338,27.0,19,5,3,19,5,3,6,3,276
40,82,TA-QTCID,0.5,1500,7500.0,0.927536231884058,229.27671805210412,21.0,18,2,1,18,2,1,2,1,275
41,83,TA-QTCID,0.5,1500,7500.0,0.9315960912052117,261.80160583369434,22.0,16,5,1,16,5,1,3,1,306
42,84,TA-QTCID,0.5,1500,9000.0,0.940809968847352,233.51049298606813,20.0,17,2,1,17,2,1,1,1,320
43,85,TA-QTCID,0.5,1500,10500.0,0.9724770642201835,278.103617714718,11.0,8,1,2,8,1,2,2,2,325
44,86,TA-QTCID,0.5,1500,9000.0,0.9504643962848297,283.64313631132245,17.0,11,5,1,11,5,1,3,1,322
45,87,TA-QTCID,0.5,1500,9000.0,0.9486301369863014,225.79473493620753,16.0,15,0,1,15,0,1,1,1,291
46,88,TA-QTCID,0.5,1500,13500.0,0.9624277456647399,343.76669711619616,16.0,12,1,3,12,1,3,3,3,343
47,89,TA-QTCID,0.5,1500,9000.0,0.9529780564263323,231.96734137274325,16.0,15,0,1,15,0,1,1,1,318
48,90,TA-QTCID,0.5,1500,12000.0,0.9643916913946587,247.7549693863839,12.0,12,0,0,12,0,0,0,0,337
49,91,TA-QTCID,0.5,1500,9000.0,0.945619335347432,260.3771581929177,19.0,15,3,1,15,3,1,2,1,330
50,92,TA-QTCID,0.5,1500,13500.0,0.967741935483871,350.4536874294281,14.0,11,1,2,11,1,2,3,2,370
51,93,TA-QTCID,0.5,1500,9000.0,0.9339622641509434,258.06243078038096,22.0,18,3,1,18,3,1,2,1,317
52,94,TA-QTCID,0.5,1500,9000.0,0.9697802197802198,243.79817038588226,12.0,11,0,1,11,0,1,1,1,363
53,95,TA-QTCID,0.5,1500,9000.0,0.9236111111111112,224.76596719399095,22.0,19,3,0,19,3,0,1,0,288
54,96,TA-QTCID,0.5,1500,6000.0,0.9210526315789473,208.9783391840756,23.0,20,1,2,20,1,2,2,2,264
55,97,TA-QTCID,0.5,1500,7500.0,0.9435215946843853,209.61142702400684,17.0,15,2,0,15,2,0,1,0,301
56,98,TA-QTCID,0.5,1500,7500.0,0.9368770764119602,234.93494062311947,20.0,18,1,1,18,1,1,2,1,300
57,99,TA-QTCID,0.5,1500,6000.0,0.933993399339934,267.8555083014071,21.0,13,7,1,13,7,1,4,1,302
58,100,TA-QTCID,0.5,1500,15000.0,0.9539877300613497,334.62649143114686,17.0,14,1,2,14,1,2,2,2,324
59,101,TA-QTCID,0.5,1500,10500.0,0.9448051948051948,222.5699437521398,17.0,16,1,0,16,1,0,0,0,308
60,102,TA-QTCID,0.5,1500,10500.0,0.9657142857142857,258.4383266810328,12.0,10,2,0,10,2,0,1,0,350
61,103,TA-QTCID,0.5,1500,12000.0,0.9519519519519519,246.72620164602995,16.0,16,0,0,16,0,0,0,0,333
62,104,TA-QTCID,0.5,1500,9000.0,0.9337748344370861,279.0136814825237,21.0,16,4,1,16,4,1,3,1,301
63,105,TA-QTCID,0.5,1500,15000.0,0.9666666666666667,366.379803404212,15.0,9,3,3,9,3,3,3,3,357
64,106,TA-QTCID,0.5,1500,9000.0,0.9403508771929825,250.60386466607451,18.0,13,4,1,13,4,1,2,1,284
65,107,TA-QTCID,0.5,1500,7500.0,0.9463722397476341,188.40298438444734,17.0,15,2,0,15,2,0,0,0,317
66,108,TA-QTCID,0.5,1500,10500.0,0.9602446483180428,252.780104117468,14.0,13,0,1,13,0,1,1,1,326
67,109,TA-QTCID,0.5,1500,12000.0,0.9510703363914373,271.5353313740343,16.0,14,2,0,14,2,0,1,0,327
68,110,TA-QTCID,0.5,1500,13500.0,0.9377162629757786,255.45094344206154,18.0,17,1,0,17,1,0,0,0,289
69,111,TA-QTCID,0.5,1500,10500.0,0.9567567567567568,288.64848705008626,16.0,14,2,0,14,2,0,2,0,370
70,112,TA-QTCID,0.5,1500,10500.0,0.9747191011235955,234.65796469338238,9.0,9,0,0,9,0,0,0,0,356
71,113,TA-QTCID,0.5,1500,7500.0,0.9620991253644315,245.2226180229336,14.0,9,4,1,9,4,1,2,1,342
72,114,TA-QTCID,0.5,1500,13500.0,0.9693251533742331,338.6228584162891,13.0,10,0,3,10,0,3,3,3,323
73,115,TA-QTCID,0.5,1500,12000.0,0.9545454545454546,252.64161615259945,16.0,15,1,0,15,1,0,0,0,352
74,116,TA-QTCID,0.5,1500,9000.0,0.9565217391304348,258.8340065833181,16.0,13,1,2,13,1,2,2,2,320
75,117,TA-QTCID,0.5,1500,9000.0,0.9440993788819876,233.51049298234284,19.0,18,0,1,18,0,1,1,1,321
76,118,TA-QTCID,0.5,1500,15000.0,0.9607250755287009,283.97946423105896,13.0,13,0,0,13,0,0,0,0,331
77,119,TA-QTCID,0.5,1500,12000.0,0.9651898734177216,243.38270649313927,11.0,11,0,0,11,0,0,0,0,316
78,120,TA-QTCID,0.5,1500,9000.0,0.9522292993630573,231.7101494409144,15.0,14,1,0,14,1,0,1,0,314
79,121,TA-QTCID,0.5,1500,9000.0,0.9376854599406528,261.92030980437994,22.0,20,1,1,20,1,1,2,1,336
0,42,Q-TCID,0.75,50,15650.0,0.9974636845745908,6120.574533155188,23.0,22,0,1,22,0,1,1,0,0
1,43,Q-TCID,0.75,50,11050.0,0.9984913542996402,5981.829376215115,14.0,13,0,1,13,0,1,1,0,0
2,44,Q-TCID,0.75,50,15950.0,0.9979583503470805,6090.760052736849,15.0,15,0,0,15,0,0,0,0,0
3,45,Q-TCID,0.75,50,10100.0,0.9984600805496328,5574.694543108344,13.0,13,0,0,13,0,0,0,0,0
4,46,Q-TCID,0.75,50,10900.0,0.9979591836734694,5937.809987323359,18.0,18,0,0,18,0,0,0,0,0
5,47,Q-TCID,0.75,50,14350.0,0.998747738973146,4532.730878449976,10.0,9,0,1,9,0,1,1,0,0
6,48,Q-TCID,0.75,50,16050.0,0.9989422963920555,6726.419812001288,9.0,9,0,0,9,0,0,0,0,0
7,49,Q-TCID,0.75,50,11900.0,0.9978087135859758,5441.825232705101,18.0,16,1,1,16,1,1,1,0,0
8,50,Q-TCID,0.75,50,13350.0,0.9980364980364981,6392.485760431737,17.0,17,0,0,17,0,0,0,0,0
9,51,Q-TCID,0.75,50,11400.0,0.998868778280543,5733.322615031153,9.0,9,0,0,9,0,0,0,0,0
10,52,Q-TCID,0.75,50,12850.0,0.9987835895167533,6190.1548435762525,11.0,11,0,0,11,0,0,0,0,0
11,53,Q-TCID,0.75,50,13250.0,0.9975589910496339,5368.3870432619005,20.0,18,0,2,18,0,2,2,0,0
12,54,Q-TCID,0.75,50,12450.0,0.9979946524064172,6403.36695769988,18.0,17,1,0,17,1,0,0,0,0
13,55,Q-TCID,0.75,50,15450.0,0.9983583785831545,5901.071108642966,13.0,13,0,0,13,0,0,0,0,0
14,56,Q-TCID,0.75,50,10000.0,0.9977002164502164,5003.29319951497,17.0,16,1,0,16,1,0,0,0,0
15,57,Q-TCID,0.75,50,11100.0,0.9976522147440914,4904.867824437097,15.0,15,0,0,15,0,0,0,0,0
16,58,Q-TCID,0.75,50,15400.0,0.9985797006445974,7254.177662618458,13.0,11,2,0,11,2,0,1,0,0
17,59,Q-TCID,0.75,50,12300.0,0.9987376925018935,5830.936846327037,10.0,10,0,0,10,0,0,0,0,0
18,60,Q-TCID,0.75,50,12200.0,0.9980585217029538,6002.602570984513,14.0,14,0,0,14,0,0,0,0,0
19,61,Q-TCID,0.75,50,12750.0,0.9966666666666667,4912.207686571404,23.0,23,0,0,23,0,0,0,0,0
20,62,Q-TCID,0.75,50,14150.0,0.9988935605222394,7092.918319430202,10.0,10,0,0,10,0,0,0,0,0
21,63,Q-TCID,0.75,50,16050.0,0.9984191508581752,6727.033115865663,14.0,14,0,0,14,0,0,0,0,0
22,64,Q-TCID,0.75,50,12350.0,0.9971905958893982,5692.389529351145,19.0,19,0,0,19,0,0,0,0,0
23,65,Q-TCID,0.75,50,11900.0,0.9971857410881801,5454.328717537224,22.0,21,0,1,21,0,1,1,0,0
24,66,Q-TCID,0.75,50,13350.0,0.9978189749182116,6128.7848910633475,18.0,18,0,0,18,0,0,0,0,0
25,67,Q-TCID,0.75,50,10400.0,0.9973414861092649,5586.505588138476,20.0,19,1,0,19,1,0,0,0,0
26,68,Q-TCID,0.75,50,12350.0,0.9982067375432304,6049.530207123607,14.0,12,2,0,12,2,0,0,0,0
27,69,Q-TCID,0.75,50,14100.0,0.9989285331618987,7158.660534771159,10.0,9,1,0,9,1,0,1,0,0
28,70,Q-TCID,0.75,50,16050.0,0.9977525284055437,5871.039004245773,18.0,18,0,0,18,0,0,0,0,0
29,71,Q-TCID,0.75,50,13700.0,0.998301822710291,6171.597456252202,15.0,15,0,0,15,0,0,0,0,0
30,72,Q-TCID,0.75,50,9500.0,0.9981684981684982,4892.225851589814,13.0,13,0,0,13,0,0,0,0,0
31,73,Q-TCID,0.75,50,16050.0,0.9977229601518026,5684.752907302231,18.0,17,1,0,17,1,0,0,0,0
32,74,Q-TCID,0.75,50,14750.0,0.9980941704035874,6637.134642574936,17.0,16,1,0,16,1,0,0,0,0
33,75,Q-TCID,0.75,50,11000.0,0.9979583503470805,5328.5222933311015,15.0,14,1,0,14,1,0,0,0,0
34,76,Q-TCID,0.75,50,11000.0,0.9987041596475315,5405.956849781796,10.0,10,0,0,10,0,0,0,0,0
35,77,Q-TCID,0.75,50,9300.0,0.9980457844779452,4924.394627476111,14.0,12,2,0,12,2,0,2,0,0
36,78,Q-TCID,0.75,50,12200.0,0.9982221006564551,5762.682063616812,13.0,13,0,0,13,0,0,0,0,0
37,79,Q-TCID,0.75,50,11450.0,0.9985234899328859,5671.556982668117,13.0,11,0,2,11,0,2,2,0,0
38,80,Q-TCID,0.75,50,8250.0,0.9975355175413163,4628.069950345904,17.0,17,0,0,17,0,0,0,0,0
39,81,Q-TCID,0.75,50,12900.0,0.9986578818936066,5706.416381828487,11.0,11,0,0,11,0,0,0,0,0
40,82,Q-TCID,0.75,50,13400.0,0.9991015274034142,6313.943300310522,8.0,8,0,0,8,0,0,0,0,0
41,83,Q-TCID,0.75,50,9950.0,0.9981006647673314,4873.80695223622,14.0,14,0,0,14,0,0,0,0,0
42,84,Q-TCID,0.75,50,10000.0,0.9983995344100102,5064.801639974117,11.0,11,0,0,11,0,0,0,0,0
43,85,Q-TCID,0.75,50,11900.0,0.9978523489932886,5833.627469684929,16.0,16,0,0,16,0,0,0,0,0
44,86,Q-TCID,0.75,50,12600.0,0.998624312156078,5761.336751934141,11.0,11,0,0,11,0,0,0,0,0
45,87,Q-TCID,0.75,50,9650.0,0.9973091630080725,4953.615588085726,19.0,19,0,0,19,0,0,0,0,0
46,88,Q-TCID,0.75,50,12950.0,0.9966268446943078,5286.580223923549,24.0,24,0,0,24,0,0,0,0,0
47,89,Q-TCID,0.75,50,10650.0,0.9976490112017702,5430.370299583301,18.0,17,0,1,17,0,1,1,0,0
48,90,Q-TCID,0.75,50,13600.0,0.9977258370183196,6165.9392336905,18.0,18,0,0,18,0,0,0,0,0
49,91,Q-TCID,0.75,50,9650.0,0.9988077496274218,5005.152895083651,8.0,8,0,0,8,0,0,0,0,0
50,92,Q-TCID,0.75,50,11600.0,0.9973727876106194,5103.95416607894,19.0,18,1,0,18,1,0,0,0,0
51,93,Q-TCID,0.75,50,10100.0,0.9974867724867725,5152.860201712698,19.0,19,0,0,19,0,0,0,0,0
52,94,Q-TCID,0.75,50,12800.0,0.9979661016949153,5396.500100146979,16.0,15,0,1,15,0,1,1,0,0
53,95,Q-TCID,0.75,50,12750.0,0.9983397897066962,5996.845428420231,12.0,11,1,0,11,1,0,1,0,0
54,96,Q-TCID,0.75,50,12150.0,0.9984725050916496,5601.24466438964,12.0,12,0,0,12,0,0,0,0,0
55,97,Q-TCID,0.75,50,12200.0,0.9975016436554898,4987.169243589044,19.0,19,0,0,19,0,0,0,0,0
56,98,Q-TCID,0.75,50,12200.0,0.9983108108108109,5336.930491227657,12.0,12,0,0,12,0,0,0,0,0
57,99,Q-TCID,0.75,50,13850.0,0.9977345415778252,5563.892481816933,17.0,17,0,0,17,0,0,0,0,0
58,100,Q-TCID,0.75,50,12700.0,0.9983623815650954,6240.366622876376,14.0,13,1,0,13,1,0,0,0,0
59,101,Q-TCID,0.75,50,10300.0,0.9982232750962393,4935.434096669778,13.0,12,0,1,12,0,1,1,0,0
60,102,Q-TCID,0.75,50,12750.0,0.9976943768412962,5958.365558121353,20.0,18,0,2,18,0,2,2,0,0
61,103,Q-TCID,0.75,50,16050.0,0.9974226804123711,6598.120604451746,21.0,21,0,0,21,0,0,0,0,0
62,104,Q-TCID,0.75,50,10350.0,0.9974248927038627,5254.431232048199,18.0,18,0,0,18,0,0,0,0,0
63,105,Q-TCID,0.75,50,11250.0,0.9982858649789029,5584.467836659402,13.0,13,0,0,13,0,0,0,0,0
64,106,Q-TCID,0.75,50,11600.0,0.9974099974099974,5566.780945122242,20.0,20,0,0,20,0,0,0,0,0
65,107,Q-TCID,0.75,50,10350.0,0.998674618952949,5468.07859406434,10.0,10,0,0,10,0,0,0,0,0
66,108,Q-TCID,0.75,50,11050.0,0.9989561586638831,5709.621389020234,9.0,9,0,0,9,0,0,0,0,0
67,109,Q-TCID,0.75,50,12050.0,0.9985613103142984,6373.216149305925,14.0,13,0,1,13,0,1,1,0,0
68,110,Q-TCID,0.75,50,15900.0,0.9985558618878824,6195.654794178903,11.0,11,0,0,11,0,0,0,0,0
69,111,Q-TCID,0.75,50,15100.0,0.9977713686418458,5950.313472237438,17.0,17,0,0,17,0,0,0,0,0
70,112,Q-TCID,0.75,50,12500.0,0.9977805178791616,5861.562470605597,18.0,18,0,0,18,0,0,0,0,0
71,113,Q-TCID,0.75,50,15100.0,0.9984687739254074,6595.72674109228,15.0,14,0,1,14,0,1,1,0,0
72,114,Q-TCID,0.75,50,10100.0,0.9979705046678392,4878.9507909454405,15.0,15,0,0,15,0,0,0,0,0
73,115,Q-TCID,0.75,50,9800.0,0.9987359373024902,5278.587489940226,10.0,10,0,0,10,0,0,0,0,0
74,116,Q-TCID,0.75,50,13250.0,0.9981113069755729,6190.609875461087,15.0,15,0,0,15,0,0,0,0,0
75,117,Q-TCID,0.75,50,10200.0,0.9978488841086314,5511.464895095676,16.0,16,0,0,16,0,0,0,0,0
76,118,Q-TCID,0.75,50,14100.0,0.9977494373593399,5850.483433436602,18.0,17,1,0,17,1,0,0,0,0
77,119,Q-TCID,0.75,50,12250.0,0.9979931531106127,6308.937949549407,17.0,17,0,0,17,0,0,0,0,0
78,120,Q-TCID,0.75,50,13050.0,0.9983317445185891,6058.175812922418,14.0,14,0,0,14,0,0,0,0,0
79,121,Q-TCID,0.75,50,13100.0,0.9976287709129232,6118.061965767294,18.0,18,0,0,18,0,0,0,0,0
0,42,TA-QTCID,0.75,50,8750.0,0.9977408423430693,4723.962974134833,14.0,14,0,0,14,0,0,0,0,6197
1,43,TA-QTCID,0.75,50,12100.0,0.9986690328305236,6639.231746053323,12.0,12,0,0,12,0,0,0,0,9016
2,44,TA-QTCID,0.75,50,9600.0,0.9974694849657636,5177.313219556585,17.0,17,0,0,17,0,0,0,0,6718
3,45,TA-QTCID,0.75,50,12500.0,0.9978004916548066,6495.045990537852,17.0,17,0,0,17,0,0,0,0,7729
4,46,TA-QTCID,0.75,50,10950.0,0.9974355513564583,5849.078769760206,19.0,19,0,0,19,0,0,0,0,7409
5,47,TA-QTCID,0.75,50,12350.0,0.9973554099114638,6677.454424435273,23.0,23,0,0,23,0,0,0,0,8697
6,48,TA-QTCID,0.75,50,11750.0,0.997761095746082,6191.5990752037615,17.0,16,1,0,16,1,0,0,0,7593
7,49,TA-QTCID,0.75,50,10950.0,0.9973186925434117,5951.441159898415,21.0,21,0,0,21,0,0,0,0,7832
8,50,TA-QTCID,0.75,50,9550.0,0.9977528089887641,5468.474273951724,18.0,18,0,0,18,0,0,0,0,8010
9,51,TA-QTCID,0.75,50,8750.0,0.9978308026030369,5024.620346130803,16.0,16,0,0,16,0,0,0,0,7376
10,52,TA-QTCID,0.75,50,11450.0,0.9973343995735039,6051.805366568267,20.0,20,0,0,20,0,0,0,0,7503
11,53,TA-QTCID,0.75,50,10700.0,0.9981398809523809,5904.473955789581,15.0,15,0,0,15,0,0,0,0,8064
12,54,TA-QTCID,0.75,50,9250.0,0.9972140762463343,5100.036935098469,19.0,19,0,0,19,0,0,0,0,6820
13,55,TA-QTCID,0.75,50,11050.0,0.9979616795760293,5851.096737273037,15.0,15,0,0,15,0,0,0,0,7359
14,56,TA-QTCID,0.75,50,11600.0,0.9983069977426636,6430.846926730126,15.0,14,1,0,14,1,0,0,0,8860
15,57,TA-QTCID,0.75,50,9200.0,0.9983571338304057,5318.412671869621,13.0,13,0,0,13,0,0,0,0,7913
16,58,TA-QTCID,0.75,50,11350.0,0.9982194219969868,5973.401394337416,13.0,13,0,0,13,0,0,0,0,7301
17,59,TA-QTCID,0.75,50,12100.0,0.9977790116601888,6225.924306549132,16.0,16,0,0,16,0,0,0,0,7204
18,60,TA-QTCID,0.75,50,14050.0,0.9987864077669902,7151.815272545442,10.0,10,0,0,10,0,0,0,0,8240
19,61,TA-QTCID,0.75,50,12000.0,0.9980668637707528,6564.6856529619545,17.0,17,0,0,17,0,0,0,0,8794
20,62,TA-QTCID,0.75,50,12650.0,0.9972141319488413,6588.861694840714,22.0,22,0,0,22,0,0,0,0,7897
21,63,TA-QTCID,0.75,50,12450.0,0.9988880240186812,6749.942982085049,10.0,10,0,0,10,0,0,0,0,8993
22,64,TA-QTCID,0.75,50,10350.0,0.9982501009557141,5641.505094250664,13.0,13,0,0,13,0,0,0,0,7429
23,65,TA-QTCID,0.75,50,11900.0,0.9971069000433965,6053.170462189242,20.0,20,0,0,20,0,0,0,0,6913
24,66,TA-QTCID,0.75,50,11800.0,0.9972677595628415,6005.115138348192,19.0,19,0,0,19,0,0,0,0,6954
25,67,TA-QTCID,0.75,50,13050.0,0.9983691774538783,7174.072266846895,16.0,16,0,0,16,0,0,0,0,9811
26,68,TA-QTCID,0.75,50,10750.0,0.9980537173997664,5839.384612221271,15.0,15,0,0,15,0,0,0,0,7707
27,69,TA-QTCID,0.75,50,14000.0,0.9983168761220825,7310.522480411455,15.0,15,0,0,15,0,0,0,0,8912
28,70,TA-QTCID,0.75,50,14400.0,0.99815263826348,7405.7824163567275,16.0,15,1,0,15,1,0,0,0,8661
29,71,TA-QTCID,0.75,50,15300.0,0.9985590778097982,7507.0171188320965,11.0,11,0,0,11,0,0,0,0,7634
30,72,TA-QTCID,0.75,50,13300.0,0.9986703735041702,6926.297513563186,11.0,11,0,0,11,0,0,0,0,8273
31,73,TA-QTCID,0.75,50,8850.0,0.9977265838132767,4877.981375185773,15.0,15,0,0,15,0,0,0,0,6598
32,74,TA-QTCID,0.75,50,8000.0,0.9977866924885876,4719.887471148744,16.0,16,0,0,16,0,0,0,0,7229
33,75,TA-QTCID,0.75,50,9650.0,0.9987534626038781,5340.47182630375,10.0,9,0,1,9,0,1,1,1,7219
34,76,TA-QTCID,0.75,50,14250.0,0.9976336452619124,7504.603471407667,22.0,21,1,0,21,1,0,0,0,9297
35,77,TA-QTCID,0.75,50,8950.0,0.9976359338061466,5155.709097001702,18.0,18,0,0,18,0,0,0,0,7614
36,78,TA-QTCID,0.75,50,10200.0,0.9986024647439969,5685.28707518056,11.0,11,0,0,11,0,0,0,0,7871
37,79,TA-QTCID,0.75,50,12050.0,0.9986291126620139,6366.370887015015,11.0,11,0,0,11,0,0,0,0,8024
38,80,TA-QTCID,0.75,50,11350.0,0.9985688264376789,6056.593093313277,12.0,11,0,1,11,0,1,1,1,7685
39,81,TA-QTCID,0.75,50,12100.0,0.9985619469026549,6650.548191225156,13.0,13,0,0,13,0,0,0,0,9040
40,82,TA-QTCID,0.75,50,11500.0,0.9981117230527145,5814.140234641731,12.0,12,0,0,12,0,0,0,0,6355
41,83,TA-QTCID,0.75,50,12300.0,0.9984126984126984,6560.313390029594,14.0,13,0,1,13,0,1,1,1,8189
42,84,TA-QTCID,0.75,50,13850.0,0.9983024129986662,7119.7454166729,14.0,14,0,0,14,0,0,0,0,8247
43,85,TA-QTCID,0.75,50,14150.0,0.9984748944157672,7254.909670501947,13.0,13,0,0,13,0,0,0,0,8524
44,86,TA-QTCID,0.75,50,13000.0,0.9976159256168793,6867.776456356049,20.0,20,0,0,20,0,0,0,0,8389
45,87,TA-QTCID,0.75,50,10650.0,0.9987417067032716,6053.407870128751,11.0,11,0,0,11,0,0,0,0,8742
46,88,TA-QTCID,0.75,50,12050.0,0.9985982945917533,6522.486391602084,12.0,12,0,0,12,0,0,0,0,8561
47,89,TA-QTCID,0.75,50,10800.0,0.9986602357984995,5821.618584733456,10.0,10,0,0,10,0,0,0,0,7464
48,90,TA-QTCID,0.75,50,11450.0,0.9976467127518753,5891.317599138245,16.0,16,0,0,16,0,0,0,0,6799
49,91,TA-QTCID,0.75,50,9850.0,0.9972390944229708,5387.08291850239,20.0,20,0,0,20,0,0,0,0,7244
50,92,TA-QTCID,0.75,50,11500.0,0.9981822588463403,6288.77805865556,16.0,15,0,1,15,0,1,1,1,8251
51,93,TA-QTCID,0.75,50,11700.0,0.9978958442924777,6186.989404400811,16.0,15,1,0,15,1,0,0,0,7604
52,94,TA-QTCID,0.75,50,11350.0,0.9972513743128436,6116.914494091645,22.0,22,0,0,22,0,0,0,0,8004
53,95,TA-QTCID,0.75,50,13700.0,0.9991393325045425,7622.5952175389975,10.0,8,1,1,8,1,1,2,1,10456
54,96,TA-QTCID,0.75,50,9600.0,0.9972654001151411,5243.411546867341,19.0,19,0,0,19,0,0,0,0,6948
55,97,TA-QTCID,0.75,50,9200.0,0.9980954972112638,5199.589997949079,14.0,14,0,0,14,0,0,0,0,7351
56,98,TA-QTCID,0.75,50,10300.0,0.9985159534998763,5795.325655380264,12.0,12,0,0,12,0,0,0,0,8086
57,99,TA-QTCID,0.75,50,11850.0,0.9975496869044378,6168.669425038621,18.0,18,0,0,18,0,0,0,0,7346
58,100,TA-QTCID,0.75,50,16050.0,0.9978936934704498,7859.8646696172655,17.0,17,0,0,17,0,0,0,0,8071
59,101,TA-QTCID,0.75,50,9950.0,0.9983355130186661,5714.9630676638335,14.0,14,0,0,14,0,0,0,0,8411
60,102,TA-QTCID,0.75,50,13250.0,0.9980744544287549,7127.184198781848,18.0,18,0,0,18,0,0,0,0,9348
61,103,TA-QTCID,0.75,50,10500.0,0.9984425542110938,5915.355153029785,13.0,13,0,0,13,0,0,0,0,8347
62,104,TA-QTCID,0.75,50,8750.0,0.9970293933708568,4790.57568529062,19.0,19,0,0,19,0,0,0,0,6396
63,105,TA-QTCID,0.75,50,8950.0,0.9976487876561352,4993.678177976981,16.0,16,0,0,16,0,0,0,0,6805
64,106,TA-QTCID,0.75,50,11250.0,0.9978024520009253,6268.044431887567,20.0,19,0,1,19,0,1,1,1,8645
65,107,TA-QTCID,0.75,50,10550.0,0.9982937233394272,5914.168113324791,14.0,13,1,0,13,1,0,1,0,8205
66,108,TA-QTCID,0.75,50,10950.0,0.9985496736765772,6063.834035491571,12.0,12,0,0,12,0,0,0,0,8274
67,109,TA-QTCID,0.75,50,16050.0,0.9979569599564151,7737.5600125826895,16.0,15,0,1,15,0,1,1,1,7341
68,110,TA-QTCID,0.75,50,10500.0,0.9983411667127454,5653.533763216808,12.0,12,0,0,12,0,0,0,0,7234
69,111,TA-QTCID,0.75,50,11800.0,0.998008434864105,6457.00136815384,17.0,17,0,0,17,0,0,0,0,8536
70,112,TA-QTCID,0.75,50,9950.0,0.9974940832521231,5406.847129544243,18.0,18,0,0,18,0,0,0,0,7183
71,113,TA-QTCID,0.75,50,9350.0,0.9977952321896101,5224.7354555707425,16.0,16,0,0,16,0,0,0,0,7257
72,114,TA-QTCID,0.75,50,12850.0,0.9983964475144936,6725.351476348937,13.0,13,0,0,13,0,0,0,0,8107
73,115,TA-QTCID,0.75,50,10950.0,0.9975022039377021,5702.993750700727,17.0,17,0,0,17,0,0,0,0,6806
74,116,TA-QTCID,0.75,50,12800.0,0.9981824013685449,7026.40452821739,18.0,17,0,1,17,0,1,1,1,9352
75,117,TA-QTCID,0.75,50,10800.0,0.9975452196382429,5859.9401830248535,19.0,19,0,0,19,0,0,0,0,7740
76,118,TA-QTCID,0.75,50,9550.0,0.9984342379958246,5413.178007954732,12.0,12,0,0,12,0,0,0,0,7664
77,119,TA-QTCID,0.75,50,13550.0,0.9984115347018573,6968.892454771325,13.0,13,0,0,13,0,0,0,0,8184
78,120,TA-QTCID,0.75,50,10050.0,0.997511509269628,5679.94539655745,20.0,19,1,0,19,1,0,0,0,8037
79,121,TA-QTCID,0.75,50,14550.0,0.997822931785196,7406.751832174137,18.0,18,0,0,18,0,0,0,0,8268
0,42,Q-TCID,0.75,100,14500.0,0.9974730071215254,3449.319744247943,12.0,10,1,1,10,1,1,1,0,0
1,43,Q-TCID,0.75,100,16100.0,0.9973223480947477,3801.277015309781,13.0,13,0,0,13,0,0,0,0,0
2,44,Q-TCID,0.75,100,12700.0,0.9968790637191157,2875.5047532841563,13.0,10,2,1,10,2,1,1,0,0
3,45,Q-TCID,0.75,100,13800.0,0.9977722772277228,3262.4599114675075,10.0,9,0,1,9,0,1,1,0,0
4,46,Q-TCID,0.75,100,16100.0,0.9981167608286252,3908.169940304011,11.0,10,0,1,10,0,1,1,0,0
5,47,Q-TCID,0.75,100,9900.0,0.9978763567720623,2720.813696373254,9.0,9,0,0,9,0,0,0,0,0
6,48,Q-TCID,0.75,100,13400.0,0.9980916030534351,3428.7246054764837,9.0,9,0,0,9,0,0,0,0,0
7,49,Q-TCID,0.75,100,11100.0,0.9971435990651779,2628.877471605316,11.0,10,1,0,10,1,0,1,0,0
8,50,Q-TCID,0.75,100,12600.0,0.9970760233918129,3129.5114650838077,12.0,11,1,0,11,1,0,0,0,0
9,51,Q-TCID,0.75,100,10800.0,0.9976738776459642,2939.090513208881,10.0,9,1,0,9,1,0,1,0,0
10,52,Q-TCID,0.75,100,10600.0,0.9980017128175849,2248.1542718280107,7.0,7,0,0,7,0,0,0,0,0
11,53,Q-TCID,0.75,100,10500.0,0.9968652037617555,2715.1356898080558,13.0,12,1,0,12,1,0,0,0,0
12,54,Q-TCID,0.75,100,13500.0,0.997773324426631,3229.044743925333,10.0,9,1,0,9,1,0,0,0,0
13,55,Q-TCID,0.75,100,11300.0,0.9971956064501052,3068.161296594888,12.0,12,0,0,12,0,0,0,0,0
14,56,Q-TCID,0.75,100,12600.0,0.9966480446927374,3409.791322249919,16.0,15,0,1,15,0,1,1,0,0
15,57,Q-TCID,0.75,100,10700.0,0.9963246554364472,2364.207186507061,12.0,12,0,0,12,0,0,0,0,0
16,58,Q-TCID,0.75,100,12600.0,0.9962174940898345,3091.011810814962,16.0,15,1,0,15,1,0,0,0,0
17,59,Q-TCID,0.75,100,14700.0,0.9974400744705608,3108.243670454249,11.0,11,0,0,11,0,0,0,0,0
18,60,Q-TCID,0.75,100,12400.0,0.9974193548387097,2822.444078689441,10.0,10,0,0,10,0,0,0,0,0
19,61,Q-TCID,0.75,100,12400.0,0.996345363179534,3004.9910005554557,16.0,15,1,0,15,1,0,0,0,0
20,62,Q-TCID,0.75,100,14400.0,0.9984767707539984,2643.913307795301,6.0,6,0,0,6,0,0,0,0,0
21,63,Q-TCID,0.75,100,11300.0,0.9981662591687042,3088.1233475450426,9.0,9,0,0,9,0,0,0,0,0
22,64,Q-TCID,0.75,100,11000.0,0.9961261759822911,2489.4200908467174,14.0,14,0,0,14,0,0,0,0,0
23,65,Q-TCID,0.75,100,9700.0,0.9973950795947901,2342.167816074565,9.0,9,0,0,9,0,0,0,0,0
24,66,Q-TCID,0.75,100,9500.0,0.9971824371918291,2637.5824294108897,12.0,12,0,0,12,0,0,0,0,0
25,67,Q-TCID,0.75,100,11000.0,0.9969288920387432,3028.474602613598,14.0,13,0,1,13,0,1,1,0,0
26,68,Q-TCID,0.75,100,11800.0,0.9976008724100327,3270.947245337069,11.0,11,0,0,11,0,0,0,0,0
27,69,Q-TCID,0.75,100,14200.0,0.999,3544.817088123411,6.0,5,0,1,5,0,1,1,0,0
28,70,Q-TCID,0.75,100,11600.0,0.9962676619568115,2894.378684513271,16.0,10,4,2,10,4,2,2,0,0
29,71,Q-TCID,0.75,100,16100.0,0.9972397476340694,4183.7609906457365,15.0,14,0,1,14,0,1,1,0,0
30,72,Q-TCID,0.75,100,13300.0,0.9972558884061286,2879.6198242325336,12.0,12,0,0,12,0,0,0,0,0
31,73,Q-TCID,0.75,100,11200.0,0.9963908939478068,2557.2396257072687,13.0,13,0,0,13,0,0,0,0,0
32,74,Q-TCID,0.75,100,16100.0,0.9990110759493671,3551.6227824129164,5.0,5,0,0,5,0,0,0,0,0
33,75,Q-TCID,0.75,100,10100.0,0.9965772960638904,2611.0520921181887,13.0,12,0,1,12,0,1,1,0,0
34,76,Q-TCID,0.75,100,11000.0,0.9972311952007383,3046.8539339583367,12.0,11,1,0,11,1,0,0,0,0
35,77,Q-TCID,0.75,100,12000.0,0.9968538238141336,3126.583433814347,14.0,13,0,1,13,0,1,1,0,0
36,78,Q-TCID,0.75,100,11600.0,0.9958071278825996,2602.149294361472,17.0,15,1,1,15,1,1,1,0,0
37,79,Q-TCID,0.75,100,9300.0,0.996292372881356,2477.90580576472,14.0,14,0,0,14,0,0,0,0,0
38,80,Q-TCID,0.75,100,15000.0,0.9972180070814365,3037.7532962709665,11.0,10,1,0,10,1,0,0,0,0
39,81,Q-TCID,0.75,100,10700.0,0.9977398292315419,2761.3313181251287,9.0,9,0,0,9,0,0,0,0,0
40,82,Q-TCID,0.75,100,9300.0,0.9973985431841832,2619.4800739679486,10.0,10,0,0,10,0,0,0,0,0
41,83,Q-TCID,0.75,100,16100.0,0.9974565493853328,3783.768179729581,12.0,12,0,0,12,0,0,0,0,0
42,84,Q-TCID,0.75,100,15000.0,0.9974531141467933,3202.534190636128,11.0,11,0,0,11,0,0,0,0,0
43,85,Q-TCID,0.75,100,10300.0,0.9971209213051824,2685.0838014055043,12.0,12,0,0,12,0,0,0,0,0
44,86,Q-TCID,0.75,100,15400.0,0.9977548271216884,3670.287184443325,10.0,9,1,0,9,1,0,1,0,0
45,87,Q-TCID,0.75,100,11800.0,0.9968087531342603,2954.1263494025916,14.0,14,0,0,14,0,0,0,0,0
46,88,Q-TCID,0.75,100,12700.0,0.996401028277635,2879.481336282566,14.0,14,0,0,14,0,0,0,0,0
47,89,Q-TCID,0.75,100,11500.0,0.9968869731800766,2988.491148719564,13.0,13,0,0,13,0,0,0,0,0
48,90,Q-TCID,0.75,100,14100.0,0.997072072072072,3180.4750361982733,13.0,13,0,0,13,0,0,0,0,0
49,91,Q-TCID,0.75,100,13000.0,0.9974234182651016,2430.444001760334,10.0,9,0,1,9,0,1,1,0,0
50,92,Q-TCID,0.75,100,10700.0,0.99668282725185,2886.939902383834,13.0,13,0,0,13,0,0,0,0,0
51,93,Q-TCID,0.75,100,16100.0,0.9970155617139203,3776.823997501284,14.0,13,1,0,13,1,0,0,0,0
52,94,Q-TCID,0.75,100,11400.0,0.9972208185952501,2798.208684803918,12.0,11,0,1,11,0,1,1,0,0
53,95,Q-TCID,0.75,100,10800.0,0.9951470168427062,2663.4598948601633,17.0,16,1,0,16,1,0,1,0,0
54,96,Q-TCID,0.75,100,11800.0,0.9979564032697548,3188.9425860438496,9.0,9,0,0,9,0,0,0,0,0
55,97,Q-TCID,0.75,100,10900.0,0.997226424609178,2704.0368686076254,11.0,11,0,0,11,0,0,0,0,0
56,98,Q-TCID,0.75,100,12100.0,0.9964929859719439,3082.9795088507235,14.0,13,1,0,13,1,0,0,0,0
57,99,Q-TCID,0.75,100,10200.0,0.9963276836158192,2452.6614281330258,13.0,12,1,0,12,1,0,0,0,0
58,100,Q-TCID,0.75,100,15400.0,0.9979368681658758,3335.7991809621453,12.0,9,1,2,9,1,2,2,0,0
59,101,Q-TCID,0.75,100,12000.0,0.9961078676675007,3077.6180461924523,15.0,14,0,1,14,0,1,1,0,0
60,102,Q-TCID,0.75,100,10200.0,0.9973495891863239,2778.4840418007225,10.0,10,0,0,10,0,0,0,0,0
61,103,Q-TCID,0.75,100,16000.0,0.9960748095128146,3514.56735977903,18.0,17,0,1,17,0,1,1,0,0
62,104,Q-TCID,0.75,100,12200.0,0.9969650986342944,2966.8474581893533,12.0,12,0,0,12,0,0,0,0,0
63,105,Q-TCID,0.75,100,14300.0,0.9971326164874552,3487.1467426959425,12.0,12,0,0,12,0,0,0,0,0
64,106,Q-TCID,0.75,100,13600.0,0.9974805794667226,3618.0772216077894,12.0,12,0,0,12,0,0,0,0,0
65,107,Q-TCID,0.75,100,13500.0,0.997568093385214,3263.25127129443,11.0,10,0,1,10,0,1,1,0,0
66,108,Q-TCID,0.75,100,11300.0,0.9982469321312296,2852.7927270121872,7.0,7,0,0,7,0,0,0,0,0
67,109,Q-TCID,0.75,100,10400.0,0.9987481221832749,2807.467594463378,6.0,5,0,1,5,0,1,1,0,0
68,110,Q-TCID,0.75,100,9900.0,0.997382960162838,2621.676097430289,9.0,9,0,0,9,0,0,0,0,0
69,111,Q-TCID,0.75,100,9300.0,0.9968042609853529,2578.8635322432965,12.0,12,0,0,12,0,0,0,0,0
70,112,Q-TCID,0.75,100,10200.0,0.9970501474926253,2700.970349382609,13.0,12,1,0,12,1,0,1,0,0
71,113,Q-TCID,0.75,100,16100.0,0.9978444052518126,4191.733940621838,12.0,11,0,1,11,0,1,1,0,0
72,114,Q-TCID,0.75,100,10000.0,0.9977930358018636,2773.359987085685,11.0,8,1,2,8,1,2,3,0,0
73,115,Q-TCID,0.75,100,13200.0,0.9969658659924147,2878.472352538258,12.0,12,0,0,12,0,0,0,0,0
74,116,Q-TCID,0.75,100,12100.0,0.9977494373593399,2925.2417166959494,9.0,9,0,0,9,0,0,0,0,0
75,117,Q-TCID,0.75,100,15900.0,0.996649114408808,3024.4584516268224,14.0,14,0,0,14,0,0,0,0,0
76,118,Q-TCID,0.75,100,12800.0,0.9967336683417085,3026.713827073574,13.0,13,0,0,13,0,0,0,0,0
77,119,Q-TCID,0.75,100,10400.0,0.9974307736226092,2425.418867021799,9.0,8,1,0,8,1,0,0,0,0
78,120,Q-TCID,0.75,100,14600.0,0.9953950557440621,2983.2286060471088,19.0,18,1,0,18,1,0,1,0,0
79,121,Q-TCID,0.75,100,11800.0,0.9950810185185185,2818.5070636980236,19.0,17,0,2,17,0,2,2,0,0
0,42,TA-QTCID,0.75,100,9700.0,0.9972765536023769,2777.277218103409,11.0,11,0,0,11,0,0,0,0,4039
1,43,TA-QTCID,0.75,100,16100.0,0.99737739312877,3886.07121790573,10.0,10,0,0,10,0,0,0,0,3813
2,44,TA-QTCID,0.75,100,11000.0,0.9979679959359918,2985.345493508503,8.0,8,0,0,8,0,0,0,0,3937
3,45,TA-QTCID,0.75,100,13300.0,0.998494623655914,3597.897546702996,8.0,7,0,1,7,0,1,1,1,4649
4,46,TA-QTCID,0.75,100,8900.0,0.9954633830200907,2401.9352649804205,14.0,14,0,0,14,0,0,0,0,3086
5,47,TA-QTCID,0.75,100,11000.0,0.9974715549936789,3002.834545103833,10.0,10,0,0,10,0,0,0,0,3955
6,48,TA-QTCID,0.75,100,13200.0,0.9966367713004485,3319.0025692023337,12.0,12,0,0,12,0,0,0,0,3568
7,49,TA-QTCID,0.75,100,12700.0,0.9981957600360848,3440.2388905677944,8.0,8,0,0,8,0,0,0,0,4434
8,50,TA-QTCID,0.75,100,13100.0,0.9967693836978131,3408.2679546456784,13.0,13,0,0,13,0,0,0,0,4024
9,51,TA-QTCID,0.75,100,11500.0,0.996309963099631,3117.1860361937433,15.0,15,0,0,15,0,0,0,0,4065
10,52,TA-QTCID,0.75,100,10300.0,0.9956076134699854,2745.0095222704113,15.0,15,0,0,15,0,0,0,0,3415
11,53,TA-QTCID,0.75,100,11200.0,0.9979702300405954,3156.3385623134673,9.0,9,0,0,9,0,0,0,0,4434
12,54,TA-QTCID,0.75,100,12900.0,0.9989329918907384,3518.642862729728,5.0,5,0,0,5,0,0,0,0,4686
13,55,TA-QTCID,0.75,100,13100.0,0.996831145314622,3503.1717786509544,14.0,14,0,0,14,0,0,0,0,4418
14,56,TA-QTCID,0.75,100,10100.0,0.9947397563676633,2768.9679402206093,19.0,19,0,0,19,0,0,0,0,3612
15,57,TA-QTCID,0.75,100,16100.0,0.9958677685950413,3977.631546774879,17.0,16,1,0,16,1,0,0,0,4114
16,58,TA-QTCID,0.75,100,11700.0,0.9974418604651163,3229.4008558392525,12.0,11,0,1,11,0,1,1,1,4299
17,59,TA-QTCID,0.75,100,11900.0,0.9975167618574621,3189.8922178447247,10.0,10,0,0,10,0,0,0,0,4027
18,60,TA-QTCID,0.75,100,11600.0,0.9976875642343268,3085.274452259764,9.0,9,0,0,9,0,0,0,0,3892
19,61,TA-QTCID,0.75,100,11300.0,0.9974250936329588,3129.8280089963228,11.0,11,0,0,11,0,0,0,0,4272
20,62,TA-QTCID,0.75,100,14000.0,0.9974817426340972,3585.9282297398895,11.0,10,0,1,10,0,1,1,1,3970
21,63,TA-QTCID,0.75,100,11700.0,0.9977507872244714,3254.486961491406,10.0,10,0,0,10,0,0,0,0,4446
22,64,TA-QTCID,0.75,100,11300.0,0.9973523960815462,3032.095073722303,10.0,10,0,0,10,0,0,0,0,3777
23,65,TA-QTCID,0.75,100,12200.0,0.9963196635120926,3174.1441578157246,14.0,14,0,0,14,0,0,0,0,3804
24,66,TA-QTCID,0.75,100,9100.0,0.998114224137931,2599.6762949973345,7.0,7,0,0,7,0,0,0,0,3712
25,67,TA-QTCID,0.75,100,9800.0,0.9974220159835009,2764.1406454332173,10.0,10,0,0,10,0,0,0,0,3879
26,68,TA-QTCID,0.75,100,10400.0,0.9969024264326277,2871.785362219438,12.0,12,0,0,12,0,0,0,0,3874
27,69,TA-QTCID,0.75,100,12700.0,0.9976995629169543,3401.1457164399326,10.0,10,0,0,10,0,0,0,0,4347
28,70,TA-QTCID,0.75,100,12400.0,0.996789330698938,3281.6108186505735,13.0,13,0,0,13,0,0,0,0,4049
29,71,TA-QTCID,0.75,100,12000.0,0.9958907420836355,3217.90635474585,17.0,17,0,0,17,0,0,0,0,4137
30,72,TA-QTCID,0.75,100,15000.0,0.9979888268156425,3876.4957643244416,9.0,9,0,0,9,0,0,0,0,4475
31,73,TA-QTCID,0.75,100,13000.0,0.9980830670926517,3547.6857674084604,9.0,9,0,0,9,0,0,0,0,4695
32,74,TA-QTCID,0.75,100,12300.0,0.9973753280839895,3378.3347701933235,12.0,12,0,0,12,0,0,0,0,4572
33,75,TA-QTCID,0.75,100,10800.0,0.9969111969111969,2955.8079889900982,12.0,12,0,0,12,0,0,0,0,3885
34,76,TA-QTCID,0.75,100,10900.0,0.9974869109947644,3206.92623751238,12.0,11,1,0,11,1,0,1,0,4775
35,77,TA-QTCID,0.75,100,7700.0,0.9959619267378137,2280.7780795767903,14.0,14,0,0,14,0,0,0,0,3467
36,78,TA-QTCID,0.75,100,13300.0,0.9981183357725277,3642.391751455143,9.0,8,1,0,8,1,0,1,0,4783
37,79,TA-QTCID,0.75,100,13900.0,0.9974932107791936,3728.313641745597,12.0,12,0,0,12,0,0,0,0,4787
38,80,TA-QTCID,0.75,100,11600.0,0.9984996249062266,3141.975381914526,7.0,6,0,1,6,0,1,1,1,3998
39,81,TA-QTCID,0.75,100,12400.0,0.9971162377994676,3441.3072262909263,14.0,12,1,1,12,1,1,2,1,4507
40,82,TA-QTCID,0.75,100,9500.0,0.996566296883254,2681.898578202352,13.0,13,0,0,13,0,0,0,0,3786
41,83,TA-QTCID,0.75,100,11700.0,0.9975621647976597,3164.7269761785865,10.0,10,0,0,10,0,0,0,0,4102
42,84,TA-QTCID,0.75,100,13900.0,0.9965889710062535,3453.3754632677883,12.0,12,0,0,12,0,0,0,0,3518
43,85,TA-QTCID,0.75,100,11800.0,0.9968176254589963,3170.365414761007,13.0,13,0,0,13,0,0,0,0,4085
44,86,TA-QTCID,0.75,100,10500.0,0.9978779840848806,2870.4796185661107,8.0,8,0,0,8,0,0,0,0,3770
45,87,TA-QTCID,0.75,100,11200.0,0.9959432048681541,3032.886433487758,16.0,16,0,0,16,0,0,0,0,3944
46,88,TA-QTCID,0.75,100,11100.0,0.9964763918252291,3094.3750899564475,15.0,14,1,0,14,1,0,0,0,4257
47,89,TA-QTCID,0.75,100,10700.0,0.9983788165360713,2885.614374725148,6.0,6,0,0,6,0,0,0,0,3701
48,90,TA-QTCID,0.75,100,10900.0,0.9982055883106896,2972.5056807622313,7.0,7,0,0,7,0,0,0,0,3901
49,91,TA-QTCID,0.75,100,8700.0,0.995593419506463,2448.269381256774,15.0,14,1,0,14,1,0,0,0,3404
50,92,TA-QTCID,0.75,100,13900.0,0.9975857073877354,3585.572117846459,10.0,10,0,0,10,0,0,0,0,4142
51,93,TA-QTCID,0.75,100,9900.0,0.996537795729948,2679.504714820534,12.0,12,0,0,12,0,0,0,0,3466
52,94,TA-QTCID,0.75,100,10400.0,0.9969119917653114,2867.1559073850513,12.0,12,0,0,12,0,0,0,0,3886
53,95,TA-QTCID,0.75,100,9100.0,0.9970752459452273,2626.0285763219,11.0,10,1,0,10,1,0,1,0,3761
54,96,TA-QTCID,0.75,100,13300.0,0.9972254335260116,3503.1322106532753,12.0,12,0,0,12,0,0,0,0,4325
55,97,TA-QTCID,0.75,100,14500.0,0.9984105358764759,3755.457282897085,7.0,7,0,0,7,0,0,0,0,4404
56,98,TA-QTCID,0.75,100,13000.0,0.9978005865102639,3388.741151574999,9.0,9,0,0,9,0,0,0,0,4092
57,99,TA-QTCID,0.75,100,13500.0,0.9965916837082481,3564.561515148729,15.0,15,0,0,15,0,0,0,0,4401
58,100,TA-QTCID,0.75,100,10300.0,0.9962815405046481,2841.4564978983253,14.0,14,0,0,14,0,0,0,0,3765
59,101,TA-QTCID,0.75,100,12500.0,0.9967701863354037,3295.7365910913795,13.0,12,1,0,12,1,0,0,0,4025
60,102,TA-QTCID,0.75,100,8700.0,0.9971744156177755,2567.6064391061664,11.0,11,0,0,11,0,0,0,0,3893
61,103,TA-QTCID,0.75,100,9600.0,0.9960353766392193,2574.629757311195,13.0,13,0,0,13,0,0,0,0,3279
62,104,TA-QTCID,0.75,100,13400.0,0.9976976208749041,3453.3358952570707,10.0,9,0,1,9,0,1,1,1,3908
63,105,TA-QTCID,0.75,100,12000.0,0.9977831966304589,3317.954017462209,10.0,10,0,0,10,0,0,0,0,4511
64,106,TA-QTCID,0.75,100,12200.0,0.9984177215189873,3352.4968727286905,8.0,7,0,1,7,0,1,1,1,4423
65,107,TA-QTCID,0.75,100,13100.0,0.9979147358665431,3487.225878709927,9.0,9,0,0,9,0,0,0,0,4316
66,108,TA-QTCID,0.75,100,13400.0,0.9971729632485222,3425.9548461902887,11.0,11,0,0,11,0,0,0,0,3891
67,109,TA-QTCID,0.75,100,11400.0,0.9958261723545299,3089.943475071341,17.0,17,0,0,17,0,0,0,0,4073
68,110,TA-QTCID,0.75,100,12900.0,0.9975615162935048,3499.353467637673,11.0,11,0,0,11,0,0,0,0,4511
69,111,TA-QTCID,0.75,100,11500.0,0.9988374346056965,3414.104233155027,7.0,6,0,1,6,0,1,1,1,5160
70,112,TA-QTCID,0.75,100,10700.0,0.9961913830040466,3013.1815744992346,16.0,16,0,0,16,0,0,0,0,4201
71,113,TA-QTCID,0.75,100,11800.0,0.9967459324155195,3172.9373341221362,13.0,12,1,0,12,1,0,0,0,3995
72,114,TA-QTCID,0.75,100,10600.0,0.9964836353800378,2856.571470057592,13.0,13,0,0,13,0,0,0,0,3697
73,115,TA-QTCID,0.75,100,11100.0,0.9974135904067717,3089.488443216309,11.0,11,0,0,11,0,0,0,0,4253
74,116,TA-QTCID,0.75,100,10200.0,0.9977822133510756,3012.113238742575,11.0,10,0,1,10,0,1,1,1,4508
75,117,TA-QTCID,0.75,100,15100.0,0.9972187104930468,3774.627974083647,11.0,11,0,0,11,0,0,0,0,3955
76,118,TA-QTCID,0.75,100,14600.0,0.9978360182736234,3749.6407883800566,10.0,9,0,1,9,0,1,1,1,4158
77,119,TA-QTCID,0.75,100,12900.0,0.9971698113207547,3406.507179075852,12.0,11,1,0,11,1,0,0,0,4240
78,120,TA-QTCID,0.75,100,13200.0,0.9975056689342403,3516.2687833402306,11.0,11,0,0,11,0,0,0,0,4410
79,121,TA-QTCID,0.75,100,11800.0,0.9979555328392538,3123.5564825832844,8.0,8,0,0,8,0,0,0,0,3913
0,42,Q-TCID,0.75,200,12200.0,0.994077834179357,1696.9128191340715,15.0,13,1,1,13,1,1,1,0,0
1,43,Q-TCID,0.75,200,16000.0,0.9947218838814454,1945.2217403817922,13.0,12,1,0,12,1,0,0,0,0
2,44,Q-TCID,0.75,200,12200.0,0.9887570268582137,1333.5401829760522,18.0,17,1,0,17,1,0,0,0,0
3,45,Q-TCID,0.75,200,9400.0,0.9954128440366973,1249.1218763105571,9.0,9,0,0,9,0,0,0,0,0
4,46,Q-TCID,0.75,200,14000.0,0.9958960328317373,1751.6947012841702,9.0,9,0,0,9,0,0,0,0,0
5,47,Q-TCID,0.75,200,10400.0,0.9956919763058697,1422.172480572015,11.0,7,1,3,7,1,3,3,0,0
6,48,Q-TCID,0.75,200,13600.0,0.9966297544535387,1666.148706920445,9.0,7,0,2,7,0,2,2,0,0
7,49,Q-TCID,0.75,200,11400.0,0.9941203075531434,1561.3331014029682,13.0,13,0,0,13,0,0,0,0,0
8,50,Q-TCID,0.75,200,16200.0,0.9924741298212606,1504.0188678950071,16.0,16,0,0,16,0,0,0,0,0
9,51,Q-TCID,0.75,200,12600.0,0.9932170542635659,1452.6200488824397,14.0,14,0,0,14,0,0,0,0,0
10,52,Q-TCID,0.75,200,9600.0,0.9954128440366973,1320.027714388445,9.0,9,0,0,9,0,0,0,0,0
11,53,Q-TCID,0.75,200,12000.0,0.9931318681318682,1501.2095406092703,15.0,15,0,0,15,0,0,0,0,0
12,54,Q-TCID,0.75,200,11800.0,0.9961202715809894,1495.1556381303817,9.0,8,0,1,8,0,1,1,0,0
13,55,Q-TCID,0.75,200,10400.0,0.9943609022556391,1380.448035120964,12.0,12,0,0,12,0,0,0,0,0
14,56,Q-TCID,0.75,200,11800.0,0.993480441323972,1487.795991992578,13.0,13,0,0,13,0,0,0,0,0
15,57,Q-TCID,0.75,200,12200.0,0.9932291666666667,1263.6433286424726,14.0,13,0,1,13,0,1,1,0,0
16,58,Q-TCID,0.75,200,13400.0,0.9959016393442623,1691.135892599821,10.0,9,1,0,9,1,0,0,0,0
17,59,Q-TCID,0.75,200,11400.0,0.9937238493723849,1492.0297669172287,12.0,11,1,0,11,1,0,1,0,0
18,60,Q-TCID,0.75,200,11200.0,0.995835261453031,1477.5676665753126,9.0,9,0,0,9,0,0,0,0,0
19,61,Q-TCID,0.75,200,12800.0,0.9951620706337687,1559.7503818180412,10.0,10,0,0,10,0,0,0,0,0
20,62,Q-TCID,0.75,200,16000.0,0.9927927927927928,1976.4211004879326,19.0,14,2,3,14,2,3,3,0,0
21,63,Q-TCID,0.75,200,13400.0,0.993879472693032,1592.1367816273123,13.0,13,0,0,13,0,0,0,0,0
22,64,Q-TCID,0.75,200,11400.0,0.9920508744038156,1265.2854002248496,15.0,15,0,0,15,0,0,0,0,0
23,65,Q-TCID,0.75,200,13400.0,0.9931906614785992,1486.0154324453324,14.0,14,0,0,14,0,0,0,0,0
24,66,Q-TCID,0.75,200,10600.0,0.9955947136563876,1480.1395859215409,11.0,8,1,2,8,1,2,2,0,0
25,67,Q-TCID,0.75,200,10600.0,0.9927946474523932,1386.04690570198,14.0,14,0,0,14,0,0,0,0,0
26,68,Q-TCID,0.75,200,11800.0,0.9944500504540867,1289.718634052202,11.0,11,0,0,11,0,0,0,0,0
27,69,Q-TCID,0.75,200,16200.0,0.9975409836065574,2010.2121639586985,6.0,6,0,0,6,0,0,0,0,0
28,70,Q-TCID,0.75,200,14000.0,0.9913513513513513,1291.2222176697105,16.0,16,0,0,16,0,0,0,0,0
29,71,Q-TCID,0.75,200,16200.0,0.99569151227919,2032.785702260211,10.0,10,0,0,10,0,0,0,0,0
30,72,Q-TCID,0.75,200,11800.0,0.9975971165398478,1634.889994809404,6.0,6,0,0,6,0,0,0,0,0
31,73,Q-TCID,0.75,200,10000.0,0.9924563884959925,1474.8770432546735,16.0,14,2,0,14,2,0,1,0,0
32,74,Q-TCID,0.75,200,13600.0,0.9955927721463199,1647.1560717187822,10.0,10,0,0,10,0,0,0,0,0
33,75,Q-TCID,0.75,200,12800.0,0.9961032635168047,1561.2143974397331,11.0,8,0,3,8,0,3,3,0,0
34,76,Q-TCID,0.75,200,12800.0,0.9947414548641542,1615.0466478262097,12.0,12,0,0,12,0,0,0,0,0
35,77,Q-TCID,0.75,200,14000.0,0.9901808785529715,1452.3628569431603,19.0,15,4,0,15,4,0,2,0,0
36,78,Q-TCID,0.75,200,12400.0,0.9951432734337057,1486.7870082389563,10.0,10,0,0,10,0,0,0,0,0
37,79,Q-TCID,0.75,200,13000.0,0.9969723183391004,1658.2153249122202,7.0,6,1,0,6,1,0,0,0,0
38,80,Q-TCID,0.75,200,11400.0,0.9920634920634921,1373.91931678541,17.0,14,3,0,14,3,0,1,0,0
39,81,Q-TCID,0.75,200,13800.0,0.9958922866271109,1733.4538579080254,9.0,9,0,0,9,0,0,0,0,0
40,82,Q-TCID,0.75,200,11000.0,0.9890678941311852,1257.3520182240754,21.0,17,2,2,17,2,2,4,0,0
41,83,Q-TCID,0.75,200,12000.0,0.9951520493609519,1540.7973146028817,11.0,11,0,0,11,0,0,0,0,0
42,84,Q-TCID,0.75,200,16200.0,0.9952319029042046,2054.5085287615657,12.0,11,0,1,11,0,1,1,0,0
43,85,Q-TCID,0.75,200,10400.0,0.995764705882353,1450.5822973959148,9.0,8,1,0,8,1,0,0,0,0
44,86,Q-TCID,0.75,200,12200.0,0.9959839357429718,1416.3757700379938,8.0,8,0,0,8,0,0,0,0,0
45,87,Q-TCID,0.75,200,11200.0,0.9904761904761905,1309.106949146837,18.0,17,1,0,17,1,0,1,0,0
46,88,Q-TCID,0.75,200,11000.0,0.9923312883435583,1318.4845627844334,15.0,14,1,0,14,1,0,0,0,0
47,89,Q-TCID,0.75,200,13800.0,0.9953531598513011,1731.0204265154898,10.0,9,1,0,9,1,0,1,0,0
48,90,Q-TCID,0.75,200,13800.0,0.9970301230377598,1722.9683405663818,7.0,7,0,0,7,0,0,0,0,0
49,91,Q-TCID,0.75,200,14600.0,0.9927817878956136,1321.6697859745473,14.0,13,0,1,13,0,1,1,0,0
50,92,Q-TCID,0.75,200,14400.0,0.9940312213039486,1578.169281154871,14.0,12,1,1,12,1,1,1,0,0
51,93,Q-TCID,0.75,200,9600.0,0.9924283396430503,1255.512106699869,14.0,12,2,0,12,2,0,0,0,0
52,94,Q-TCID,0.75,200,16200.0,0.9953091684434968,1922.4701461363584,12.0,11,0,1,11,0,1,1,0,0
53,95,Q-TCID,0.75,200,15600.0,0.9933842239185751,1462.6109663508832,13.0,11,2,0,11,2,0,0,0,0
54,96,Q-TCID,0.75,200,15600.0,0.996328029375765,1764.8708419762552,9.0,9,0,0,9,0,0,0,0,0
55,97,Q-TCID,0.75,200,13400.0,0.9930491195551436,1509.716658456251,15.0,13,2,0,13,2,0,2,0,0
56,98,Q-TCID,0.75,200,15600.0,0.9932346723044397,1725.0258760415018,16.0,15,1,0,15,1,0,0,0,0
57,99,Q-TCID,0.75,200,13600.0,0.99,1506.6699232328683,20.0,18,1,1,18,1,1,1,0,0
58,100,Q-TCID,0.75,200,10400.0,0.9951338199513382,1422.4494565054774,11.0,9,1,1,9,1,1,1,0,0
59,101,Q-TCID,0.75,200,12800.0,0.9943444730077121,1411.8848031703383,12.0,9,2,1,9,2,1,1,0,0
60,102,Q-TCID,0.75,200,10800.0,0.9957943925233644,1418.9872573781759,9.0,9,0,0,9,0,0,0,0,0
61,103,Q-TCID,0.75,200,10600.0,0.9934518241347053,1557.752198310569,15.0,13,1,1,13,1,1,2,0,0
62,104,Q-TCID,0.75,200,11000.0,0.9922199170124482,1425.238999798894,16.0,14,1,1,14,1,1,1,0,0
63,105,Q-TCID,0.75,200,12200.0,0.9940682155215027,1459.8016390651464,12.0,12,0,0,12,0,0,0,0,0
64,106,Q-TCID,0.75,200,13600.0,0.9971028488652824,1578.5056090708822,6.0,6,0,0,6,0,0,0,0,0
65,107,Q-TCID,0.75,200,12400.0,0.9932268988872762,1524.2974627632648,14.0,13,1,0,13,1,0,0,0,0
66,108,Q-TCID,0.75,200,15800.0,0.9946315275744265,1448.7621698528528,11.0,11,0,0,11,0,0,0,0,0
67,109,Q-TCID,0.75,200,11800.0,0.9952130205840115,1519.8262798879296,11.0,10,0,1,10,0,1,1,0,0
68,110,Q-TCID,0.75,200,8200.0,0.9908405172413793,1150.9536931160837,17.0,17,0,0,17,0,0,0,0,0
69,111,Q-TCID,0.75,200,11800.0,0.9957786116322702,1573.935506215319,10.0,8,1,1,8,1,1,2,0,0
70,112,Q-TCID,0.75,200,11600.0,0.9958779884583677,1510.270610306412,10.0,9,1,0,9,1,0,0,0,0
71,113,Q-TCID,0.75,200,9800.0,0.9945205479452055,1246.8071488961577,12.0,10,0,2,10,0,2,2,0,0
72,114,Q-TCID,0.75,200,14000.0,0.9956389010030527,1635.6022186446935,10.0,10,0,0,10,0,0,0,0,0
73,115,Q-TCID,0.75,200,16200.0,0.9905571293673276,1661.499468099326,20.0,20,0,0,20,0,0,0,0,0
74,116,Q-TCID,0.75,200,11800.0,0.9943820224719101,1542.043706279248,12.0,12,0,0,12,0,0,0,0,0
75,117,Q-TCID,0.75,200,10200.0,0.9921182266009853,1372.969685005024,16.0,16,0,0,16,0,0,0,0,0
76,118,Q-TCID,0.75,200,12600.0,0.994838104176443,1636.9870982803404,11.0,10,1,0,10,1,0,1,0,0
77,119,Q-TCID,0.75,200,14200.0,0.9932885906040269,1473.1360516957939,13.0,12,1,0,12,1,0,0,0,0
78,120,Q-TCID,0.75,200,12600.0,0.993933265925177,1438.0985965542495,13.0,12,0,1,12,0,1,1,0,0
79,121,Q-TCID,0.75,200,10600.0,0.9919308357348703,1297.0980641860515,14.0,14,0,0,14,0,0,0,0,0
0,42,TA-QTCID,0.75,200,9800.0,0.9948955916473318,1448.287353977561,11.0,11,0,0,11,0,0,0,0,2155
1,43,TA-QTCID,0.75,200,9600.0,0.9969024264326277,1377.322163918987,6.0,6,0,0,6,0,0,0,0,1937
2,44,TA-QTCID,0.75,200,9800.0,0.9943470887507067,1349.0112670697272,10.0,10,0,0,10,0,0,0,0,1769
3,45,TA-QTCID,0.75,200,9200.0,0.9957264957264957,1319.7507384624332,8.0,8,0,0,8,0,0,0,0,1872
4,46,TA-QTCID,0.75,200,9600.0,0.9942756494936151,1484.4327128380537,14.0,13,0,1,13,0,1,1,1,2270
5,47,TA-QTCID,0.75,200,9400.0,0.995872641509434,1293.7545690350235,7.0,7,0,0,7,0,0,0,0,1696
6,48,TA-QTCID,0.75,200,13400.0,0.9961685823754789,1748.8458060137928,8.0,8,0,0,8,0,0,0,0,2088
7,49,TA-QTCID,0.75,200,11400.0,0.994754411063424,1600.5054115001112,12.0,11,0,1,11,0,1,1,1,2096
8,50,TA-QTCID,0.75,200,12000.0,0.9964044943820225,1685.3193980734795,9.0,8,0,1,8,0,1,1,1,2224
9,51,TA-QTCID,0.75,200,10200.0,0.9940443963183541,1407.0970763936639,11.0,11,0,0,11,0,0,0,0,1847
10,52,TA-QTCID,0.75,200,12800.0,0.9955839057899902,1718.41802171804,9.0,8,1,0,8,1,0,1,0,2038
11,53,TA-QTCID,0.75,200,14800.0,0.993995633187773,1846.5589573308825,12.0,11,0,1,11,0,1,1,1,1831
12,54,TA-QTCID,0.75,200,14400.0,0.9950870924519875,1881.4579245075583,11.0,11,0,0,11,0,0,0,0,2239
13,55,TA-QTCID,0.75,200,9200.0,0.9943883277216611,1304.3192223683,10.0,10,0,0,10,0,0,0,0,1782
14,56,TA-QTCID,0.75,200,11800.0,0.9961240310077519,1665.931082976982,9.0,9,0,0,9,0,0,0,0,2322
15,57,TA-QTCID,0.75,200,8600.0,0.9875233936369308,1195.0720019638538,20.0,20,0,0,20,0,0,0,0,1603
16,58,TA-QTCID,0.75,200,12600.0,0.995268817204301,1736.322537181899,11.0,11,0,0,11,0,0,0,0,2325
17,59,TA-QTCID,0.75,200,8400.0,0.9970688812896922,1319.1770026031882,7.0,6,0,1,6,0,1,1,1,2046
18,60,TA-QTCID,0.75,200,9400.0,0.9959939909864797,1367.0542705077678,8.0,8,0,0,8,0,0,0,0,1997
19,61,TA-QTCID,0.75,200,11800.0,0.9947671376242805,1566.6549960765988,10.0,10,0,0,10,0,0,0,0,1911
20,62,TA-QTCID,0.75,200,11400.0,0.9946332737030411,1609.645617203787,12.0,12,0,0,12,0,0,0,0,2236
21,63,TA-QTCID,0.75,200,11600.0,0.9962264150943396,1601.3956912867725,8.0,8,0,0,8,0,0,0,0,2120
22,64,TA-QTCID,0.75,200,8600.0,0.9922566371681416,1247.5391567032784,14.0,14,0,0,14,0,0,0,0,1808
23,65,TA-QTCID,0.75,200,7000.0,0.991001799640072,1093.2437797039747,16.0,15,0,1,15,0,1,1,1,1666
24,66,TA-QTCID,0.75,200,11200.0,0.997338065661047,1590.8903899360448,6.0,6,0,0,6,0,0,0,0,2254
25,67,TA-QTCID,0.75,200,11000.0,0.9956709956709957,1532.5276046860963,9.0,9,0,0,9,0,0,0,0,2079
26,68,TA-QTCID,0.75,200,10600.0,0.9930795847750865,1478.0424824506044,14.0,14,0,0,14,0,0,0,0,2023
27,69,TA-QTCID,0.75,200,11800.0,0.9939870490286772,1651.389846643433,14.0,13,0,1,13,0,1,1,1,2161
28,70,TA-QTCID,0.75,200,16200.0,0.9980864906238041,2109.1717069540173,5.0,5,0,0,5,0,0,0,0,2613
29,71,TA-QTCID,0.75,200,12000.0,0.9944190766108574,1602.3848910387605,11.0,11,0,0,11,0,0,0,0,1971
30,72,TA-QTCID,0.75,200,12800.0,0.9945479327578374,1729.8729548156261,12.0,12,0,0,12,0,0,0,0,2201
31,73,TA-QTCID,0.75,200,10000.0,0.994466800804829,1419.2048813179135,11.0,11,0,0,11,0,0,0,0,1988
32,74,TA-QTCID,0.75,200,12600.0,0.9939138576779026,1703.1447775773704,13.0,13,0,0,13,0,0,0,0,2136
33,75,TA-QTCID,0.75,200,11800.0,0.9946576007770762,1597.003644399345,11.0,10,1,0,10,1,0,0,0,2059
34,76,TA-QTCID,0.75,200,10400.0,0.996245893946504,1492.7222067508847,8.0,8,0,0,8,0,0,0,0,2131
35,77,TA-QTCID,0.75,200,12400.0,0.997196261682243,1683.8751664366573,6.0,6,0,0,6,0,0,0,0,2140
36,78,TA-QTCID,0.75,200,9400.0,0.9940535183349851,1376.5703721009195,12.0,12,0,0,12,0,0,0,0,2018
37,79,TA-QTCID,0.75,200,12000.0,0.9941151744430433,1703.4613214898854,14.0,14,0,0,14,0,0,0,0,2379
38,80,TA-QTCID,0.75,200,13600.0,0.9969681657402729,1751.3979413844645,6.0,6,0,0,6,0,0,0,0,1979
39,81,TA-QTCID,0.75,200,9600.0,0.992867332382311,1421.0447928700596,15.0,15,0,0,15,0,0,0,0,2103
40,82,TA-QTCID,0.75,200,10800.0,0.994053064958829,1541.034722533077,13.0,13,0,0,13,0,0,0,0,2186
41,83,TA-QTCID,0.75,200,11200.0,0.9945325314379442,1493.4146465752274,10.0,10,0,0,10,0,0,0,0,1829
42,84,TA-QTCID,0.75,200,7400.0,0.9926650366748166,1095.4002351593226,12.0,12,0,0,12,0,0,0,0,1636
43,85,TA-QTCID,0.75,200,11600.0,0.99154532644434,1598.5665800031275,18.0,18,0,0,18,0,0,0,0,2129
44,86,TA-QTCID,0.75,200,9200.0,0.9975247524752475,1360.3870641961694,5.0,5,0,0,5,0,0,0,0,2020
45,87,TA-QTCID,0.75,200,10800.0,0.9927760577915377,1481.109001679346,14.0,14,0,0,14,0,0,0,0,1938
46,88,TA-QTCID,0.75,200,11800.0,0.9954493742889647,1526.0186703335494,8.0,8,0,0,8,0,0,0,0,1758
47,89,TA-QTCID,0.75,200,13000.0,0.9933444259567388,1658.0966209620237,12.0,12,0,0,12,0,0,0,0,1803
48,90,TA-QTCID,0.75,200,12200.0,0.9947013487475915,1650.9743827600032,11.0,11,0,0,11,0,0,0,0,2076
49,91,TA-QTCID,0.75,200,13000.0,0.9961669505962522,1777.9480626564473,9.0,9,0,0,9,0,0,0,0,2348
50,92,TA-QTCID,0.75,200,8400.0,0.9942438513867086,1255.0175068192184,11.0,11,0,0,11,0,0,0,0,1911
51,93,TA-QTCID,0.75,200,12200.0,0.9941834451901566,1694.4398197829723,13.0,12,1,0,12,1,0,0,0,2235
52,94,TA-QTCID,0.75,200,12000.0,0.9926303854875284,1546.5742411408573,13.0,13,0,0,13,0,0,0,0,1764
53,95,TA-QTCID,0.75,200,11200.0,0.9942957437472576,1623.6724696476012,14.0,13,0,1,13,0,1,1,1,2278
54,96,TA-QTCID,0.75,200,11400.0,0.9954441913439636,1596.5288285128772,10.0,10,0,0,10,0,0,0,0,2195
55,97,TA-QTCID,0.75,200,8400.0,0.9934679334916865,1198.1780891846865,11.0,11,0,0,11,0,0,0,0,1684
56,98,TA-QTCID,0.75,200,11000.0,0.9949341438703141,1504.2364918403327,10.0,10,0,0,10,0,0,0,0,1974
57,99,TA-QTCID,0.75,200,11400.0,0.9934792734047508,1589.327454334125,14.0,14,0,0,14,0,0,0,0,2147
58,100,TA-QTCID,0.75,200,14600.0,0.9984095427435388,1963.7395597081631,4.0,4,0,0,4,0,0,0,0,2515
59,101,TA-QTCID,0.75,200,15600.0,0.9964317573595004,1989.8742171041667,8.0,8,0,0,8,0,0,0,0,2242
60,102,TA-QTCID,0.75,200,11600.0,0.9949494949494949,1609.8830251377076,11.0,11,0,0,11,0,0,0,0,2178
61,103,TA-QTCID,0.75,200,12400.0,0.9950361010830325,1687.21866158396,11.0,11,0,0,11,0,0,0,0,2216
62,104,TA-QTCID,0.75,200,10600.0,0.9941002949852508,1506.1951073408127,13.0,12,0,1,12,0,1,1,1,2033
63,105,TA-QTCID,0.75,200,12200.0,0.9958734525447043,1674.1216569058597,9.0,9,0,0,9,0,0,0,0,2181
64,106,TA-QTCID,0.75,200,13000.0,0.9982030548068284,1746.3134546559304,4.0,4,0,0,4,0,0,0,0,2226
65,107,TA-QTCID,0.75,200,8200.0,0.9932301740812379,1277.4129891581833,14.0,14,0,0,14,0,0,0,0,2068
66,108,TA-QTCID,0.75,200,8600.0,0.994750656167979,1270.9436227995902,10.0,10,0,0,10,0,0,0,0,1905
67,109,TA-QTCID,0.75,200,10400.0,0.9970223325062034,1460.3160229362547,6.0,6,0,0,6,0,0,0,0,2015
68,110,TA-QTCID,0.75,200,13200.0,0.9898068669527897,1694.0837078709155,19.0,19,0,0,19,0,0,0,0,1864
69,111,TA-QTCID,0.75,200,11600.0,0.9973969631236442,1641.260441210121,6.0,6,0,0,6,0,0,0,0,2305
70,112,TA-QTCID,0.75,200,7800.0,0.9936642027455121,1197.723057301715,12.0,11,1,0,11,1,0,0,0,1894
71,113,TA-QTCID,0.75,200,11800.0,0.9946025515210991,1591.8598056919873,11.0,11,0,0,11,0,0,0,0,2038
72,114,TA-QTCID,0.75,200,12200.0,0.9964365256124722,1717.1914140265435,9.0,8,0,1,8,0,1,1,1,2244
73,115,TA-QTCID,0.75,200,10200.0,0.9896530736457699,1372.2376771979034,17.0,16,1,0,16,1,0,1,0,1643
74,116,TA-QTCID,0.75,200,10200.0,0.9952153110047847,1415.8416021820158,9.0,9,0,0,9,0,0,0,0,1881
75,117,TA-QTCID,0.75,200,14200.0,0.9925438596491228,1879.4201730191708,17.0,17,0,0,17,0,0,0,0,2280
76,118,TA-QTCID,0.75,200,15800.0,0.9950273495773247,1961.0489363968372,10.0,10,0,0,10,0,0,0,0,2011
77,119,TA-QTCID,0.75,200,8400.0,0.9939226519337017,1255.6505946666002,12.0,11,0,1,11,0,1,1,1,1809
78,120,TA-QTCID,0.75,200,10200.0,0.9934924078091106,1401.1816618815064,12.0,12,0,0,12,0,0,0,0,1844
79,121,TA-QTCID,0.75,200,12200.0,0.9935483870967742,1624.9979973193258,13.0,12,1,0,12,1,0,0,0,2015
0,42,Q-TCID,0.75,350,13650.0,0.9909297052154195,986.0145268030465,13.0,11,1,1,11,1,1,1,0,0
1,43,Q-TCID,0.75,350,11200.0,0.9924433249370277,863.4328937865794,10.0,8,1,1,8,1,1,1,0,0
2,44,Q-TCID,0.75,350,11200.0,0.9833659491193738,776.9174836501479,17.0,16,1,0,16,1,0,0,0,0
3,45,Q-TCID,0.75,350,15050.0,0.9861660079051383,835.1219969410449,15.0,12,2,1,12,2,1,1,0,0
4,46,Q-TCID,0.75,350,12600.0,0.9863636363636363,875.4813467375934,16.0,15,0,1,15,0,1,1,0,0
5,47,Q-TCID,0.75,350,14000.0,0.986013986013986,932.3801163639873,16.0,15,1,0,15,1,0,0,0,0
6,48,Q-TCID,0.75,350,12950.0,0.9934306569343065,980.3760882299393,10.0,9,0,1,9,0,1,1,0,0
7,49,Q-TCID,0.75,350,16100.0,0.9887730553327987,938.6120747849345,16.0,12,2,2,12,2,2,2,0,0
8,50,Q-TCID,0.75,350,12250.0,0.9878345498783455,821.0555764939636,16.0,13,2,1,13,2,1,1,0,0
9,51,Q-TCID,0.75,350,14700.0,0.981340118744699,852.7495364826173,22.0,19,3,0,19,3,0,0,0,0
10,52,Q-TCID,0.75,350,13300.0,0.9887730553327987,991.7914533447474,15.0,12,2,1,12,2,1,2,0,0
11,53,Q-TCID,0.75,350,16100.0,0.99568655643422,1013.6329838242382,6.0,6,0,0,6,0,0,0,0,0
12,54,Q-TCID,0.75,350,13650.0,0.9862459546925566,920.5888553373516,17.0,14,3,0,14,3,0,0,0,0
13,55,Q-TCID,0.75,350,14000.0,0.9877017678708686,972.7592501565814,16.0,16,0,0,16,0,0,0,0,0
14,56,Q-TCID,0.75,350,11900.0,0.9923547400611621,946.7037287373096,11.0,8,2,1,8,2,1,1,0,0
15,57,Q-TCID,0.75,350,16100.0,0.9883817427385893,937.9394189529121,14.0,13,1,0,13,1,0,1,0,0
16,58,Q-TCID,0.75,350,13650.0,0.9939301972685888,853.0462964121252,8.0,8,0,0,8,0,0,0,0,0
17,59,Q-TCID,0.75,350,12950.0,0.9864750633981403,861.3753583040088,17.0,15,1,1,15,1,1,1,0,0
18,60,Q-TCID,0.75,350,11200.0,0.9919484702093397,866.4202770330012,12.0,10,0,2,10,0,2,2,0,0
19,61,Q-TCID,0.75,350,10850.0,0.9804469273743017,805.4855724275112,23.0,20,1,2,20,1,2,2,0,0
20,62,Q-TCID,0.75,350,11200.0,0.9833187006145742,796.8795346021652,20.0,18,1,1,18,1,1,1,0,0
21,63,Q-TCID,0.75,350,16100.0,0.9930822444273636,1025.9386287163943,9.0,9,0,0,9,0,0,0,0,0
22,64,Q-TCID,0.75,350,12600.0,0.9811498586239397,845.1920503955334,22.0,18,2,2,18,2,2,3,0,0
23,65,Q-TCID,0.75,350,11550.0,0.9895196506550218,859.1991188563406,14.0,10,2,2,10,2,2,2,0,0
24,66,Q-TCID,0.75,350,10150.0,0.9907251264755481,902.6645558681339,15.0,10,1,4,10,1,4,4,0,0
25,67,Q-TCID,0.75,350,12950.0,0.9900249376558603,927.2956296429038,14.0,12,0,2,12,0,2,2,0,0
26,68,Q-TCID,0.75,350,11550.0,0.9883817427385893,823.9836077559739,14.0,13,1,0,13,1,0,0,0,0
27,69,Q-TCID,0.75,350,13300.0,0.9921996879875195,826.0609272308648,10.0,10,0,0,10,0,0,0,0,0
28,70,Q-TCID,0.75,350,14000.0,0.985280588776449,783.5055539868772,16.0,14,2,0,14,2,0,1,0,0
29,71,Q-TCID,0.75,350,12950.0,0.9918397626112759,939.264946622774,12.0,11,0,1,11,0,1,1,0,0
30,72,Q-TCID,0.75,350,10850.0,0.9888220120378332,828.3756546396762,14.0,12,1,1,12,1,1,2,0,0
31,73,Q-TCID,0.75,350,9800.0,0.9890795631825273,841.25503539294,15.0,13,1,1,13,1,1,2,0,0
32,74,Q-TCID,0.75,350,16100.0,0.9956167814652473,1276.7996853105724,8.0,6,1,1,6,1,1,2,0,0
33,75,Q-TCID,0.75,350,11550.0,0.9920571882446386,880.9219453670084,11.0,10,0,1,10,0,1,1,0,0
34,76,Q-TCID,0.75,350,16100.0,0.9901812688821753,1117.9539894610643,15.0,12,1,2,12,1,2,2,0,0
35,77,Q-TCID,0.75,350,12250.0,0.9843173431734318,889.0927352942526,18.0,17,0,1,17,0,1,1,0,0
36,78,Q-TCID,0.75,350,12950.0,0.9903769045709703,870.2385880611837,12.0,10,2,0,10,2,0,0,0,0
37,79,Q-TCID,0.75,350,15750.0,0.9897660818713451,1060.8969478867948,14.0,14,0,0,14,0,0,0,0,0
38,80,Q-TCID,0.75,350,16100.0,0.9847634322373697,910.7562098260969,22.0,18,1,3,18,1,3,3,0,0
39,81,Q-TCID,0.75,350,16100.0,0.9923136049192929,1031.0033314283937,13.0,10,0,3,10,0,3,3,0,0
40,82,Q-TCID,0.75,350,14350.0,0.990924092409241,929.6103570610285,12.0,8,3,1,8,3,1,2,0,0
41,83,Q-TCID,0.75,350,15400.0,0.9899713467048711,1085.8247815780342,14.0,13,1,0,13,1,0,0,0,0
42,84,Q-TCID,0.75,350,14700.0,0.9867256637168141,943.973537420854,17.0,15,0,2,15,0,2,2,0,0
43,85,Q-TCID,0.75,350,11900.0,0.9894578313253012,951.8475674390793,15.0,14,0,1,14,0,1,1,0,0
44,86,Q-TCID,0.75,350,12250.0,0.9868312757201646,920.252527423203,19.0,13,3,3,13,3,3,3,0,0
45,87,Q-TCID,0.75,350,12250.0,0.9849498327759197,874.8482588976622,18.0,18,0,0,18,0,0,0,0,0
46,88,Q-TCID,0.75,350,11900.0,0.9922540666150271,924.6050063278526,11.0,9,1,1,9,1,1,1,0,0
47,89,Q-TCID,0.75,350,8750.0,0.9886578449905482,791.2410960290581,14.0,11,1,2,11,1,2,3,0,0
48,90,Q-TCID,0.75,350,12950.0,0.9835907335907336,859.021062893793,18.0,16,1,1,16,1,1,1,0,0
49,91,Q-TCID,0.75,350,15750.0,0.9909596662030598,1086.497437408194,14.0,13,0,1,13,0,1,1,0,0
50,92,Q-TCID,0.75,350,10850.0,0.9840336134453781,792.2698637712747,20.0,18,1,1,18,1,1,1,0,0
51,93,Q-TCID,0.75,350,14000.0,0.9846774193548387,1017.8469747584313,20.0,19,0,1,19,0,1,1,0,0
52,94,Q-TCID,0.75,350,15050.0,0.9879518072289156,991.2770694717765,17.0,13,2,2,13,2,2,2,0,0
53,95,Q-TCID,0.75,350,9800.0,0.982836495031617,781.0523386057466,19.0,18,1,0,18,1,0,0,0,0
54,96,Q-TCID,0.75,350,15400.0,0.9946200403496974,1038.323409581557,8.0,8,0,0,8,0,0,0,0,0
55,97,Q-TCID,0.75,350,11550.0,0.9885321100917431,928.9772692229599,16.0,15,0,1,15,0,1,1,0,0
56,98,Q-TCID,0.75,350,14350.0,0.9907010014306151,1050.8862464036793,13.0,13,0,0,13,0,0,0,0,0
57,99,Q-TCID,0.75,350,11900.0,0.9826166514181153,863.5515977498144,20.0,17,2,1,17,2,1,2,0,0
58,100,Q-TCID,0.75,350,13650.0,0.9889643463497453,824.6364795938134,14.0,10,3,1,10,3,1,1,0,0
59,101,Q-TCID,0.75,350,12250.0,0.9920760697305864,891.8229266051203,10.0,10,0,0,10,0,0,0,0,0
60,102,Q-TCID,0.75,350,14350.0,0.9925017041581459,1040.7766249645501,12.0,11,0,1,11,0,1,1,0,0
61,103,Q-TCID,0.75,350,15400.0,0.9839391377852916,939.8782504666597,21.0,17,2,2,17,2,2,2,0,0
62,104,Q-TCID,0.75,350,11550.0,0.9862187769164513,891.1700547784567,17.0,16,0,1,16,0,1,1,0,0
63,105,Q-TCID,0.75,350,11550.0,0.9875930521091811,842.7388350199908,15.0,15,0,0,15,0,0,0,0,0
64,106,Q-TCID,0.75,350,10850.0,0.9864061172472387,834.5086930952966,16.0,15,1,0,15,1,0,0,0,0
65,107,Q-TCID,0.75,350,12250.0,0.9886178861788618,891.189838770777,15.0,13,1,1,13,1,1,1,0,0
66,108,Q-TCID,0.75,350,9800.0,0.9830357142857142,791.9928878378123,20.0,19,0,1,19,0,1,1,0,0
67,109,Q-TCID,0.75,350,12250.0,0.9852820932134096,881.7924411445856,18.0,18,0,0,18,0,0,0,0,0
68,110,Q-TCID,0.75,350,11200.0,0.9745762711864406,703.677134161815,24.0,24,0,0,24,0,0,0,0,0
69,111,Q-TCID,0.75,350,16100.0,0.9920462762111352,1036.8989619482309,12.0,11,0,1,11,0,1,1,0,0
70,112,Q-TCID,0.75,350,14700.0,0.9931412894375857,1048.5913029890507,10.0,10,0,0,10,0,0,0,0,0
71,113,Q-TCID,0.75,350,11900.0,0.9837164750957854,812.963922534138,20.0,15,2,3,15,2,3,4,0,0
72,114,Q-TCID,0.75,350,14000.0,0.9926590538336052,900.2904764711857,9.0,8,1,0,8,1,0,0,0,0
73,115,Q-TCID,0.75,350,11550.0,0.9859022556390977,813.0430585220456,15.0,13,2,0,13,2,0,1,0,0
74,116,Q-TCID,0.75,350,12950.0,0.9887834339948232,784.296913780272,13.0,12,1,0,12,1,0,1,0,0
75,117,Q-TCID,0.75,350,12250.0,0.9862348178137652,831.6993658002466,17.0,16,1,0,16,1,0,0,0,0
76,118,Q-TCID,0.75,350,11550.0,0.9889908256880734,794.4065352361649,12.0,12,0,0,12,0,0,0,0,0
77,119,Q-TCID,0.75,350,14350.0,0.9854604200323102,974.282617777586,18.0,18,0,0,18,0,0,0,0,0
78,120,Q-TCID,0.75,350,16100.0,0.9828767123287672,981.6026959270239,21.0,17,3,1,17,3,1,1,0,0
79,121,Q-TCID,0.75,350,12600.0,0.9870490286771508,764.2359428592026,15.0,14,0,1,14,0,1,1,0,0
0,42,TA-QTCID,0.75,350,11550.0,0.9907795473595976,936.3962673470378,12.0,11,0,1,11,0,1,1,1,1192
1,43,TA-QTCID,0.75,350,9800.0,0.9866071428571429,803.6654448863119,15.0,15,0,0,15,0,0,0,0,1120
2,44,TA-QTCID,0.75,350,11200.0,0.9795348837209302,867.884292665869,22.0,22,0,0,22,0,0,0,0,1075
3,45,TA-QTCID,0.75,350,8050.0,0.9842602308499475,698.6915674190968,16.0,15,0,1,15,0,1,1,1,952
4,46,TA-QTCID,0.75,350,12250.0,0.9870259481037924,899.7167406193912,13.0,13,0,0,13,0,0,0,0,1002
5,47,TA-QTCID,0.75,350,11550.0,0.9946761313220941,897.6987731326371,6.0,6,0,0,6,0,0,0,0,1127
6,48,TA-QTCID,0.75,350,16100.0,0.9940278699402787,1209.4351823423058,9.0,8,1,0,8,1,0,0,0,1507
7,49,TA-QTCID,0.75,350,10500.0,0.9865711727842436,839.3755558673292,15.0,15,0,0,15,0,0,0,0,1117
8,50,TA-QTCID,0.75,350,11200.0,0.9844389844389845,904.1483554951847,19.0,19,0,0,19,0,0,0,0,1221
9,51,TA-QTCID,0.75,350,9800.0,0.9920760697305864,839.1579319238663,10.0,10,0,0,10,0,0,0,0,1262
10,52,TA-QTCID,0.75,350,14700.0,0.9882845188284519,1081.15575876832,14.0,14,0,0,14,0,0,0,0,1195
11,53,TA-QTCID,0.75,350,13300.0,0.9924502402196294,1069.9184496011585,11.0,11,0,0,11,0,0,0,0,1457
12,54,TA-QTCID,0.75,350,12250.0,0.9942487419122933,1025.0879169348627,9.0,8,0,1,8,0,1,1,1,1390
13,55,TA-QTCID,0.75,350,9450.0,0.9853574504737296,824.3792876508087,17.0,16,1,0,16,1,0,1,0,1161
14,56,TA-QTCID,0.75,350,10500.0,0.9936356404136834,879.2403057999909,8.0,8,0,0,8,0,0,0,0,1257
15,57,TA-QTCID,0.75,350,10150.0,0.9778672032193159,791.3004480171949,22.0,21,1,0,21,1,0,0,0,994
16,58,TA-QTCID,0.75,350,12250.0,0.9927272727272727,996.9352920446545,10.0,10,0,0,10,0,0,0,0,1375
17,59,TA-QTCID,0.75,350,8400.0,0.9866284622731614,718.8712423238903,14.0,13,1,0,13,1,0,0,0,1047
18,60,TA-QTCID,0.75,350,12600.0,0.9881386861313869,974.6585136838257,14.0,13,0,1,13,0,1,1,1,1095
19,61,TA-QTCID,0.75,350,15400.0,0.9926632428466617,1182.5685171391815,11.0,10,0,1,10,0,1,1,1,1362
20,62,TA-QTCID,0.75,350,8750.0,0.9862903225806452,808.9873395450413,18.0,17,0,1,17,0,1,1,1,1239
21,63,TA-QTCID,0.75,350,9100.0,0.9877350776778414,793.6745274122804,15.0,15,0,0,15,0,0,0,0,1223
22,64,TA-QTCID,0.75,350,11200.0,0.9920948616600791,915.4648006372154,10.0,10,0,0,10,0,0,0,0,1265
23,65,TA-QTCID,0.75,350,12950.0,0.9882903981264637,1012.0700482241809,15.0,15,0,0,15,0,0,0,0,1281
24,66,TA-QTCID,0.75,350,9800.0,0.9866771159874608,845.0733464267105,17.0,17,0,0,17,0,0,0,0,1276
25,67,TA-QTCID,0.75,350,8400.0,0.9855072463768116,770.9427171591669,18.0,16,1,1,16,1,1,1,1,1172
26,68,TA-QTCID,0.75,350,13300.0,0.9934587080948487,1013.5934158377349,8.0,8,0,0,8,0,0,0,0,1223
27,69,TA-QTCID,0.75,350,9100.0,0.991869918699187,768.469717785716,9.0,9,0,0,9,0,0,0,0,1107
28,70,TA-QTCID,0.75,350,8400.0,0.9873873873873874,729.416111651808,14.0,13,1,0,13,1,0,0,0,1110
29,71,TA-QTCID,0.75,350,15050.0,0.9962264150943396,1138.7469682153314,5.0,5,0,0,5,0,0,0,0,1325
30,72,TA-QTCID,0.75,350,9450.0,0.9908940397350994,832.6094295736402,11.0,10,1,0,10,1,0,1,0,1208
31,73,TA-QTCID,0.75,350,10500.0,0.9912490055688147,874.0964670907706,11.0,11,0,0,11,0,0,0,0,1257
32,74,TA-QTCID,0.75,350,10150.0,0.9930555555555556,866.400493035093,9.0,9,0,0,9,0,0,0,0,1296
33,75,TA-QTCID,0.75,350,9800.0,0.9888412017167382,816.267849707976,13.0,13,0,0,13,0,0,0,0,1165
34,76,TA-QTCID,0.75,350,10850.0,0.9919028340080972,891.5657346788794,10.0,9,1,0,9,1,0,0,0,1235
35,77,TA-QTCID,0.75,350,9800.0,0.9904347826086957,812.6671626158059,11.0,11,0,0,11,0,0,0,0,1150
36,78,TA-QTCID,0.75,350,11900.0,0.9897084048027445,928.0276374649256,12.0,12,0,0,12,0,0,0,0,1166
37,79,TA-QTCID,0.75,350,8750.0,0.9917695473251029,778.5199872534722,10.0,10,0,0,10,0,0,0,0,1215
38,80,TA-QTCID,0.75,350,14000.0,0.9865319865319865,1049.0463348850608,16.0,16,0,0,16,0,0,0,0,1188
39,81,TA-QTCID,0.75,350,10150.0,0.9901365705614568,872.058715602383,13.0,13,0,0,13,0,0,0,0,1318
40,82,TA-QTCID,0.75,350,8400.0,0.9868020304568528,722.5906333792955,14.0,13,0,1,13,0,1,1,1,984
41,83,TA-QTCID,0.75,350,10150.0,0.9868995633187773,827.5645108539611,15.0,15,0,0,15,0,0,0,0,1145
42,84,TA-QTCID,0.75,350,12600.0,0.9930286599535244,1042.4186965543777,11.0,9,0,2,9,0,2,2,2,1289
43,85,TA-QTCID,0.75,350,10150.0,0.9856244384546271,844.9150744620711,16.0,15,1,0,15,1,0,1,0,1113
44,86,TA-QTCID,0.75,350,10500.0,0.9881170018281535,835.003292972222,13.0,12,1,0,12,1,0,0,0,1094
45,87,TA-QTCID,0.75,350,12250.0,0.9902120717781403,961.1856130827218,12.0,12,0,0,12,0,0,0,0,1226
46,88,TA-QTCID,0.75,350,9800.0,0.9844054580896686,783.0900900904089,16.0,16,0,0,16,0,0,0,0,1026
47,89,TA-QTCID,0.75,350,10500.0,0.9848484848484849,823.686847826466,16.0,16,0,0,16,0,0,0,0,1056
48,90,TA-QTCID,0.75,350,12250.0,0.9942622950819672,959.642461469397,7.0,6,1,0,6,1,0,0,0,1220
49,91,TA-QTCID,0.75,350,10500.0,0.9889173060528559,853.7783042229712,13.0,13,0,0,13,0,0,0,0,1173
50,92,TA-QTCID,0.75,350,12600.0,0.9895245769540693,980.1980322785676,13.0,13,0,0,13,0,0,0,0,1241
51,93,TA-QTCID,0.75,350,9800.0,0.9922346850733391,816.2678497061133,9.0,9,0,0,9,0,0,0,0,1159
52,94,TA-QTCID,0.75,350,9100.0,0.9889173060528559,781.8436984084547,13.0,13,0,0,13,0,0,0,0,1173
53,95,TA-QTCID,0.75,350,10850.0,0.9915397631133672,875.105450835079,10.0,10,0,0,10,0,0,0,0,1182
54,96,TA-QTCID,0.75,350,11200.0,0.9810834049871023,894.3750619720668,22.0,22,0,0,22,0,0,0,0,1163
55,97,TA-QTCID,0.75,350,9800.0,0.9842983316977428,780.0037868730724,16.0,16,0,0,16,0,0,0,0,1019
56,98,TA-QTCID,0.75,350,11550.0,0.9822660098522168,875.3230747915804,18.0,18,0,0,18,0,0,0,0,1015
57,99,TA-QTCID,0.75,350,7700.0,0.9810606060606061,705.6555336602032,20.0,18,2,0,18,2,0,1,0,1056
58,100,TA-QTCID,0.75,350,12950.0,0.9894566098945661,994.5809966418892,13.0,13,0,0,13,0,0,0,0,1233
59,101,TA-QTCID,0.75,350,14000.0,0.9922371206774877,1093.7977315615863,11.0,11,0,0,11,0,0,0,0,1417
60,102,TA-QTCID,0.75,350,8050.0,0.988155668358714,730.721855327487,14.0,14,0,0,14,0,0,0,0,1182
61,103,TA-QTCID,0.75,350,13300.0,0.993202416918429,1038.283841598779,9.0,9,0,0,9,0,0,0,0,1324
62,104,TA-QTCID,0.75,350,13650.0,0.992741935483871,1058.4437324982136,10.0,9,0,1,9,0,1,1,1,1239
63,105,TA-QTCID,0.75,350,9800.0,0.9859278803869833,808.0377077870071,16.0,16,0,0,16,0,0,0,0,1137
64,106,TA-QTCID,0.75,350,14000.0,0.9926948051948052,1053.9329816494137,9.0,8,1,0,8,1,0,0,0,1232
65,107,TA-QTCID,0.75,350,11200.0,0.9902439024390244,902.8623958192766,12.0,11,1,0,11,1,0,0,0,1230
66,108,TA-QTCID,0.75,350,9450.0,0.9891500904159132,783.3670660238713,12.0,12,0,0,12,0,0,0,0,1106
67,109,TA-QTCID,0.75,350,10500.0,0.991941982272361,871.5245477370918,10.0,8,2,0,8,2,0,0,0,1241
68,110,TA-QTCID,0.75,350,10150.0,0.984070796460177,827.8217027895153,18.0,18,0,0,18,0,0,0,0,1130
69,111,TA-QTCID,0.75,350,10850.0,0.986960065199674,889.2510072588921,16.0,16,0,0,16,0,0,0,0,1227
70,112,TA-QTCID,0.75,350,10850.0,0.9920948616600791,895.1664217691869,10.0,10,0,0,10,0,0,0,0,1265
71,113,TA-QTCID,0.75,350,9800.0,0.9877049180327869,859.5947987549007,15.0,14,1,0,14,1,0,1,0,1220
72,114,TA-QTCID,0.75,350,11200.0,0.9826923076923076,864.0264136381447,18.0,18,0,0,18,0,0,0,0,1040
73,115,TA-QTCID,0.75,350,9450.0,0.9921491658488715,793.0018715895712,9.0,8,0,1,8,0,1,1,1,1018
74,116,TA-QTCID,0.75,350,9450.0,0.9917965545529123,812.42975467816,10.0,10,0,0,10,0,0,0,0,1219
75,117,TA-QTCID,0.75,350,14350.0,0.9877551020408163,1072.4310169760138,15.0,15,0,0,15,0,0,0,0,1225
76,118,TA-QTCID,0.75,350,8400.0,0.9892996108949417,711.4126762002707,11.0,11,0,0,11,0,0,0,0,1028
77,119,TA-QTCID,0.75,350,12250.0,0.9884583676834295,962.9859566316009,14.0,13,1,0,13,1,0,0,0,1213
78,120,TA-QTCID,0.75,350,9100.0,0.9916512059369202,758.6964242532849,9.0,9,0,0,9,0,0,0,0,1078
79,121,TA-QTCID,0.75,350,10850.0,0.9893522626441881,887.5693676844239,13.0,11,1,1,11,1,1,1,1,1126
0,42,Q-TCID,0.75,600,12600.0,0.9759547383309759,559.1550506837666,19.0,13,4,2,13,4,2,3,0,0
1,43,Q-TCID,0.75,600,16200.0,0.9657853810264385,588.2770913224667,24.0,20,2,2,20,2,2,2,0,0
2,44,Q-TCID,0.75,600,10200.0,0.9614147909967846,544.8907902874053,28.0,21,3,4,21,3,4,4,0,0
3,45,Q-TCID,0.75,600,12600.0,0.9647435897435898,494.75814696215093,24.0,17,5,2,17,5,2,2,0,0
4,46,Q-TCID,0.75,600,13200.0,0.9688888888888889,644.6219090782106,27.0,17,4,6,17,4,6,6,0,0
5,47,Q-TCID,0.75,600,10800.0,0.9725433526011561,522.3766039796174,20.0,18,1,1,18,1,1,1,0,0
6,48,Q-TCID,0.75,600,16200.0,0.983739837398374,602.580919707194,14.0,10,2,2,10,2,2,3,0,0
7,49,Q-TCID,0.75,600,8400.0,0.9699248120300752,495.17361085116863,22.0,18,2,2,18,2,2,3,0,0
8,50,Q-TCID,0.75,600,16200.0,0.9752066115702479,642.5445896089077,20.0,15,3,2,15,3,2,4,0,0
9,51,Q-TCID,0.75,600,14400.0,0.972972972972973,603.095303574577,23.0,20,0,3,20,0,3,3,0,0
10,52,Q-TCID,0.75,600,12600.0,0.9725036179450073,572.7664392422885,22.0,17,2,3,17,2,3,3,0,0
11,53,Q-TCID,0.75,600,14400.0,0.9785100286532952,617.6167559083551,19.0,14,1,4,14,1,4,4,0,0
12,54,Q-TCID,0.75,600,10200.0,0.9666666666666667,503.8983526490629,24.0,18,3,3,18,3,3,3,0,0
13,55,Q-TCID,0.75,600,9600.0,0.9810606060606061,563.2899056393653,17.0,13,2,2,13,2,2,3,0,0
14,56,Q-TCID,0.75,600,10800.0,0.974124809741248,596.9424811322242,22.0,15,2,5,15,2,5,5,0,0
15,57,Q-TCID,0.75,600,13800.0,0.961764705882353,562.3402738813311,26.0,20,6,0,20,6,0,2,0,0
16,58,Q-TCID,0.75,600,16200.0,0.985539488320356,732.6211188416928,15.0,11,2,2,11,2,2,3,0,0
17,59,Q-TCID,0.75,600,15000.0,0.9705882352941176,664.7817999832332,26.0,21,0,5,21,0,5,5,0,0
18,60,Q-TCID,0.75,600,16200.0,0.9911111111111112,699.9577430989593,9.0,8,0,1,8,0,1,1,0,0
19,61,Q-TCID,0.75,600,11400.0,0.9692780337941628,501.70232920348644,22.0,19,1,2,19,1,2,2,0,0
20,62,Q-TCID,0.75,600,12000.0,0.9774834437086093,606.9531826041639,20.0,15,2,3,15,2,3,3,0,0
21,63,Q-TCID,0.75,600,13800.0,0.9764089121887287,748.2900428846478,22.0,15,3,4,15,3,4,5,0,0
22,64,Q-TCID,0.75,600,11400.0,0.964527027027027,529.577978162095,22.0,16,5,1,16,5,1,3,0,0
23,65,Q-TCID,0.75,600,9600.0,0.9691358024691358,518.6572129167616,21.0,18,2,1,18,2,1,2,0,0
24,66,Q-TCID,0.75,600,10200.0,0.978386167146974,479.8410147279501,15.0,14,1,0,14,1,0,0,0,0
25,67,Q-TCID,0.75,600,14400.0,0.9523809523809523,481.77984623610973,33.0,28,4,1,28,4,1,1,0,0
26,68,Q-TCID,0.75,600,10200.0,0.972972972972973,506.8659518957138,20.0,17,3,0,17,3,0,2,0,0
27,69,Q-TCID,0.75,600,13800.0,0.9766839378238342,532.8225533347577,20.0,16,2,2,16,2,2,2,0,0
28,70,Q-TCID,0.75,600,11400.0,0.9598765432098766,457.8807802796364,27.0,25,1,1,25,1,1,1,0,0
29,71,Q-TCID,0.75,600,13800.0,0.9685792349726776,601.037768099457,26.0,19,4,3,19,4,3,3,0,0
30,72,Q-TCID,0.75,600,12000.0,0.971830985915493,570.0560319274664,21.0,18,2,1,18,2,1,2,0,0
31,73,Q-TCID,0.75,600,14400.0,0.9666182873730044,600.1079203356057,24.0,18,5,1,18,5,1,2,0,0
32,74,Q-TCID,0.75,600,16200.0,0.9822784810126582,676.7313329651952,16.0,11,3,2,11,3,2,4,0,0
33,75,Q-TCID,0.75,600,9600.0,0.970193740685544,557.4931951016188,24.0,18,2,4,18,2,4,4,0,0
34,76,Q-TCID,0.75,600,16200.0,0.9822109275730623,693.686216685921,18.0,13,1,4,13,1,4,4,0,0
35,77,Q-TCID,0.75,600,9000.0,0.9421157684630739,445.3970794342458,31.0,28,1,2,28,1,2,2,0,0
36,78,Q-TCID,0.75,600,11400.0,0.978523489932886,579.0577496532351,18.0,14,2,2,14,2,2,2,0,0
37,79,Q-TCID,0.75,600,13200.0,0.977088948787062,664.3861200846732,21.0,15,2,4,15,2,4,4,0,0
38,80,Q-TCID,0.75,600,7800.0,0.9683377308707124,595.0630016028881,27.0,18,6,3,18,6,3,6,0,0
39,81,Q-TCID,0.75,600,9600.0,0.9732394366197183,534.6031128894538,21.0,19,0,2,19,0,2,2,0,0
40,82,Q-TCID,0.75,600,12000.0,0.978891820580475,539.3512716852129,16.0,15,1,0,15,1,0,1,0,0
41,83,Q-TCID,0.75,600,11400.0,0.9760900140646976,524.7308993823826,19.0,13,4,2,13,4,2,3,0,0
42,84,Q-TCID,0.75,600,14400.0,0.9629057187017002,576.6441022567451,29.0,22,2,5,22,2,5,5,0,0
43,85,Q-TCID,0.75,600,11400.0,0.9711191335740073,547.9968775045127,26.0,20,4,2,20,4,2,2,0,0
44,86,Q-TCID,0.75,600,10200.0,0.9769647696476965,506.3515680283308,19.0,14,3,2,14,3,2,2,0,0
45,87,Q-TCID,0.75,600,9000.0,0.9609756097560975,482.3140141032636,27.0,23,1,3,23,1,3,3,0,0
46,88,Q-TCID,0.75,600,13800.0,0.9670184696569921,549.4806771334261,25.0,25,0,0,25,0,0,0,0,0
47,89,Q-TCID,0.75,600,9000.0,0.9569707401032702,534.3459209538996,28.0,23,2,3,23,2,3,4,0,0
48,90,Q-TCID,0.75,600,10200.0,0.9701280227596017,515.0763098243624,23.0,18,3,2,18,3,2,2,0,0
49,91,Q-TCID,0.75,600,15000.0,0.973463687150838,528.549210421741,19.0,18,1,0,18,1,0,1,0,0
50,92,Q-TCID,0.75,600,9000.0,0.9717444717444718,543.6246146075428,25.0,17,6,2,17,6,2,2,0,0
51,93,Q-TCID,0.75,600,12000.0,0.9682080924855492,692.0441450923681,27.0,17,5,5,17,5,5,7,0,0
52,94,Q-TCID,0.75,600,11400.0,0.9806201550387597,611.8398293685168,18.0,14,1,3,14,1,3,3,0,0
53,95,Q-TCID,0.75,600,9600.0,0.9636650868878357,555.3169556502253,27.0,18,5,4,18,5,4,5,0,0
54,96,Q-TCID,0.75,600,16200.0,0.9784172661870504,675.3860213104635,18.0,18,0,0,18,0,0,0,0,0
55,97,Q-TCID,0.75,600,12600.0,0.9717261904761905,474.18279216066003,19.0,18,1,0,18,1,0,0,0,0
56,98,Q-TCID,0.75,600,11400.0,0.9699842022116903,608.4963342100382,24.0,17,2,5,17,2,5,5,0,0
57,99,Q-TCID,0.75,600,10800.0,0.9647577092511013,544.8710062913597,25.0,19,5,1,19,5,1,2,0,0
58,100,Q-TCID,0.75,600,12600.0,0.9733333333333334,598.0701688509434,21.0,16,4,1,16,4,1,2,0,0
59,101,Q-TCID,0.75,600,15000.0,0.9726858877086495,670.895054448396,20.0,15,3,2,15,3,2,3,0,0
60,102,Q-TCID,0.75,600,11400.0,0.9724310776942355,607.8830303624272,25.0,20,2,3,20,2,3,4,0,0
61,103,Q-TCID,0.75,600,15600.0,0.9679218967921897,635.165159471333,24.0,23,0,1,23,0,1,1,0,0
62,104,Q-TCID,0.75,600,11400.0,0.9711399711399712,563.1514176726341,23.0,19,1,3,19,1,3,4,0,0
63,105,Q-TCID,0.75,600,8400.0,0.9678362573099415,457.0102844964713,24.0,18,4,2,18,4,2,2,0,0
64,106,Q-TCID,0.75,600,15000.0,0.9755434782608695,662.8429684750736,21.0,17,1,3,17,1,3,4,0,0
65,107,Q-TCID,0.75,600,14400.0,0.981029810298103,602.5809197053313,17.0,12,2,3,12,2,3,3,0,0
66,108,Q-TCID,0.75,600,9000.0,0.9673405909797823,514.8389018811285,24.0,19,2,3,19,2,3,4,0,0
67,109,Q-TCID,0.75,600,7800.0,0.9652892561983472,429.09506755694747,22.0,19,2,1,19,2,1,1,0,0
68,110,Q-TCID,0.75,600,12000.0,0.9664634146341463,614.4117487184703,25.0,19,3,3,19,3,3,5,0,0
69,111,Q-TCID,0.75,600,13200.0,0.9671150971599403,559.5111625920981,23.0,20,2,1,20,2,1,2,0,0
70,112,Q-TCID,0.75,600,11400.0,0.9639769452449568,451.98514976911247,25.0,23,2,0,23,2,0,1,0,0
71,113,Q-TCID,0.75,600,12000.0,0.9749670619235836,676.3554370608181,24.0,16,3,5,16,3,5,5,0,0
72,114,Q-TCID,0.75,600,10800.0,0.9762569832402235,622.2462107390165,19.0,15,2,2,15,2,2,4,0,0
73,115,Q-TCID,0.75,600,10800.0,0.9589490968801314,523.8208356108516,28.0,23,2,3,23,2,3,4,0,0
74,116,Q-TCID,0.75,600,15000.0,0.9684499314128944,557.2162191718817,24.0,21,2,1,21,2,1,2,0,0
75,117,Q-TCID,0.75,600,9600.0,0.9746646795827124,506.8461679033935,19.0,16,1,2,16,1,2,2,0,0
76,118,Q-TCID,0.75,600,12000.0,0.966275659824047,603.3722795043141,25.0,18,5,2,18,5,2,5,0,0
77,119,Q-TCID,0.75,600,14400.0,0.9736456808199122,537.7883360851556,19.0,18,0,1,18,0,1,1,0,0
78,120,Q-TCID,0.75,600,11400.0,0.9732770745428974,517.1338453050703,20.0,17,2,1,17,2,1,2,0,0
79,121,Q-TCID,0.75,600,9600.0,0.9501661129568106,511.89108662493527,34.0,23,7,4,23,7,4,5,0,0
0,42,TA-QTCID,0.75,600,12000.0,0.9823129251700681,566.4355608485639,13.0,13,0,0,13,0,0,0,0,735
1,43,TA-QTCID,0.75,600,13200.0,0.9897567221510883,615.005268573761,8.0,8,0,0,8,0,0,0,0,781
2,44,TA-QTCID,0.75,600,9000.0,0.9664,445.9114633053541,21.0,21,0,0,21,0,0,0,0,625
3,45,TA-QTCID,0.75,600,10200.0,0.967948717948718,506.17351207509637,20.0,19,1,0,19,1,0,1,0,624
4,46,TA-QTCID,0.75,600,8400.0,0.9634146341463414,440.1345367617905,22.0,20,1,1,20,1,1,1,1,573
5,47,TA-QTCID,0.75,600,9600.0,0.9758522727272727,483.18450988456607,17.0,17,0,0,17,0,0,0,0,704
6,48,TA-QTCID,0.75,600,13200.0,0.974496644295302,604.4603992383927,19.0,19,0,0,19,0,0,0,0,745
7,49,TA-QTCID,0.75,600,12000.0,0.9700598802395209,549.2037012018263,20.0,20,0,0,20,0,0,0,0,668
8,50,TA-QTCID,0.75,600,10200.0,0.9757942511346445,541.0131272673607,18.0,16,0,2,16,0,2,2,2,659
9,51,TA-QTCID,0.75,600,11400.0,0.9803646563814866,544.3368384353817,14.0,14,0,0,14,0,0,0,0,713
10,52,TA-QTCID,0.75,600,10200.0,0.9712,510.2885830421001,18.0,17,1,0,17,1,0,1,0,625
11,53,TA-QTCID,0.75,600,9000.0,0.9709677419354839,470.97778497077525,18.0,17,1,0,17,1,0,1,0,620
12,54,TA-QTCID,0.75,600,9000.0,0.9691629955947136,485.3805333301425,22.0,19,2,1,19,2,1,1,1,680
13,55,TA-QTCID,0.75,600,10800.0,0.9916167664670659,553.1011482160538,7.0,7,0,0,7,0,0,0,0,835
14,56,TA-QTCID,0.75,600,7800.0,0.9686411149825784,397.34175558015704,18.0,17,1,0,17,1,0,0,0,574
15,57,TA-QTCID,0.75,600,13200.0,0.9692982456140351,588.77169120498,21.0,21,0,0,21,0,0,0,0,684
16,58,TA-QTCID,0.75,600,10800.0,0.9700996677740864,499.3480338063091,18.0,18,0,0,18,0,0,0,0,602
17,59,TA-QTCID,0.75,600,9600.0,0.9683734939759037,473.6684082914144,21.0,21,0,0,21,0,0,0,0,664
18,60,TA-QTCID,0.75,600,7200.0,0.9720998531571219,431.17238702625036,20.0,18,1,1,18,1,1,1,1,680
19,61,TA-QTCID,0.75,600,13200.0,0.9761904761904762,595.458681512624,17.0,17,0,0,17,0,0,0,0,714
20,62,TA-QTCID,0.75,600,12000.0,0.9772423025435074,568.2359043955803,17.0,16,1,0,16,1,0,0,0,747
21,63,TA-QTCID,0.75,600,10200.0,0.9853723404255319,517.6284451838583,11.0,11,0,0,11,0,0,0,0,752
22,64,TA-QTCID,0.75,600,13200.0,0.9796178343949045,614.7480766400695,16.0,16,0,0,16,0,0,0,0,785
23,65,TA-QTCID,0.75,600,12000.0,0.9774834437086093,599.4748324993998,18.0,17,0,1,17,0,1,1,1,754
24,66,TA-QTCID,0.75,600,11400.0,0.9701704545454546,537.1354642491788,21.0,21,0,0,21,0,0,0,0,704
25,67,TA-QTCID,0.75,600,8400.0,0.9830028328611898,448.7603585831821,12.0,11,1,0,11,1,0,0,0,706
26,68,TA-QTCID,0.75,600,15600.0,0.9862542955326461,709.5727646742016,12.0,11,1,0,11,1,0,0,0,873
27,69,TA-QTCID,0.75,600,9000.0,0.974960876369327,450.54091813601553,16.0,16,0,0,16,0,0,0,0,639
28,70,TA-QTCID,0.75,600,10200.0,0.9808259587020649,523.9197555948049,14.0,13,0,1,13,0,1,1,1,677
29,71,TA-QTCID,0.75,600,14400.0,0.978021978021978,642.7424295693636,16.0,16,0,0,16,0,0,0,0,728
30,72,TA-QTCID,0.75,600,10200.0,0.9835841313269493,536.5221604052931,13.0,12,0,1,12,0,1,1,1,730
31,73,TA-QTCID,0.75,600,12600.0,0.9772382397572079,591.2249065823853,16.0,14,1,1,14,1,1,1,1,658
32,74,TA-QTCID,0.75,600,7200.0,0.9701986754966887,386.81667023710907,18.0,18,0,0,18,0,0,0,0,604
33,75,TA-QTCID,0.75,600,12000.0,0.9817739975698664,586.4965317770839,15.0,15,0,0,15,0,0,0,0,823
34,76,TA-QTCID,0.75,600,14400.0,0.9853137516688919,643.5140053667128,11.0,11,0,0,11,0,0,0,0,749
35,77,TA-QTCID,0.75,600,10800.0,0.9808541973490427,540.6174473706633,14.0,13,0,1,13,0,1,1,1,678
36,78,TA-QTCID,0.75,600,11400.0,0.9691358024691358,530.1912820097059,20.0,19,1,0,19,1,0,0,0,648
37,79,TA-QTCID,0.75,600,10200.0,0.9880382775119617,537.9466080460697,10.0,10,0,0,10,0,0,0,0,836
38,80,TA-QTCID,0.75,600,7200.0,0.9666160849772383,400.44784279353917,22.0,22,0,0,22,0,0,0,0,659
39,81,TA-QTCID,0.75,600,10200.0,0.9757942511346445,494.22397909872234,16.0,15,1,0,15,1,0,0,0,661
40,82,TA-QTCID,0.75,600,9000.0,0.9661016949152542,451.0553020015359,22.0,21,1,0,21,1,0,0,0,649
41,83,TA-QTCID,0.75,600,12600.0,0.98,586.7339397203177,15.0,14,1,0,14,1,0,0,0,750
42,84,TA-QTCID,0.75,600,10800.0,0.9786259541984733,510.4072870053351,14.0,14,0,0,14,0,0,0,0,655
43,85,TA-QTCID,0.75,600,12000.0,0.9824304538799414,578.3850938268006,13.0,12,0,1,12,0,1,1,1,682
44,86,TA-QTCID,0.75,600,13800.0,0.9870588235294118,646.6200925819576,11.0,11,0,0,11,0,0,0,0,850
45,87,TA-QTCID,0.75,600,10800.0,0.9807938540332907,540.2415514644235,15.0,14,1,0,14,1,0,0,0,781
46,88,TA-QTCID,0.75,600,9600.0,0.972936400541272,491.9290356747806,20.0,20,0,0,20,0,0,0,0,739
47,89,TA-QTCID,0.75,600,13200.0,0.9769585253456221,628.3594651967287,16.0,14,1,1,14,1,1,2,1,650
48,90,TA-QTCID,0.75,600,12000.0,0.9793548387096774,627.3702654466033,18.0,14,2,2,14,2,2,2,2,773
49,91,TA-QTCID,0.75,600,12000.0,0.9850187265917603,629.4278009254485,14.0,12,0,2,12,0,2,2,2,799
50,92,TA-QTCID,0.75,600,12000.0,0.9788359788359788,574.408510832116,16.0,16,0,0,16,0,0,0,0,756
51,93,TA-QTCID,0.75,600,9600.0,0.9762282091917591,469.2961453963071,15.0,14,1,0,14,1,0,0,0,631
52,94,TA-QTCID,0.75,600,7800.0,0.9714285714285714,487.8535327035934,21.0,16,5,0,16,5,0,2,0,735
53,95,TA-QTCID,0.75,600,7800.0,0.9602763385146805,400.9424426704645,23.0,22,1,0,22,1,0,0,0,579
54,96,TA-QTCID,0.75,600,10800.0,0.9718706047819972,520.9521563388407,20.0,18,2,0,18,2,0,0,0,711
55,97,TA-QTCID,0.75,600,15000.0,0.9884125144843569,687.9884261284024,10.0,10,0,0,10,0,0,0,0,863
56,98,TA-QTCID,0.75,600,9600.0,0.9832635983263598,487.2995808441192,12.0,12,0,0,12,0,0,0,0,717
57,99,TA-QTCID,0.75,600,9600.0,0.9761904761904762,532.6840653736144,19.0,18,1,0,18,1,0,1,0,798
58,100,TA-QTCID,0.75,600,8400.0,0.9780380673499268,442.07336826995015,15.0,15,0,0,15,0,0,0,0,683
59,101,TA-QTCID,0.75,600,10200.0,0.9834815756035579,525.3442032337189,13.0,13,0,0,13,0,0,0,0,787
60,102,TA-QTCID,0.75,600,10200.0,0.9794608472400513,545.781070061028,16.0,15,1,0,15,1,0,1,0,779
61,103,TA-QTCID,0.75,600,11400.0,0.9791395045632334,553.3385561518371,16.0,15,1,0,15,1,0,0,0,767
62,104,TA-QTCID,0.75,600,13800.0,0.9858064516129033,628.6166571322829,11.0,11,0,0,11,0,0,0,0,775
63,105,TA-QTCID,0.75,600,9000.0,0.9730586370839936,472.26374464668334,18.0,17,0,1,17,0,1,1,1,630
64,106,TA-QTCID,0.75,600,12600.0,0.9880810488676997,606.794910646975,10.0,10,0,0,10,0,0,0,0,839
65,107,TA-QTCID,0.75,600,12600.0,0.9802110817941952,587.5055155195296,15.0,14,1,0,14,1,0,0,0,758
66,108,TA-QTCID,0.75,600,9600.0,0.9748822605965463,466.7242260463536,16.0,16,0,0,16,0,0,0,0,637
67,109,TA-QTCID,0.75,600,10800.0,0.9747774480712166,511.17886280454695,17.0,17,0,0,17,0,0,0,0,674
68,110,TA-QTCID,0.75,600,7200.0,0.9583333333333334,374.98584123142064,23.0,22,1,0,22,1,0,0,0,552
69,111,TA-QTCID,0.75,600,10800.0,0.9720176730486009,512.7220144197345,19.0,19,0,0,19,0,0,0,0,679
70,112,TA-QTCID,0.75,600,11400.0,0.9875424688561721,613.3829809837043,12.0,11,0,1,11,0,1,1,1,882
71,113,TA-QTCID,0.75,600,11400.0,0.987012987012987,561.944593982771,10.0,9,0,1,9,0,1,1,1,692
72,114,TA-QTCID,0.75,600,8400.0,0.9666080843585237,416.09698284231126,19.0,19,0,0,19,0,0,0,0,569
73,115,TA-QTCID,0.75,600,10200.0,0.9626485568760611,475.7061597779393,22.0,22,0,0,22,0,0,0,0,589
74,116,TA-QTCID,0.75,600,12600.0,0.9746987951807229,606.0233348421752,21.0,21,0,0,21,0,0,0,0,830
75,117,TA-QTCID,0.75,600,8400.0,0.9512635379061372,485.6377252601087,29.0,25,2,2,25,2,2,3,2,552
76,118,TA-QTCID,0.75,600,8400.0,0.9559082892416225,463.65770682133734,26.0,23,2,1,23,2,1,2,1,566
77,119,TA-QTCID,0.75,600,9000.0,0.9705014749262537,459.0282519906759,20.0,20,0,0,20,0,0,0,0,678
78,120,TA-QTCID,0.75,600,9600.0,0.975397973950796,535.1174967642874,19.0,17,0,2,17,0,2,2,2,689
79,121,TA-QTCID,0.75,600,10800.0,0.986648865153538,530.7254498712718,10.0,10,0,0,10,0,0,0,0,749
0,42,Q-TCID,0.75,1000,13000.0,0.9444444444444444,413.6833354458213,30.0,21,6,3,21,6,3,3,0,0
1,43,Q-TCID,0.75,1000,8000.0,0.9318181818181818,370.27725041657686,30.0,21,6,3,21,6,3,5,0,0
2,44,Q-TCID,0.75,1000,9000.0,0.8877005347593583,415.26605504378676,46.0,31,11,4,31,11,4,7,0,0
3,45,Q-TCID,0.75,1000,10000.0,0.9193954659949622,405.9873613938689,35.0,25,7,3,25,7,3,5,0,0
4,46,Q-TCID,0.75,1000,9000.0,0.9124668435013262,365.39060365222394,35.0,26,7,2,26,7,2,5,0,0
5,47,Q-TCID,0.75,1000,11000.0,0.9234449760765551,368.3384189065546,35.0,25,7,3,25,7,3,4,0,0
6,48,Q-TCID,0.75,1000,11000.0,0.9328165374677002,385.68898252025247,30.0,23,3,4,23,3,4,5,0,0
7,49,Q-TCID,0.75,1000,8000.0,0.9039408866995073,372.8491697665304,42.0,30,9,3,30,9,3,5,0,0
8,50,Q-TCID,0.75,1000,7000.0,0.9204819277108434,324.51686998456717,34.0,23,10,1,23,10,1,3,0,0
9,51,Q-TCID,0.75,1000,9000.0,0.9079601990049752,440.19388874433935,43.0,30,7,6,30,7,6,7,0,0
10,52,Q-TCID,0.75,1000,8000.0,0.9102244389027432,465.2602104097605,43.0,26,10,7,26,10,7,8,0,0
11,53,Q-TCID,0.75,1000,15000.0,0.9261744966442953,479.62339077703655,36.0,25,8,3,25,8,3,6,0,0
12,54,Q-TCID,0.75,1000,14000.0,0.9282296650717703,446.84131106361747,34.0,24,6,4,24,6,4,5,0,0
13,55,Q-TCID,0.75,1000,10000.0,0.948936170212766,475.4093998428434,29.0,18,6,5,18,6,5,7,0,0
14,56,Q-TCID,0.75,1000,13000.0,0.9376443418013857,577.3167580850422,36.0,23,4,9,23,4,9,10,0,0
15,57,Q-TCID,0.75,1000,10000.0,0.947136563876652,319.3532472886145,25.0,21,3,1,21,3,1,1,0,0
16,58,Q-TCID,0.75,1000,10000.0,0.9585152838427947,429.2731235027313,25.0,16,3,6,16,3,6,6,0,0
17,59,Q-TCID,0.75,1000,8000.0,0.9193154034229829,391.3472050912678,38.0,24,9,5,24,9,5,5,0,0
18,60,Q-TCID,0.75,1000,12000.0,0.9453302961275627,401.59531450271606,27.0,21,3,3,21,3,3,3,0,0
19,61,Q-TCID,0.75,1000,11000.0,0.9356321839080459,441.0841685216874,33.0,22,6,5,22,6,5,6,0,0
20,62,Q-TCID,0.75,1000,6000.0,0.9066666666666666,448.44381465762854,41.0,28,7,6,28,7,6,9,0,0
21,63,Q-TCID,0.75,1000,6000.0,0.9277389277389277,361.0381247512996,35.0,24,7,4,24,7,4,5,0,0
22,64,Q-TCID,0.75,1000,13000.0,0.9174757281553398,376.924672735855,36.0,28,6,2,28,6,2,3,0,0
23,65,Q-TCID,0.75,1000,9000.0,0.9472527472527472,453.8250612989068,30.0,23,1,6,23,1,6,7,0,0
24,66,Q-TCID,0.75,1000,7000.0,0.9297820823244553,374.64951331168413,32.0,23,6,3,23,6,3,5,0,0
25,67,Q-TCID,0.75,1000,14000.0,0.8997289972899729,348.1389600113034,40.0,34,3,3,34,3,3,3,0,0
26,68,Q-TCID,0.75,1000,13000.0,0.9222462203023758,534.3854889366776,42.0,27,9,6,27,9,6,8,0,0
27,69,Q-TCID,0.75,1000,13000.0,0.9459459459459459,463.04440297186375,31.0,21,5,5,21,5,5,5,0,0
28,70,Q-TCID,0.75,1000,10000.0,0.9350961538461539,410.87400815822184,31.0,24,3,4,24,3,4,5,0,0
29,71,Q-TCID,0.75,1000,14000.0,0.9459459459459459,428.20478777587414,27.0,20,4,3,20,4,3,4,0,0
30,72,Q-TCID,0.75,1000,10000.0,0.9212410501193318,411.64558395929635,36.0,19,14,3,19,14,3,5,0,0
31,73,Q-TCID,0.75,1000,10000.0,0.9093406593406593,455.7441088128835,40.0,27,6,7,27,6,7,8,0,0
32,74,Q-TCID,0.75,1000,13000.0,0.9164619164619164,527.5797946546227,39.0,26,8,5,26,8,5,9,0,0
33,75,Q-TCID,0.75,1000,12000.0,0.9285714285714286,437.22628949582577,36.0,28,2,6,28,2,6,6,0,0
34,76,Q-TCID,0.75,1000,11000.0,0.9331797235023042,552.2504364233464,36.0,23,6,7,23,6,7,9,0,0
35,77,Q-TCID,0.75,1000,7000.0,0.8840125391849529,365.66757957823575,42.0,31,6,5,31,6,5,7,0,0
36,78,Q-TCID,0.75,1000,12000.0,0.9449760765550239,530.408905941993,32.0,20,3,9,20,3,9,9,0,0
37,79,Q-TCID,0.75,1000,10000.0,0.9418886198547215,402.5053782686591,27.0,22,2,3,22,2,3,4,0,0
38,80,Q-TCID,0.75,1000,15000.0,0.9352678571428571,454.55706911347806,33.0,24,5,4,24,5,4,5,0,0
39,81,Q-TCID,0.75,1000,11000.0,0.9402298850574713,296.7401410061866,27.0,22,4,1,22,4,1,1,0,0
40,82,Q-TCID,0.75,1000,11000.0,0.9292929292929293,370.2772504147142,32.0,23,5,4,23,5,4,5,0,0
41,83,Q-TCID,0.75,1000,8000.0,0.9241379310344827,304.3371950816363,33.0,23,10,0,23,10,0,2,0,0
42,84,Q-TCID,0.75,1000,11000.0,0.9312638580931264,386.9551582019776,32.0,26,5,1,26,5,1,3,0,0
43,85,Q-TCID,0.75,1000,10000.0,0.9454926624737946,469.6126893106848,31.0,22,4,5,22,4,5,6,0,0
44,86,Q-TCID,0.75,1000,6000.0,0.9337899543378996,439.3233929630369,35.0,23,6,6,23,6,6,8,0,0
45,87,Q-TCID,0.75,1000,14000.0,0.9027777777777778,411.66536795534194,41.0,28,7,6,28,7,6,7,0,0
46,88,Q-TCID,0.75,1000,13000.0,0.9414225941422594,528.1139625236392,32.0,21,7,4,21,7,4,9,0,0
47,89,Q-TCID,0.75,1000,7000.0,0.9034090909090909,384.2843188755214,39.0,28,6,5,28,6,5,6,0,0
48,90,Q-TCID,0.75,1000,16000.0,0.9427312775330396,456.10022072680295,31.0,24,2,5,24,2,5,5,0,0
49,91,Q-TCID,0.75,1000,14000.0,0.9548133595284872,404.4046417940408,24.0,19,4,1,19,4,1,1,0,0
50,92,Q-TCID,0.75,1000,11000.0,0.9264705882352942,441.7370403520763,34.0,21,9,4,21,9,4,7,0,0
51,93,Q-TCID,0.75,1000,14000.0,0.9483870967741935,443.735223852098,25.0,18,6,1,18,6,1,3,0,0
52,94,Q-TCID,0.75,1000,14000.0,0.9239904988123515,427.35407598875463,35.0,21,11,3,21,11,3,7,0,0
53,95,Q-TCID,0.75,1000,7000.0,0.8947368421052632,424.40626073256135,45.0,33,7,5,33,7,5,8,0,0
54,96,Q-TCID,0.75,1000,11000.0,0.9432098765432099,289.0243829526007,24.0,21,2,1,21,2,1,1,0,0
55,97,Q-TCID,0.75,1000,9000.0,0.9076923076923077,335.81353112868965,39.0,27,9,3,27,9,3,3,0,0
56,98,Q-TCID,0.75,1000,10000.0,0.9046321525885559,456.51568461954594,40.0,27,8,5,27,8,5,8,0,0
57,99,Q-TCID,0.75,1000,9000.0,0.897172236503856,505.2238803077489,47.0,28,12,7,28,12,7,9,0,0
58,100,Q-TCID,0.75,1000,11000.0,0.9334811529933481,445.19923947937787,33.0,24,6,3,24,6,3,6,0,0
59,101,Q-TCID,0.75,1000,13000.0,0.9255583126550868,569.6010000351816,36.0,21,9,6,21,9,6,10,0,0
60,102,Q-TCID,0.75,1000,11000.0,0.9533898305084746,367.0326752383262,24.0,17,5,2,17,5,2,2,0,0
61,103,Q-TCID,0.75,1000,9000.0,0.8982188295165394,336.5851069316268,43.0,31,9,3,31,9,3,3,0,0
62,104,Q-TCID,0.75,1000,9000.0,0.9242424242424242,489.297764332965,37.0,27,3,7,27,3,7,9,0,0
63,105,Q-TCID,0.75,1000,9000.0,0.9232505643340858,392.4946768004447,35.0,25,9,1,25,9,1,4,0,0
64,106,Q-TCID,0.75,1000,11000.0,0.9311926605504587,459.06781997717917,35.0,25,5,5,25,5,5,6,0,0
65,107,Q-TCID,0.75,1000,11000.0,0.9295154185022027,623.2354104779661,42.0,21,11,10,21,11,10,13,0,0
66,108,Q-TCID,0.75,1000,13000.0,0.9271070615034168,393.9982604198158,34.0,24,8,2,24,8,2,2,0,0
67,109,Q-TCID,0.75,1000,9000.0,0.9142857142857143,486.46865304373205,39.0,26,7,6,26,7,6,9,0,0
68,110,Q-TCID,0.75,1000,10000.0,0.8959537572254336,400.46762678585947,41.0,24,12,5,24,12,5,6,0,0
69,111,Q-TCID,0.75,1000,5000.0,0.8610271903323263,419.40090999752283,52.0,34,12,6,34,12,6,9,0,0
70,112,Q-TCID,0.75,1000,10000.0,0.9494736842105264,357.67484560236335,27.0,17,7,3,17,7,3,3,0,0
71,113,Q-TCID,0.75,1000,9000.0,0.918854415274463,469.8896652366966,40.0,28,6,6,28,6,6,8,0,0
72,114,Q-TCID,0.75,1000,13000.0,0.9297423887587822,525.12657927908,34.0,26,4,4,26,4,4,8,0,0
73,115,Q-TCID,0.75,1000,12000.0,0.9300225733634312,392.49467680230737,34.0,26,5,3,26,5,3,4,0,0
74,116,Q-TCID,0.75,1000,6000.0,0.9142156862745098,279.6665533166379,37.0,31,4,2,31,4,2,2,0,0
75,117,Q-TCID,0.75,1000,17000.0,0.9477124183006536,551.0831807199866,30.0,21,3,6,21,3,6,8,0,0
76,118,Q-TCID,0.75,1000,14000.0,0.8728323699421965,400.4676267839968,48.0,29,15,4,29,15,4,6,0,0
77,119,Q-TCID,0.75,1000,10000.0,0.9284009546539379,360.9985567647964,33.0,26,4,3,26,4,3,3,0,0
78,120,Q-TCID,0.75,1000,7000.0,0.9010416666666666,468.48500159196556,45.0,30,8,7,30,8,7,9,0,0
79,121,Q-TCID,0.75,1000,9000.0,0.917312661498708,461.65952332131565,39.0,25,7,7,25,7,7,8,0,0
0,42,TA-QTCID,0.75,1000,11000.0,0.9508928571428571,329.22546079568565,22.0,21,1,0,21,1,0,0,0,448
1,43,TA-QTCID,0.75,1000,13000.0,0.9622641509433962,373.4229056276381,18.0,18,0,0,18,0,0,0,0,477
2,44,TA-QTCID,0.75,1000,7000.0,0.941952506596306,239.80180339328945,22.0,22,0,0,22,0,0,0,0,379
3,45,TA-QTCID,0.75,1000,12000.0,0.9384615384615385,334.86389937251806,24.0,24,0,0,24,0,0,0,0,390
4,46,TA-QTCID,0.75,1000,7000.0,0.9279778393351801,236.2011163085699,26.0,23,3,0,23,3,0,0,0,361
5,47,TA-QTCID,0.75,1000,8000.0,0.95662100456621,323.8639981467277,21.0,19,0,2,19,0,2,2,2,436
6,48,TA-QTCID,0.75,1000,9000.0,0.9560723514211886,279.3697933945805,17.0,16,1,0,16,1,0,0,0,387
7,49,TA-QTCID,0.75,1000,10000.0,0.95,310.98461740650237,22.0,19,3,0,19,3,0,0,0,440
8,50,TA-QTCID,0.75,1000,10000.0,0.9606879606879607,302.4972835537046,16.0,16,0,0,16,0,0,0,0,407
9,51,TA-QTCID,0.75,1000,7000.0,0.9371859296482412,295.33547736145556,27.0,25,0,2,25,0,2,2,2,396
10,52,TA-QTCID,0.75,1000,9000.0,0.937007874015748,326.9305173717439,26.0,24,0,2,24,0,2,2,2,379
11,53,TA-QTCID,0.75,1000,11000.0,0.9387755102040817,392.3364048432559,25.0,21,3,1,21,3,1,3,1,391
12,54,TA-QTCID,0.75,1000,10000.0,0.9573560767590619,316.64283997379243,20.0,19,1,0,19,1,0,0,0,469
13,55,TA-QTCID,0.75,1000,14000.0,0.9761029411764706,434.9906980674714,14.0,13,0,1,13,0,1,1,1,543
14,56,TA-QTCID,0.75,1000,9000.0,0.9370277078085643,280.6557530723512,25.0,23,2,0,23,2,0,0,0,397
15,57,TA-QTCID,0.75,1000,12000.0,0.9329004329004329,376.13331294059753,32.0,29,2,1,29,2,1,1,1,461
16,58,TA-QTCID,0.75,1000,15000.0,0.9541062801932367,447.1776389852166,21.0,19,0,2,19,0,2,2,2,412
17,59,TA-QTCID,0.75,1000,12000.0,0.9563106796116505,364.3024839311838,19.0,17,1,1,17,1,1,1,1,411
18,60,TA-QTCID,0.75,1000,8000.0,0.9302325581395349,260.35737419873476,27.0,26,1,0,26,1,0,0,0,387
19,61,TA-QTCID,0.75,1000,8000.0,0.9422110552763819,263.1864854861051,23.0,21,2,0,21,2,0,0,0,398
20,62,TA-QTCID,0.75,1000,10000.0,0.9574944071588367,338.10847455076873,19.0,15,4,0,15,4,0,1,0,447
21,63,TA-QTCID,0.75,1000,14000.0,0.9721669980119284,400.4082748070359,14.0,13,1,0,13,1,0,0,0,503
22,64,TA-QTCID,0.75,1000,8000.0,0.9134860050890585,261.12895000725985,34.0,33,1,0,33,1,0,0,0,393
23,65,TA-QTCID,0.75,1000,11000.0,0.9650485436893204,345.9429365694523,18.0,17,1,0,17,1,0,0,0,515
24,66,TA-QTCID,0.75,1000,9000.0,0.9472573839662447,299.9451481923461,25.0,25,0,0,25,0,0,0,0,474
25,67,TA-QTCID,0.75,1000,5000.0,0.9025069637883009,375.9552569780499,38.0,25,10,3,25,10,3,7,3,356
26,68,TA-QTCID,0.75,1000,10000.0,0.9559748427672956,344.2810809891671,22.0,21,0,1,21,0,1,1,1,476
27,69,TA-QTCID,0.75,1000,9000.0,0.9642857142857143,286.0567837059498,15.0,15,0,0,15,0,0,0,0,420
28,70,TA-QTCID,0.75,1000,8000.0,0.9328537170263789,344.04367304593325,29.0,26,2,1,26,2,1,3,1,416
29,71,TA-QTCID,0.75,1000,7000.0,0.9126984126984127,240.5733791999519,33.0,32,1,0,32,1,0,0,0,378
30,72,TA-QTCID,0.75,1000,9000.0,0.9301675977653632,271.91122728027403,25.0,25,0,0,25,0,0,0,0,358
31,73,TA-QTCID,0.75,1000,9000.0,0.9431524547803618,279.36979339644313,22.0,20,2,0,20,2,0,0,0,387
32,74,TA-QTCID,0.75,1000,10000.0,0.9608695652173913,339.9088180940598,19.0,17,1,1,17,1,1,1,1,459
33,75,TA-QTCID,0.75,1000,10000.0,0.9582366589327146,332.45025197789073,19.0,17,1,1,17,1,1,1,1,430
34,76,TA-QTCID,0.75,1000,11000.0,0.9658848614072495,361.23596470430493,17.0,16,0,1,16,0,1,1,1,468
35,77,TA-QTCID,0.75,1000,8000.0,0.9315068493150684,305.08898689225316,26.0,24,1,1,24,1,1,2,1,364
36,78,TA-QTCID,0.75,1000,7000.0,0.9464720194647201,349.32599971070886,25.0,21,1,3,21,1,3,4,3,408
37,79,TA-QTCID,0.75,1000,8000.0,0.9387755102040817,349.7018956169486,30.0,24,3,3,24,3,3,3,3,438
38,80,TA-QTCID,0.75,1000,10000.0,0.952808988764045,313.29934482462704,21.0,21,0,0,21,0,0,0,0,445
39,81,TA-QTCID,0.75,1000,9000.0,0.9473684210526315,288.6287030596286,22.0,21,1,0,21,1,0,0,0,418
40,82,TA-QTCID,0.75,1000,14000.0,0.9047619047619048,392.2968368604779,35.0,31,3,1,31,3,1,1,1,356
41,83,TA-QTCID,0.75,1000,10000.0,0.9513888888888888,332.9646358471364,22.0,20,1,1,20,1,1,1,1,431
42,84,TA-QTCID,0.75,1000,13000.0,0.9717514124293786,386.0253104381263,15.0,14,1,0,14,1,0,0,0,531
43,85,TA-QTCID,0.75,1000,11000.0,0.946987951807229,322.02408661693335,22.0,21,1,0,21,1,0,0,0,415
44,86,TA-QTCID,0.75,1000,13000.0,0.9642105263157895,396.94607567973435,18.0,16,1,1,16,1,1,1,1,474
45,87,TA-QTCID,0.75,1000,10000.0,0.9460916442048517,318.30469555594027,21.0,18,2,1,18,2,1,1,1,370
46,88,TA-QTCID,0.75,1000,7000.0,0.9379652605459057,322.2021425664425,28.0,24,1,3,24,1,3,3,3,400
47,89,TA-QTCID,0.75,1000,9000.0,0.9433106575963719,342.61922541074455,27.0,24,1,2,24,1,2,2,2,439
48,90,TA-QTCID,0.75,1000,7000.0,0.9443037974683545,320.4017990231514,25.0,20,2,3,20,2,3,3,3,392
49,91,TA-QTCID,0.75,1000,12000.0,0.9575892857142857,372.5326258447021,20.0,19,0,1,19,0,1,1,1,447
50,92,TA-QTCID,0.75,1000,8000.0,0.9733606557377049,285.8193757645786,13.0,13,0,0,13,0,0,0,0,488
51,93,TA-QTCID,0.75,1000,5000.0,0.9140401146131805,322.99350236542523,34.0,25,5,4,25,5,4,5,4,345
52,94,TA-QTCID,0.75,1000,8000.0,0.9362244897959183,260.87175806984305,25.0,25,0,0,25,0,0,0,0,392
53,95,TA-QTCID,0.75,1000,9000.0,0.9105691056910569,350.71087936498225,35.0,30,3,2,30,3,2,3,2,367
54,96,TA-QTCID,0.75,1000,9000.0,0.951063829787234,350.07779152318835,25.0,22,1,2,22,1,2,2,2,468
55,97,TA-QTCID,0.75,1000,5000.0,0.9182561307901907,276.9759299978614,32.0,28,2,2,28,2,2,3,2,365
56,98,TA-QTCID,0.75,1000,6000.0,0.948849104859335,301.3893798273057,23.0,19,1,3,19,1,3,3,3,388
57,99,TA-QTCID,0.75,1000,11000.0,0.9669603524229075,381.4156396035105,17.0,15,0,2,15,0,2,2,2,452
58,100,TA-QTCID,0.75,1000,11000.0,0.9611872146118722,327.9395011216402,17.0,17,0,0,17,0,0,0,0,438
59,101,TA-QTCID,0.75,1000,7000.0,0.9277777777777778,261.0102460347116,27.0,25,1,1,25,1,1,1,1,359
60,102,TA-QTCID,0.75,1000,8000.0,0.9404761904761905,293.91102971695364,26.0,25,0,1,25,0,1,1,1,419
61,103,TA-QTCID,0.75,1000,13000.0,0.9727463312368972,398.48922728933394,14.0,12,1,1,12,1,1,1,1,476
62,104,TA-QTCID,0.75,1000,7000.0,0.9338842975206612,236.7155001759529,24.0,23,1,0,23,1,0,0,0,363
63,105,TA-QTCID,0.75,1000,13000.0,0.9637404580152672,411.09163210727274,19.0,17,2,0,17,2,0,1,0,524
64,106,TA-QTCID,0.75,1000,11000.0,0.9519230769230769,347.6047921516001,20.0,18,2,0,18,2,0,1,0,416
65,107,TA-QTCID,0.75,1000,8000.0,0.9575371549893843,281.7043048068881,20.0,20,0,0,20,0,0,0,0,471
66,108,TA-QTCID,0.75,1000,7000.0,0.9437340153452686,242.88810661435127,22.0,22,0,0,22,0,0,0,0,391
67,109,TA-QTCID,0.75,1000,7000.0,0.9145299145299145,284.276224154979,32.0,29,1,2,29,1,2,2,2,349
68,110,TA-QTCID,0.75,1000,6000.0,0.9151515151515152,260.1199662592262,30.0,25,3,2,25,3,2,2,2,328
69,111,TA-QTCID,0.75,1000,10000.0,0.9466357308584686,307.12673838064075,23.0,20,3,0,20,3,0,0,0,431
70,112,TA-QTCID,0.75,1000,11000.0,0.9385964912280702,359.1784292254597,29.0,27,1,1,27,1,1,1,1,455
71,113,TA-QTCID,0.75,1000,12000.0,0.9578059071729957,380.248383898288,21.0,19,1,1,19,1,1,1,1,473
72,114,TA-QTCID,0.75,1000,9000.0,0.9619289340101523,279.8841772656888,15.0,15,0,0,15,0,0,0,0,394
73,115,TA-QTCID,0.75,1000,9000.0,0.9448441247002398,311.38029730319977,24.0,22,1,1,22,1,1,1,1,416
74,116,TA-QTCID,0.75,1000,10000.0,0.9583333333333334,344.28108099102974,21.0,19,1,1,19,1,1,1,1,479
75,117,TA-QTCID,0.75,1000,11000.0,0.9533333333333334,405.71038546413183,21.0,17,4,0,17,4,0,3,0,450
76,118,TA-QTCID,0.75,1000,14000.0,0.9462616822429907,403.8704739306122,24.0,23,0,1,23,0,1,1,1,427
77,119,TA-QTCID,0.75,1000,9000.0,0.9498910675381264,296.6016530431807,23.0,23,0,0,23,0,0,0,0,459
78,120,TA-QTCID,0.75,1000,8000.0,0.9433962264150944,320.520502993837,26.0,22,2,2,22,2,2,2,2,422
79,121,TA-QTCID,0.75,1000,7000.0,0.9507389162561576,272.0694992393255,21.0,19,1,1,19,1,1,1,1,405
0,42,Q-TCID,0.75,1500,6000.0,0.8518518518518519,461.95628323964775,49.0,26,14,9,26,14,9,12,0,0
1,43,Q-TCID,0.75,1500,12000.0,0.9022082018927445,425.929628347978,38.0,22,9,7,22,9,7,8,0,0
2,44,Q-TCID,0.75,1500,7500.0,0.7887931034482759,485.1035573873669,61.0,34,15,12,34,15,12,14,0,0
3,45,Q-TCID,0.75,1500,7500.0,0.8733333333333333,538.0455280058086,48.0,28,10,10,28,10,10,14,0,0
4,46,Q-TCID,0.75,1500,6000.0,0.8074074074074075,639.2208784334362,66.0,36,16,14,36,16,14,19,0,0
5,47,Q-TCID,0.75,1500,9000.0,0.8257839721254355,433.40797845460474,54.0,34,16,4,34,16,4,10,0,0
6,48,Q-TCID,0.75,1500,9000.0,0.8057553956834532,752.7018737494946,69.0,34,20,15,34,20,15,22,0,0
7,49,Q-TCID,0.75,1500,4500.0,0.8364312267657993,292.0315501894802,50.0,36,8,6,36,8,6,6,0,0
8,50,Q-TCID,0.75,1500,7500.0,0.8807947019867549,310.64828948676586,40.0,27,9,4,27,9,4,5,0,0
9,51,Q-TCID,0.75,1500,3000.0,0.8277153558052435,425.7317883949727,55.0,32,14,9,32,14,9,12,0,0
10,52,Q-TCID,0.75,1500,6000.0,0.8141263940520446,461.6990913040936,60.0,34,16,10,34,16,10,12,0,0
11,53,Q-TCID,0.75,1500,16500.0,0.8543689320388349,474.519120067358,51.0,29,16,6,29,16,6,10,0,0
12,54,Q-TCID,0.75,1500,7500.0,0.8339350180505415,709.3947086967528,64.0,32,14,18,32,14,18,21,0,0
13,55,Q-TCID,0.75,1500,12000.0,0.8543046357615894,690.5009934715927,59.0,31,13,15,31,13,15,20,0,0
14,56,Q-TCID,0.75,1500,9000.0,0.8508474576271187,714.0241635292768,61.0,27,17,17,27,17,17,21,0,0
15,57,Q-TCID,0.75,1500,4500.0,0.8351648351648352,622.2659947164357,59.0,33,12,14,33,12,14,19,0,0
16,58,Q-TCID,0.75,1500,9000.0,0.8836477987421384,492.02795563824475,46.0,24,13,9,24,13,9,12,0,0
17,59,Q-TCID,0.75,1500,9000.0,0.7949640287769785,524.7902513593435,66.0,36,21,9,36,21,9,13,0,0
18,60,Q-TCID,0.75,1500,13500.0,0.875,502.0386571083218,46.0,27,9,10,27,9,10,12,0,0
19,61,Q-TCID,0.75,1500,4500.0,0.8415094339622642,518.9144048411399,52.0,32,10,10,32,10,10,15,0,0
20,62,Q-TCID,0.75,1500,6000.0,0.856140350877193,415.16713506542146,50.0,31,10,9,31,10,9,10,0,0
21,63,Q-TCID,0.75,1500,12000.0,0.8647798742138365,264.1163332480937,46.0,27,16,3,27,16,3,3,0,0
22,64,Q-TCID,0.75,1500,6000.0,0.8741496598639455,442.8053760807961,46.0,24,13,9,24,13,9,11,0,0
23,65,Q-TCID,0.75,1500,12000.0,0.8875,408.97474463284016,41.0,29,7,5,29,7,5,8,0,0
24,66,Q-TCID,0.75,1500,9000.0,0.8430034129692833,528.6481303852051,54.0,30,16,8,30,16,8,13,0,0
25,67,Q-TCID,0.75,1500,10500.0,0.8464163822525598,409.627616468817,54.0,35,10,9,35,10,9,9,0,0
26,68,Q-TCID,0.75,1500,7500.0,0.8717105263157895,564.3978093471378,51.0,31,8,12,31,8,12,15,0,0
27,69,Q-TCID,0.75,1500,9000.0,0.8976608187134503,439.9564808011055,41.0,26,9,6,26,9,6,9,0,0
28,70,Q-TCID,0.75,1500,6000.0,0.89,292.40744609571993,38.0,29,4,5,29,4,5,5,0,0
29,71,Q-TCID,0.75,1500,10500.0,0.8076923076923077,611.32544548437,64.0,32,18,14,32,18,14,18,0,0
30,72,Q-TCID,0.75,1500,7500.0,0.8485915492957746,592.1745383255184,57.0,31,12,14,31,12,14,17,0,0
31,73,Q-TCID,0.75,1500,6000.0,0.8466898954703833,441.00503253377974,55.0,31,13,11,31,13,11,11,0,0
32,74,Q-TCID,0.75,1500,6000.0,0.8056537102473498,667.8878871873021,69.0,31,24,14,31,24,14,20,0,0
33,75,Q-TCID,0.75,1500,9000.0,0.8594249201277955,584.4389962833375,55.0,28,16,11,28,16,11,15,0,0
34,76,Q-TCID,0.75,1500,9000.0,0.825938566552901,543.8422385416925,62.0,33,18,11,33,18,11,15,0,0
35,77,Q-TCID,0.75,1500,10500.0,0.8508474576271187,394.94789217785,50.0,33,11,6,33,11,6,7,0,0
36,78,Q-TCID,0.75,1500,10500.0,0.8745874587458746,412.1995358187705,44.0,25,13,6,25,13,6,9,0,0
37,79,Q-TCID,0.75,1500,10500.0,0.8506944444444444,578.0091979075223,53.0,27,16,10,27,16,10,15,0,0
38,80,Q-TCID,0.75,1500,9000.0,0.8494208494208494,628.7947130687535,53.0,31,8,14,31,8,14,18,0,0
39,81,Q-TCID,0.75,1500,12000.0,0.8770226537216829,330.17509255185723,43.0,30,8,5,30,8,5,5,0,0
40,82,Q-TCID,0.75,1500,4500.0,0.8327272727272728,369.54524259641767,54.0,28,18,8,28,18,8,9,0,0
41,83,Q-TCID,0.75,1500,15000.0,0.8895705521472392,587.7824914362282,48.0,26,10,12,26,10,12,15,0,0
42,84,Q-TCID,0.75,1500,13500.0,0.8792569659442725,536.3638884332031,48.0,29,10,9,29,10,9,13,0,0
43,85,Q-TCID,0.75,1500,13500.0,0.8686868686868687,453.70635732635856,46.0,28,11,7,28,11,7,10,0,0
44,86,Q-TCID,0.75,1500,6000.0,0.8628158844765343,438.43311318568885,47.0,30,8,9,30,8,9,11,0,0
45,87,Q-TCID,0.75,1500,4500.0,0.8017241379310345,383.80950299091637,53.0,35,11,7,35,11,7,10,0,0
46,88,Q-TCID,0.75,1500,9000.0,0.8912386706948641,487.7743967156857,44.0,26,10,8,26,10,8,11,0,0
47,89,Q-TCID,0.75,1500,4500.0,0.8365758754863813,643.4744373559952,59.0,29,13,17,29,13,17,20,0,0
48,90,Q-TCID,0.75,1500,10500.0,0.8786885245901639,430.4403792079538,44.0,27,10,7,27,10,7,9,0,0
49,91,Q-TCID,0.75,1500,10500.0,0.8908554572271387,355.6173101235181,41.0,32,5,4,32,5,4,5,0,0
50,92,Q-TCID,0.75,1500,6000.0,0.8316831683168316,445.12010349705815,56.0,32,19,5,32,19,5,11,0,0
51,93,Q-TCID,0.75,1500,10500.0,0.8181818181818182,361.94818851724267,57.0,32,18,7,32,18,7,8,0,0
52,94,Q-TCID,0.75,1500,9000.0,0.9,416.57179871201515,38.0,23,9,6,23,9,6,9,0,0
53,95,Q-TCID,0.75,1500,10500.0,0.8461538461538461,433.1507865190506,52.0,32,12,8,32,12,8,10,0,0
54,96,Q-TCID,0.75,1500,12000.0,0.9278996865203761,408.7175527010113,31.0,21,2,8,21,2,8,8,0,0
55,97,Q-TCID,0.75,1500,10500.0,0.89,386.1044464111328,41.0,25,8,8,25,8,8,8,0,0
56,98,Q-TCID,0.75,1500,3000.0,0.7662337662337663,365.8258515354246,62.0,39,15,8,39,15,8,10,0,0
57,99,Q-TCID,0.75,1500,6000.0,0.8571428571428571,258.33940670639277,41.0,29,9,3,29,9,3,4,0,0
58,100,Q-TCID,0.75,1500,6000.0,0.8512110726643599,340.2253620084375,49.0,33,10,6,33,10,6,7,0,0
59,101,Q-TCID,0.75,1500,3000.0,0.7663934426229508,495.7869146876037,67.0,34,23,10,34,23,10,15,0,0
60,102,Q-TCID,0.75,1500,10500.0,0.9083333333333333,393.938908431679,37.0,23,10,4,23,10,4,7,0,0
61,103,Q-TCID,0.75,1500,10500.0,0.8596491228070176,382.24656738713384,45.0,30,10,5,30,10,5,8,0,0
62,104,Q-TCID,0.75,1500,7500.0,0.8160919540229885,553.3385561443865,59.0,34,14,11,34,14,11,15,0,0
63,105,Q-TCID,0.75,1500,6000.0,0.8694158075601375,467.35731387510896,46.0,30,8,8,30,8,8,12,0,0
64,106,Q-TCID,0.75,1500,10500.0,0.84,278.38059364259243,47.0,33,11,3,33,11,3,4,0,0
65,107,Q-TCID,0.75,1500,16500.0,0.8828828828828829,422.44764523021877,46.0,28,11,7,28,11,7,7,0,0
66,108,Q-TCID,0.75,1500,9000.0,0.8198529411764706,556.1676674261689,61.0,34,15,12,34,15,12,15,0,0
67,109,Q-TCID,0.75,1500,10500.0,0.8426573426573427,610.4153817147017,55.0,32,13,10,32,13,10,17,0,0
68,110,Q-TCID,0.75,1500,4500.0,0.7701612903225806,514.5421419460326,65.0,32,25,8,32,25,8,15,0,0
69,111,Q-TCID,0.75,1500,7500.0,0.8706293706293706,357.1802457217127,42.0,27,10,5,27,10,5,7,0,0
70,112,Q-TCID,0.75,1500,9000.0,0.8774928774928775,416.9476946182549,50.0,31,12,7,31,12,7,8,0,0
71,113,Q-TCID,0.75,1500,10500.0,0.8664383561643836,401.7733704522252,44.0,29,10,5,29,10,5,8,0,0
72,114,Q-TCID,0.75,1500,4500.0,0.7950819672131147,412.2193198092282,55.0,35,15,5,35,15,5,11,0,0
73,115,Q-TCID,0.75,1500,9000.0,0.8944281524926686,490.34631606563926,45.0,23,13,9,23,13,9,11,0,0
74,116,Q-TCID,0.75,1500,4500.0,0.8127490039840638,338.0491225589067,53.0,34,13,6,34,13,6,8,0,0
75,117,Q-TCID,0.75,1500,10500.0,0.8745874587458746,429.92599533870816,45.0,31,7,7,31,7,7,9,0,0
76,118,Q-TCID,0.75,1500,4500.0,0.7649402390438247,540.6372313518077,69.0,38,21,10,38,21,10,16,0,0
77,119,Q-TCID,0.75,1500,10500.0,0.8666666666666667,298.67897251062095,42.0,26,12,4,26,12,4,4,0,0
78,120,Q-TCID,0.75,1500,9000.0,0.8396946564885496,383.928206961602,49.0,34,8,7,34,8,7,9,0,0
79,121,Q-TCID,0.75,1500,7500.0,0.8344827586206897,459.5030678603798,54.0,33,15,6,33,15,6,11,0,0
0,42,TA-QTCID,0.75,1500,4500.0,0.8299595141700404,185.33646515756845,44.0,33,9,2,33,9,2,2,2,245
1,43,TA-QTCID,0.75,1500,6000.0,0.9088050314465409,246.38987372629344,31.0,23,6,2,23,6,2,3,2,316
2,44,TA-QTCID,0.75,1500,7500.0,0.8319327731092437,396.7680197171867,47.0,34,6,7,34,6,7,9,7,231
3,45,TA-QTCID,0.75,1500,7500.0,0.9288135593220339,234.16336482018232,23.0,21,0,2,21,0,2,2,2,293
4,46,TA-QTCID,0.75,1500,7500.0,0.8739495798319328,296.7599249985069,34.0,29,1,4,29,1,4,5,4,234
5,47,TA-QTCID,0.75,1500,4500.0,0.8566176470588235,292.8031259961426,45.0,33,6,6,33,6,6,6,6,266
6,48,TA-QTCID,0.75,1500,7500.0,0.8945454545454545,278.8949775118381,32.0,24,5,3,24,5,3,4,3,272
7,49,TA-QTCID,0.75,1500,6000.0,0.8754208754208754,317.98815162852407,41.0,31,6,4,31,6,4,6,4,293
8,50,TA-QTCID,0.75,1500,7500.0,0.8470588235294118,198.80936575494707,40.0,36,3,1,36,3,1,1,1,254
9,51,TA-QTCID,0.75,1500,6000.0,0.8888888888888888,294.4649815727025,38.0,27,7,4,27,7,4,5,4,302
10,52,TA-QTCID,0.75,1500,7500.0,0.9017543859649123,307.56198626570404,31.0,22,6,3,22,6,3,5,3,282
11,53,TA-QTCID,0.75,1500,7500.0,0.8922558922558923,208.0682754162699,32.0,27,5,0,27,5,0,1,0,297
12,54,TA-QTCID,0.75,1500,12000.0,0.9139072847682119,366.3995873965323,30.0,23,3,4,23,3,4,5,4,298
13,55,TA-QTCID,0.75,1500,7500.0,0.9032258064516129,187.37421664595604,30.0,27,3,0,27,3,0,0,0,310
14,56,TA-QTCID,0.75,1500,4500.0,0.8189300411522634,285.8589437492192,48.0,37,7,4,37,7,4,6,4,239
15,57,TA-QTCID,0.75,1500,10500.0,0.896875,378.88328824192286,36.0,27,6,3,27,6,3,6,3,317
16,58,TA-QTCID,0.75,1500,9000.0,0.943952802359882,288.7869750149548,21.0,18,1,2,18,1,2,3,2,337
17,59,TA-QTCID,0.75,1500,4500.0,0.8759124087591241,217.34696906618774,35.0,28,6,1,28,6,1,3,1,273
18,60,TA-QTCID,0.75,1500,10500.0,0.9225589225589226,295.4541813265532,26.0,22,1,3,22,1,3,3,3,294
19,61,TA-QTCID,0.75,1500,7500.0,0.8560311284046692,274.77990655228496,41.0,35,2,4,35,2,4,4,4,253
20,62,TA-QTCID,0.75,1500,4500.0,0.8473895582329317,262.07858175970614,42.0,33,5,4,33,5,4,5,4,245
21,63,TA-QTCID,0.75,1500,9000.0,0.9285714285714286,265.77818883024156,27.0,22,3,2,22,3,2,2,2,348
22,64,TA-QTCID,0.75,1500,9000.0,0.89,304.0800031479448,36.0,29,4,3,29,4,3,4,3,297
23,65,TA-QTCID,0.75,1500,7500.0,0.8876811594202898,203.95320445485413,32.0,31,0,1,31,0,1,1,1,275
24,66,TA-QTCID,0.75,1500,6000.0,0.828125,307.44328229501843,48.0,37,7,4,37,7,4,6,4,252
25,67,TA-QTCID,0.75,1500,9000.0,0.8645833333333334,351.38353519141674,43.0,32,7,4,32,7,4,6,4,284
26,68,TA-QTCID,0.75,1500,10500.0,0.8986928104575164,248.40784122236073,31.0,29,2,0,29,2,0,1,0,306
27,69,TA-QTCID,0.75,1500,10500.0,0.9041095890410958,269.1018999889493,30.0,25,3,2,25,3,2,2,2,290
28,70,TA-QTCID,0.75,1500,9000.0,0.8885017421602788,251.11824853532016,33.0,28,4,1,28,4,1,2,1,286
29,71,TA-QTCID,0.75,1500,12000.0,0.8372093023255814,280.3985611386597,44.0,35,7,2,35,7,2,2,2,256
30,72,TA-QTCID,0.75,1500,3000.0,0.8547008547008547,265.30337294377387,37.0,27,7,3,27,7,3,6,3,231
31,73,TA-QTCID,0.75,1500,4500.0,0.8740458015267175,391.52526104077697,42.0,27,6,9,27,6,9,10,9,253
32,74,TA-QTCID,0.75,1500,6000.0,0.8869257950530035,288.2923751361668,36.0,28,4,4,28,4,4,5,4,279
33,75,TA-QTCID,0.75,1500,7500.0,0.9072847682119205,286.096351692453,30.0,23,5,2,23,5,2,4,2,300
34,76,TA-QTCID,0.75,1500,7500.0,0.9105431309904153,340.0868740454316,31.0,23,5,3,23,5,3,6,3,310
35,77,TA-QTCID,0.75,1500,7500.0,0.8593155893536122,199.83813349343836,38.0,34,3,1,34,3,1,1,1,262
36,78,TA-QTCID,0.75,1500,12000.0,0.9329073482428115,292.2293901462108,23.0,20,1,2,20,1,2,2,2,311
37,79,TA-QTCID,0.75,1500,4500.0,0.8780487804878049,321.98451861925423,37.0,20,15,2,20,15,2,7,2,285
38,80,TA-QTCID,0.75,1500,6000.0,0.8458333333333333,252.93837607093155,41.0,34,3,4,34,3,4,4,4,236
39,81,TA-QTCID,0.75,1500,4500.0,0.8185483870967742,439.08598501980305,55.0,35,10,10,35,10,10,12,10,238
40,82,TA-QTCID,0.75,1500,7500.0,0.8851851851851852,201.8956689760089,32.0,31,0,1,31,0,1,1,1,269
41,83,TA-QTCID,0.75,1500,9000.0,0.8821292775665399,243.91687435284257,33.0,29,2,2,29,2,2,2,2,261
42,84,TA-QTCID,0.75,1500,7500.0,0.8945578231292517,233.90617288276553,32.0,30,1,1,30,1,1,2,1,293
43,85,TA-QTCID,0.75,1500,7500.0,0.8639705882352942,202.9244367145002,38.0,32,5,1,32,5,1,1,1,271
44,86,TA-QTCID,0.75,1500,7500.0,0.8821428571428571,280.18093718774617,35.0,27,6,2,27,6,2,4,2,278
45,87,TA-QTCID,0.75,1500,10500.0,0.8235294117647058,353.16409474238753,44.0,35,4,5,35,4,5,6,5,216
46,88,TA-QTCID,0.75,1500,9000.0,0.9146757679180887,276.69895406998694,28.0,25,0,3,25,0,3,3,3,290
47,89,TA-QTCID,0.75,1500,6000.0,0.859375,231.4727414958179,38.0,33,3,2,33,3,2,3,2,254
48,90,TA-QTCID,0.75,1500,6000.0,0.8900343642611683,290.0927186794579,37.0,26,6,5,26,6,5,5,5,286
49,91,TA-QTCID,0.75,1500,9000.0,0.8980891719745223,231.4529575034976,32.0,29,3,0,29,3,0,1,0,314
50,92,TA-QTCID,0.75,1500,9000.0,0.92,259.0911985170096,28.0,26,0,2,26,0,2,2,2,323
51,93,TA-QTCID,0.75,1500,10500.0,0.9058441558441559,272.1882032081485,30.0,26,3,1,26,3,1,2,1,307
52,94,TA-QTCID,0.75,1500,9000.0,0.8811188811188811,276.4417621344328,37.0,32,2,3,32,2,3,3,3,283
53,95,TA-QTCID,0.75,1500,9000.0,0.8916083916083916,249.83228885754943,32.0,28,3,1,28,3,1,2,1,285
54,96,TA-QTCID,0.75,1500,6000.0,0.8768656716417911,209.2355311177671,35.0,31,2,2,31,2,2,2,2,266
55,97,TA-QTCID,0.75,1500,12000.0,0.89198606271777,389.15118164755404,35.0,28,3,4,28,3,4,6,4,283
56,98,TA-QTCID,0.75,1500,7500.0,0.89,260.51564615778625,34.0,30,3,1,30,3,1,3,1,299
57,99,TA-QTCID,0.75,1500,13500.0,0.9404388714733543,261.8807418141514,19.0,18,1,0,18,1,0,0,0,319
58,100,TA-QTCID,0.75,1500,7500.0,0.8795986622073578,335.20022727921605,39.0,26,10,3,26,10,3,6,3,296
59,101,TA-QTCID,0.75,1500,6000.0,0.8185654008438819,252.1668002679944,47.0,36,7,4,36,7,4,4,4,233
60,102,TA-QTCID,0.75,1500,7500.0,0.8875,240.59316319413483,37.0,33,3,1,33,3,1,2,1,319
61,103,TA-QTCID,0.75,1500,9000.0,0.9228070175438596,199.9568374659866,22.0,22,0,0,22,0,0,0,0,285
62,104,TA-QTCID,0.75,1500,9000.0,0.9046052631578947,228.62384621985257,30.0,27,2,1,27,2,1,1,1,303
63,105,TA-QTCID,0.75,1500,7500.0,0.9044368600682594,232.8774051424116,29.0,26,2,1,26,2,1,2,1,292
64,106,TA-QTCID,0.75,1500,7500.0,0.8509803921568627,274.77990655228496,42.0,30,8,4,30,8,4,4,4,251
65,107,TA-QTCID,0.75,1500,4500.0,0.8461538461538461,365.6873635724187,46.0,32,8,6,32,8,6,9,6,254
66,108,TA-QTCID,0.75,1500,9000.0,0.9178082191780822,226.05192687176168,24.0,23,1,0,23,1,0,1,0,292
67,109,TA-QTCID,0.75,1500,4500.0,0.8525179856115108,218.37573680840433,43.0,37,4,2,37,4,2,3,2,276
68,110,TA-QTCID,0.75,1500,7500.0,0.8909090909090909,304.9900669157505,34.0,26,4,4,26,4,4,5,4,271
69,111,TA-QTCID,0.75,1500,7500.0,0.9038461538461539,211.92615444026887,31.0,25,5,1,25,5,1,1,1,311
70,112,TA-QTCID,0.75,1500,9000.0,0.9181818181818182,260.3771581929177,29.0,26,1,2,26,1,2,2,2,328
71,113,TA-QTCID,0.75,1500,12000.0,0.911042944785276,271.5353313777596,29.0,23,6,0,23,6,0,1,0,326
72,114,TA-QTCID,0.75,1500,7500.0,0.8311688311688312,269.63606785424054,40.0,34,5,1,34,5,1,4,1,230
73,115,TA-QTCID,0.75,1500,6000.0,0.9023569023569024,343.0544732939452,35.0,26,3,6,26,3,6,7,6,291
74,116,TA-QTCID,0.75,1500,7500.0,0.9257142857142857,398.9640431627631,32.0,20,6,6,20,6,6,8,6,344
75,117,TA-QTCID,0.75,1500,7500.0,0.8928571428571429,280.6953210569918,33.0,29,1,3,29,1,3,4,3,277
76,118,TA-QTCID,0.75,1500,9000.0,0.9152542372881356,251.11824853532016,27.0,24,1,2,24,1,2,2,2,293
77,119,TA-QTCID,0.75,1500,3000.0,0.7546296296296297,412.6149997096509,62.0,41,12,9,41,12,9,12,9,207
78,120,TA-QTCID,0.75,1500,12000.0,0.9244712990936556,271.5353313740343,26.0,24,1,1,24,1,1,1,1,330
79,121,TA-QTCID,0.75,1500,7500.0,0.8582089552238806,327.7416611649096,42.0,32,6,4,32,6,4,6,4,264
0,42,Q-TCID,1.0,50,13000.0,0.9969858567122653,6090.502860762179,27.0,25,1,1,25,1,1,1,0,0
1,43,Q-TCID,1.0,50,11050.0,0.9984913542996402,5981.829376215115,14.0,13,0,1,13,0,1,1,0,0
2,44,Q-TCID,1.0,50,14500.0,0.997650927883486,6894.840961439535,21.0,19,1,1,19,1,1,1,0,0
3,45,Q-TCID,1.0,50,13700.0,0.9985146676568882,5587.692627836019,12.0,12,0,0,12,0,0,0,0,0
4,46,Q-TCID,1.0,50,11950.0,0.9978462933575153,5973.777290230617,19.0,19,0,0,19,0,0,0,0,0
5,47,Q-TCID,1.0,50,13100.0,0.9988532110091743,6693.479460377246,12.0,11,0,1,11,0,1,1,0,0
6,48,Q-TCID,1.0,50,15650.0,0.9987570621468926,7275.010209413245,11.0,11,0,0,11,0,0,0,0,0
7,49,Q-TCID,1.0,50,12200.0,0.9977100329182768,5094.121520560235,16.0,15,1,0,15,1,0,0,0,0
8,50,Q-TCID,1.0,50,13650.0,0.9981051035876706,6042.111208980903,15.0,15,0,0,15,0,0,0,0,0
9,51,Q-TCID,1.0,50,14100.0,0.9985259796093846,5798.629582526162,12.0,12,0,0,12,0,0,0,0,0
10,52,Q-TCID,1.0,50,11200.0,0.9984144960362401,5780.843771018088,14.0,14,0,0,14,0,0,0,0,0
11,53,Q-TCID,1.0,50,10500.0,0.9974212034383955,5044.206501170993,21.0,18,0,3,18,0,3,3,0,0
12,54,Q-TCID,1.0,50,11150.0,0.9977769544275658,5751.860218370333,18.0,18,0,0,18,0,0,0,0,0
13,55,Q-TCID,1.0,50,11200.0,0.9980200633579726,5324.11046243459,16.0,15,0,1,15,0,1,1,0,0
14,56,Q-TCID,1.0,50,9800.0,0.9975540154912352,5242.976298945025,18.0,18,0,0,18,0,0,0,0,0
15,57,Q-TCID,1.0,50,9850.0,0.9964500694551628,4502.580070052296,23.0,22,1,0,22,1,0,0,0,0
16,58,Q-TCID,1.0,50,14400.0,0.9983619983619983,6931.184160334989,14.0,13,1,0,13,1,0,0,0,0
17,59,Q-TCID,1.0,50,12250.0,0.9986084756483239,5791.111664399505,11.0,11,0,0,11,0,0,0,0,0
18,60,Q-TCID,1.0,50,12200.0,0.9980585217029538,6002.602570984513,14.0,14,0,0,14,0,0,0,0,0
19,61,Q-TCID,1.0,50,13200.0,0.9966973004020678,4928.667970370501,23.0,23,0,0,23,0,0,0,0,0
20,62,Q-TCID,1.0,50,14150.0,0.9984357541899441,7034.832510069013,14.0,13,1,0,13,1,0,0,0,0
21,63,Q-TCID,1.0,50,11650.0,0.9981689453125,5616.755316490307,15.0,15,0,0,15,0,0,0,0,0
22,64,Q-TCID,1.0,50,15150.0,0.997164461247637,5762.9194715265185,18.0,18,0,0,18,0,0,0,0,0
23,65,Q-TCID,1.0,50,12500.0,0.9978083526117132,6356.538241524249,19.0,18,0,1,18,0,1,1,0,0
24,66,Q-TCID,1.0,50,11100.0,0.9972714870395635,5679.8069085311145,23.0,21,1,1,21,1,1,1,0,0
25,67,Q-TCID,1.0,50,10600.0,0.9971326164874552,4452.8826746139675,20.0,20,0,0,20,0,0,0,0,0
26,68,Q-TCID,1.0,50,14650.0,0.9978382502543235,6011.010768830776,17.0,16,1,0,16,1,0,0,0,0
27,69,Q-TCID,1.0,50,14400.0,0.9981330221703617,5827.9296791143715,17.0,16,0,1,16,0,1,1,0,0
28,70,Q-TCID,1.0,50,12450.0,0.9972474868358066,6173.002119904384,23.0,22,1,0,22,1,0,0,0,0
29,71,Q-TCID,1.0,50,16050.0,0.9980268350434096,8102.09990439564,20.0,20,0,0,20,0,0,0,0,0
30,72,Q-TCID,1.0,50,9650.0,0.9978346190282853,5144.333299873397,16.0,16,0,0,16,0,0,0,0,0
31,73,Q-TCID,1.0,50,13200.0,0.9973790802954491,6218.2283324971795,22.0,21,1,0,21,1,0,0,0,0
32,74,Q-TCID,1.0,50,11950.0,0.9984456533807039,6401.2105022426695,15.0,14,0,1,14,0,1,1,0,0
33,75,Q-TCID,1.0,50,12900.0,0.9974326059050064,5242.105803163722,18.0,18,0,0,18,0,0,0,0,0
34,76,Q-TCID,1.0,50,10700.0,0.9983798604187437,5803.991045186296,13.0,13,0,0,13,0,0,0,0,0
35,77,Q-TCID,1.0,50,9450.0,0.996899015774572,5194.584647173062,24.0,22,1,1,22,1,1,1,0,0
36,78,Q-TCID,1.0,50,16050.0,0.9978239845261122,6417.294890182093,18.0,18,0,0,18,0,0,0,0,0
37,79,Q-TCID,1.0,50,10750.0,0.9980673660960795,5451.440254259855,15.0,14,0,1,14,0,1,1,0,0
38,80,Q-TCID,1.0,50,12100.0,0.9968820861678005,4810.517952222377,22.0,22,0,0,22,0,0,0,0,0
39,81,Q-TCID,1.0,50,11750.0,0.9985241667691551,5742.878284620121,12.0,12,0,0,12,0,0,0,0,0
40,82,Q-TCID,1.0,50,13400.0,0.9986521397281816,6313.686108354479,12.0,12,0,0,12,0,0,0,0,0
41,83,Q-TCID,1.0,50,9750.0,0.997693664360331,4802.901114154607,17.0,17,0,0,17,0,0,0,0,0
42,84,Q-TCID,1.0,50,11550.0,0.997463717063548,5537.71825648658,19.0,18,0,1,18,0,1,1,0,0
43,85,Q-TCID,1.0,50,13300.0,0.9976583842851567,5699.59090353176,18.0,18,0,0,18,0,0,0,0,0
44,86,Q-TCID,1.0,50,11950.0,0.9982464929859719,5846.882746335119,14.0,14,0,0,14,0,0,0,0,0
45,87,Q-TCID,1.0,50,10450.0,0.99685110211426,4303.276104431599,21.0,20,1,0,20,1,0,0,0,0
46,88,Q-TCID,1.0,50,12450.0,0.9966613247863247,5542.050951344892,25.0,25,0,0,25,0,0,0,0,0
47,89,Q-TCID,1.0,50,10650.0,0.9980638915779284,5430.370299588889,15.0,14,0,1,14,0,1,1,0,0
48,90,Q-TCID,1.0,50,16050.0,0.9981905268759979,7787.4354638736695,17.0,17,0,0,17,0,0,0,0,0
49,91,Q-TCID,1.0,50,11050.0,0.9978188163443362,5438.0860576387495,15.0,15,0,0,15,0,0,0,0,0
50,92,Q-TCID,1.0,50,12500.0,0.9973578083715756,5323.853270472959,19.0,19,0,0,19,0,0,0,0,0
51,93,Q-TCID,1.0,50,12300.0,0.9972104144527099,5995.500116724521,21.0,21,0,0,21,0,0,0,0,0
52,94,Q-TCID,1.0,50,13400.0,0.9980262230367969,4926.392810929567,14.0,14,0,0,14,0,0,0,0,0
53,95,Q-TCID,1.0,50,14500.0,0.9970711829873934,6469.069605095312,23.0,23,0,0,23,0,0,0,0,0
54,96,Q-TCID,1.0,50,12600.0,0.9980384464495881,5813.388442791998,15.0,15,0,0,15,0,0,0,0,0
55,97,Q-TCID,1.0,50,14350.0,0.9971506281569745,5743.788348387927,22.0,22,0,0,22,0,0,0,0,0
56,98,Q-TCID,1.0,50,9150.0,0.9970979074385214,4803.692473964766,19.0,19,0,0,19,0,0,0,0,0
57,99,Q-TCID,1.0,50,9500.0,0.9972714870395635,5093.706056667492,20.0,20,0,0,20,0,0,0,0,0
58,100,Q-TCID,1.0,50,15600.0,0.9978277536417072,5168.093877879903,17.0,17,0,0,17,0,0,0,0,0
59,101,Q-TCID,1.0,50,10150.0,0.9977787649933363,4881.9975261725485,16.0,15,0,1,15,0,1,1,0,0
60,102,Q-TCID,1.0,50,10450.0,0.9974344355758267,4843.280247956514,19.0,18,0,1,18,0,1,1,0,0
61,103,Q-TCID,1.0,50,16050.0,0.9974226804123711,6598.120604451746,21.0,21,0,0,21,0,0,0,0,0
62,104,Q-TCID,1.0,50,10900.0,0.9972000559988801,5187.422841001302,20.0,20,0,0,20,0,0,0,0,0
63,105,Q-TCID,1.0,50,12950.0,0.9973621735689792,6168.926616935059,20.0,20,0,0,20,0,0,0,0,0
64,106,Q-TCID,1.0,50,13150.0,0.9977220956719818,6046.107576014474,19.0,18,0,1,18,0,1,1,0,0
65,107,Q-TCID,1.0,50,11600.0,0.9981444665341286,5911.24008205533,14.0,14,0,0,14,0,0,0,0,0
66,108,Q-TCID,1.0,50,11050.0,0.9989561586638831,5709.621389020234,9.0,9,0,0,9,0,0,0,0,0
67,109,Q-TCID,1.0,50,10450.0,0.9987559094302065,5354.300838805735,11.0,10,0,1,10,0,1,1,0,0
68,110,Q-TCID,1.0,50,14850.0,0.9979718189581555,7018.253522280604,19.0,19,0,0,19,0,0,0,0,0
69,111,Q-TCID,1.0,50,13850.0,0.9973673818612611,5499.179034221917,20.0,19,1,0,19,1,0,0,0,0
70,112,Q-TCID,1.0,50,12450.0,0.9976540313618966,6230.989009261131,19.0,19,0,0,19,0,0,0,0,0
71,113,Q-TCID,1.0,50,13850.0,0.9982464344166472,5788.361689111218,16.0,15,0,1,15,0,1,1,0,0
72,114,Q-TCID,1.0,50,10450.0,0.9979435152179874,4623.559199493378,15.0,15,0,0,15,0,0,0,0,0
73,115,Q-TCID,1.0,50,10800.0,0.9982147411374649,5615.370436817408,14.0,14,0,0,14,0,0,0,0,0
74,116,Q-TCID,1.0,50,12500.0,0.9975483870967742,5928.511509750038,19.0,19,0,0,19,0,0,0,0,0
75,117,Q-TCID,1.0,50,10600.0,0.9973107435794003,5653.0193793121725,20.0,19,1,0,19,1,0,0,0,0
76,118,Q-TCID,1.0,50,15450.0,0.9981483498529572,7041.064468516037,17.0,17,0,0,17,0,0,0,0,0
77,119,Q-TCID,1.0,50,12600.0,0.9978030025631637,5723.371265524998,18.0,18,0,0,18,0,0,0,0,0
78,120,Q-TCID,1.0,50,13250.0,0.9980439535151306,6578.237689517438,17.0,17,0,0,17,0,0,0,0,0
79,121,Q-TCID,1.0,50,12150.0,0.9967043989110188,5092.063985079527,23.0,23,0,0,23,0,0,0,0,0
0,42,TA-QTCID,1.0,50,9600.0,0.9973763610127246,5409.300344944,20.0,20,0,0,20,0,0,0,0,7623
1,43,TA-QTCID,1.0,50,8750.0,0.9982072427393331,5281.040705326945,15.0,15,0,0,15,0,0,0,0,8367
2,44,TA-QTCID,1.0,50,10750.0,0.9984145286826175,5660.893409334123,11.0,11,0,0,11,0,0,0,0,6938
3,45,TA-QTCID,1.0,50,12350.0,0.9978818545540127,6606.21225845255,18.0,18,0,0,18,0,0,0,0,8498
4,46,TA-QTCID,1.0,50,10600.0,0.9978861144140574,5766.1442627720535,16.0,16,0,0,16,0,0,0,0,7569
5,47,TA-QTCID,1.0,50,12900.0,0.9985227132832697,6717.615934241563,12.0,12,0,0,12,0,0,0,0,8123
6,48,TA-QTCID,1.0,50,12550.0,0.9977539965649359,6469.0498210880905,17.0,17,0,0,17,0,0,0,0,7569
7,49,TA-QTCID,1.0,50,10600.0,0.9979326978293327,6029.251612231135,18.0,18,0,0,18,0,0,0,0,8707
8,50,TA-QTCID,1.0,50,11350.0,0.998186215235792,6185.327548798174,15.0,14,1,0,14,1,0,0,0,8270
9,51,TA-QTCID,1.0,50,11750.0,0.9989665417904664,6212.946005823091,8.0,8,0,0,8,0,0,0,0,7741
10,52,TA-QTCID,1.0,50,11200.0,0.9979607443283202,6064.249499432743,16.0,16,0,0,16,0,0,0,0,7846
11,53,TA-QTCID,1.0,50,12750.0,0.9978570528173453,6651.57695899345,17.0,17,0,0,17,0,0,0,0,7933
12,54,TA-QTCID,1.0,50,11200.0,0.9977420265311883,5840.492515949532,16.0,16,0,0,16,0,0,0,0,7086
13,55,TA-QTCID,1.0,50,11500.0,0.9969070889521218,6197.613409673795,25.0,25,0,0,25,0,0,0,0,8083
14,56,TA-QTCID,1.0,50,11050.0,0.9973646066675451,5926.9683580789715,20.0,20,0,0,20,0,0,0,0,7589
15,57,TA-QTCID,1.0,50,12100.0,0.9977786488958579,6346.54732408002,17.0,17,0,0,17,0,0,0,0,7653
16,58,TA-QTCID,1.0,50,12000.0,0.9978861144140574,6252.197451900691,16.0,16,0,0,16,0,0,0,0,7569
17,59,TA-QTCID,1.0,50,11900.0,0.9975031210986267,6126.727355621755,18.0,18,0,0,18,0,0,0,0,7209
18,60,TA-QTCID,1.0,50,15550.0,0.9979682084379108,7842.039290193468,17.0,17,0,0,17,0,0,0,0,8367
19,61,TA-QTCID,1.0,50,12650.0,0.9977777777777778,6640.675977716222,19.0,18,0,1,18,0,1,1,1,8099
20,62,TA-QTCID,1.0,50,9650.0,0.9976395609583383,5621.978291157633,20.0,20,0,0,20,0,0,0,0,8473
21,63,TA-QTCID,1.0,50,9650.0,0.9982991131089782,5559.480650931597,14.0,14,0,0,14,0,0,0,0,8231
22,64,TA-QTCID,1.0,50,10300.0,0.9981235926945209,5760.090360278264,15.0,15,0,0,15,0,0,0,0,7994
23,65,TA-QTCID,1.0,50,10850.0,0.9970041193359132,5955.200118940324,25.0,24,0,1,24,0,1,1,1,8010
24,66,TA-QTCID,1.0,50,12300.0,0.9979353898469759,6560.451878011227,17.0,17,0,0,17,0,0,0,0,8234
25,67,TA-QTCID,1.0,50,12350.0,0.9984257281007534,6723.234588859603,14.0,14,0,0,14,0,0,0,0,8893
26,68,TA-QTCID,1.0,50,11600.0,0.9979153094462541,6138.934080509469,16.0,16,0,0,16,0,0,0,0,7675
27,69,TA-QTCID,1.0,50,12500.0,0.9985242964056077,6918.8982994146645,14.0,14,0,0,14,0,0,0,0,9487
28,70,TA-QTCID,1.0,50,10800.0,0.998641304347826,5797.442542843521,10.0,10,0,0,10,0,0,0,0,7360
29,71,TA-QTCID,1.0,50,11650.0,0.9979452934377809,6199.611593222246,16.0,16,0,0,16,0,0,0,0,7787
30,72,TA-QTCID,1.0,50,9200.0,0.9981692719335304,5117.802962588146,13.0,13,0,0,13,0,0,0,0,7101
31,73,TA-QTCID,1.0,50,14300.0,0.9982795129698253,7115.709481714293,13.0,13,0,0,13,0,0,0,0,7556
32,74,TA-QTCID,1.0,50,10600.0,0.9985482380889534,5765.6298788730055,11.0,11,0,0,11,0,0,0,0,7577
33,75,TA-QTCID,1.0,50,10300.0,0.9979458210296572,5698.364295851439,16.0,16,0,0,16,0,0,0,0,7789
34,76,TA-QTCID,1.0,50,14600.0,0.9980542520315898,7524.130274461582,18.0,16,1,1,16,1,1,1,1,8736
35,77,TA-QTCID,1.0,50,11200.0,0.9975150405440754,5996.093636626378,19.0,19,0,0,19,0,0,0,0,7646
36,78,TA-QTCID,1.0,50,8350.0,0.9968309859154929,4487.761857841164,18.0,17,1,0,17,1,0,0,0,5680
37,79,TA-QTCID,1.0,50,12050.0,0.9983203359328134,6445.071619138122,14.0,14,0,0,14,0,0,0,0,8335
38,80,TA-QTCID,1.0,50,7550.0,0.9972127593682255,4381.2052607592195,19.0,18,0,1,18,0,1,1,1,6457
39,81,TA-QTCID,1.0,50,12500.0,0.9984913251194367,6596.241124970838,13.0,12,0,1,12,0,1,1,1,7953
40,82,TA-QTCID,1.0,50,9250.0,0.9984055275046505,5235.319892862812,12.0,12,0,0,12,0,0,0,0,7526
41,83,TA-QTCID,1.0,50,11200.0,0.9977783948903083,5866.468901406974,16.0,16,0,0,16,0,0,0,0,7202
42,84,TA-QTCID,1.0,50,10600.0,0.9980283911671924,5744.025756306946,15.0,15,0,0,15,0,0,0,0,7608
43,85,TA-QTCID,1.0,50,10150.0,0.9973272751570226,5552.338628759608,20.0,20,0,0,20,0,0,0,0,7483
44,86,TA-QTCID,1.0,50,12050.0,0.9984329797492768,6453.044569147751,13.0,13,0,0,13,0,0,0,0,8296
45,87,TA-QTCID,1.0,50,16050.0,0.9979788372369516,7853.434871204197,17.0,17,0,0,17,0,0,0,0,8411
46,88,TA-QTCID,1.0,50,13400.0,0.9987524101168198,7074.657692011446,11.0,11,0,0,11,0,0,0,0,8817
47,89,TA-QTCID,1.0,50,11250.0,0.9979508196721312,6025.908117078245,16.0,15,1,0,15,1,0,0,0,7808
48,90,TA-QTCID,1.0,50,9400.0,0.997852993180096,5389.575701901689,17.0,17,0,0,17,0,0,0,0,7918
49,91,TA-QTCID,1.0,50,8250.0,0.9974105102817974,4640.059051323682,17.0,17,0,0,17,0,0,0,0,6565
50,92,TA-QTCID,1.0,50,9350.0,0.9978748837827068,5281.83206512779,16.0,16,0,0,16,0,0,0,0,7529
51,93,TA-QTCID,1.0,50,12350.0,0.9981270903010033,6343.104908907786,14.0,14,0,0,14,0,0,0,0,7475
52,94,TA-QTCID,1.0,50,11750.0,0.9978957212999766,6438.364844828844,19.0,18,0,1,18,0,1,1,1,8553
53,95,TA-QTCID,1.0,50,8700.0,0.997450690996914,5030.041160752997,19.0,19,0,0,19,0,0,0,0,7453
54,96,TA-QTCID,1.0,50,10200.0,0.9970309628163438,5510.910943245515,21.0,21,0,0,21,0,0,0,0,7073
55,97,TA-QTCID,1.0,50,10450.0,0.9984534089444516,5728.396400257945,12.0,12,0,0,12,0,0,0,0,7759
56,98,TA-QTCID,1.0,50,9500.0,0.9978586723768736,5321.637463077903,16.0,16,0,0,16,0,0,0,0,7472
57,99,TA-QTCID,1.0,50,13050.0,0.9981405727036073,6730.673370972276,15.0,15,0,0,15,0,0,0,0,8067
58,100,TA-QTCID,1.0,50,12500.0,0.9978624866405416,6676.88068857789,18.0,18,0,0,18,0,0,0,0,8421
59,101,TA-QTCID,1.0,50,12600.0,0.9980705622932745,6371.554293727502,14.0,14,0,0,14,0,0,0,0,7256
60,102,TA-QTCID,1.0,50,13200.0,0.9984114376489277,6999.122399127111,14.0,14,0,0,14,0,0,0,0,8813
61,103,TA-QTCID,1.0,50,14800.0,0.9987463958881785,7388.3922847453505,10.0,10,0,0,10,0,0,0,0,7977
62,104,TA-QTCID,1.0,50,12150.0,0.9975493357410035,6347.556307785213,19.0,19,0,0,19,0,0,0,0,7753
63,105,TA-QTCID,1.0,50,10600.0,0.9986131977348897,6014.077288040891,12.0,12,0,0,12,0,0,0,0,8653
64,106,TA-QTCID,1.0,50,9100.0,0.9971256108077033,5041.199333934113,20.0,20,0,0,20,0,0,0,0,6958
65,107,TA-QTCID,1.0,50,11150.0,0.9986606599293802,6185.525388799608,12.0,11,0,1,11,0,1,1,1,8212
66,108,TA-QTCID,1.0,50,10950.0,0.9983966452886038,6052.003206521273,13.0,13,0,0,13,0,0,0,0,8108
67,109,TA-QTCID,1.0,50,8250.0,0.9965090447476992,4595.564846584573,22.0,22,0,0,22,0,0,0,0,6302
68,110,TA-QTCID,1.0,50,13650.0,0.9974986835176408,6952.135411083698,19.0,19,0,0,19,0,0,0,0,7596
69,111,TA-QTCID,1.0,50,11600.0,0.998825831702544,6140.220040202141,9.0,9,0,0,9,0,0,0,0,7665
70,112,TA-QTCID,1.0,50,11050.0,0.9968847352024922,5956.545430609956,24.0,24,0,0,24,0,0,0,0,7704
71,113,TA-QTCID,1.0,50,11500.0,0.9985420969505527,6247.76583702676,12.0,12,0,0,12,0,0,0,0,8231
72,114,TA-QTCID,1.0,50,11300.0,0.99727385377943,6140.5959361139685,22.0,21,1,0,21,1,0,0,0,8070
73,115,TA-QTCID,1.0,50,15300.0,0.9984804208065459,7725.887455495074,13.0,13,0,0,13,0,0,0,0,8555
74,116,TA-QTCID,1.0,50,8950.0,0.9972740315638451,4987.248379549012,19.0,19,0,0,19,0,0,0,0,6970
75,117,TA-QTCID,1.0,50,14800.0,0.9988181997242466,7930.295691791922,12.0,12,0,0,12,0,0,0,0,10154
76,118,TA-QTCID,1.0,50,11750.0,0.9980929028742678,6149.933981772512,14.0,14,0,0,14,0,0,0,0,7341
77,119,TA-QTCID,1.0,50,8600.0,0.9979160878021672,4934.148137005046,15.0,15,0,0,15,0,0,0,0,7198
78,120,TA-QTCID,1.0,50,8000.0,0.9966106482135292,4680.279913159087,24.0,24,0,0,24,0,0,0,0,7081
79,121,TA-QTCID,1.0,50,8900.0,0.9972951471758155,4806.205041343346,17.0,17,0,0,17,0,0,0,0,6285
0,42,Q-TCID,1.0,100,13900.0,0.9964174826844996,2910.2850164901465,16.0,14,1,1,14,1,1,1,0,0
1,43,Q-TCID,1.0,100,16100.0,0.9966036934833369,3602.1708896271884,18.0,14,2,2,14,2,2,2,0,0
2,44,Q-TCID,1.0,100,15100.0,0.9952556668423828,2961.14966763556,18.0,16,2,0,16,2,0,0,0,0
3,45,Q-TCID,1.0,100,13700.0,0.9964267483409903,2691.6916557364166,14.0,14,0,0,14,0,0,0,0,0
4,46,Q-TCID,1.0,100,16100.0,0.9980747015787447,3470.627106865868,11.0,10,0,1,10,0,1,1,0,0
5,47,Q-TCID,1.0,100,14900.0,0.9956236323851203,3121.696787064895,19.0,18,0,1,18,0,1,1,0,0
6,48,Q-TCID,1.0,100,15700.0,0.9971187943262412,3411.710369778797,13.0,12,1,0,12,1,0,0,0,0
7,49,Q-TCID,1.0,100,12700.0,0.997867803837953,2893.706028673798,9.0,9,0,0,9,0,0,0,0,0
8,50,Q-TCID,1.0,100,11400.0,0.9959061135371179,2661.8178232926875,15.0,15,0,0,15,0,0,0,0,0
9,51,Q-TCID,1.0,100,12000.0,0.9967897271268058,2554.2324584629387,14.0,12,0,2,12,0,2,2,0,0
10,52,Q-TCID,1.0,100,10600.0,0.9963683527885863,2870.479618569836,14.0,14,0,0,14,0,0,0,0,0
11,53,Q-TCID,1.0,100,12500.0,0.9959648706384999,2873.922033684328,17.0,17,0,0,17,0,0,0,0,0
12,54,Q-TCID,1.0,100,11900.0,0.9975214060387562,3258.463544484228,12.0,11,0,1,11,0,1,1,0,0
13,55,Q-TCID,1.0,100,13600.0,0.996996996996997,3316.0745379384607,15.0,14,0,1,14,0,1,1,0,0
14,56,Q-TCID,1.0,100,12300.0,0.9962045099352534,3284.202521968633,20.0,17,0,3,17,0,3,3,0,0
15,57,Q-TCID,1.0,100,16100.0,0.9964628600303184,3588.3023091368377,14.0,14,0,0,14,0,0,0,0,0
16,58,Q-TCID,1.0,100,10800.0,0.9965585054080629,2907.5350411776453,14.0,12,2,0,12,2,0,0,0,0
17,59,Q-TCID,1.0,100,13400.0,0.9961529213753306,3232.2893191147596,16.0,16,0,0,16,0,0,0,0,0
18,60,Q-TCID,1.0,100,16100.0,0.9969169786390663,3763.568720854819,15.0,14,0,1,14,0,1,1,0,0
19,61,Q-TCID,1.0,100,12300.0,0.9942528735632183,2996.088202804327,25.0,24,0,1,24,0,1,1,0,0
20,62,Q-TCID,1.0,100,15000.0,0.9974677716390423,2986.117069320753,12.0,11,0,1,11,0,1,1,0,0
21,63,Q-TCID,1.0,100,12500.0,0.9968652037617555,2974.4445122666657,14.0,14,0,0,14,0,0,0,0,0
22,64,Q-TCID,1.0,100,12700.0,0.9939007485444968,2593.9785044305027,22.0,22,0,0,22,0,0,0,0,0
23,65,Q-TCID,1.0,100,13500.0,0.9957972805933251,3352.378168730065,18.0,17,0,1,17,0,1,1,0,0
24,66,Q-TCID,1.0,100,10800.0,0.9968561064087061,2712.0493865851313,13.0,13,0,0,13,0,0,0,0,0
25,67,Q-TCID,1.0,100,15000.0,0.995688622754491,3383.280768956989,21.0,16,2,3,16,2,3,3,0,0
26,68,Q-TCID,1.0,100,14600.0,0.9972192513368984,3585.3149258866906,14.0,13,0,1,13,0,1,1,0,0
27,69,Q-TCID,1.0,100,14600.0,0.998003992015968,3241.2712528388947,10.0,9,0,1,9,0,1,1,0,0
28,70,Q-TCID,1.0,100,10800.0,0.9956308028399782,2668.9004934933037,17.0,15,1,1,15,1,1,1,0,0
29,71,Q-TCID,1.0,100,16100.0,0.9979975971165399,4110.520641164854,11.0,10,0,1,10,0,1,1,0,0
30,72,Q-TCID,1.0,100,11600.0,0.9966696269982238,3161.4824010133743,15.0,15,0,0,15,0,0,0,0,0
31,73,Q-TCID,1.0,100,12200.0,0.9949454642192073,2782.4804087765515,20.0,19,0,1,19,0,1,1,0,0
32,74,Q-TCID,1.0,100,13800.0,0.9981546032396965,3452.406047474593,9.0,8,1,0,8,1,0,0,0,0
33,75,Q-TCID,1.0,100,9100.0,0.9956722446624351,2458.9527385439724,16.0,15,0,1,15,0,1,1,0,0
34,76,Q-TCID,1.0,100,11000.0,0.9962344080960226,2954.0867814254016,16.0,16,0,0,16,0,0,0,0,0
35,77,Q-TCID,1.0,100,13700.0,0.9972792480831066,2989.7375403996557,11.0,11,0,0,11,0,0,0,0,0
36,78,Q-TCID,1.0,100,8000.0,0.9968705547652916,2215.787656016648,11.0,10,1,0,10,1,0,0,0,0
37,79,Q-TCID,1.0,100,8900.0,0.99581356405247,2357.3619242254645,15.0,13,2,0,13,2,0,0,0,0
38,80,Q-TCID,1.0,100,10800.0,0.9959935897435898,2700.1196376159787,15.0,14,1,0,14,1,0,0,0,0
39,81,Q-TCID,1.0,100,10500.0,0.9966356107660456,2657.5444803703576,15.0,13,0,2,13,0,2,2,0,0
40,82,Q-TCID,1.0,100,14000.0,0.9965095986038395,3265.13075081259,14.0,14,0,0,14,0,0,0,0,0
41,83,Q-TCID,1.0,100,11200.0,0.9970203988081595,2770.6891477629542,13.0,13,0,0,13,0,0,0,0,0
42,84,Q-TCID,1.0,100,10900.0,0.9964645091106881,2700.6142374742776,13.0,13,0,0,13,0,0,0,0,0
43,85,Q-TCID,1.0,100,10700.0,0.9959475566150179,2709.754443174228,17.0,16,1,0,16,1,0,0,0,0
44,86,Q-TCID,1.0,100,11000.0,0.9980587236107741,2797.080997105688,8.0,8,0,0,8,0,0,0,0,0
45,87,Q-TCID,1.0,100,11300.0,0.9960647135986008,3255.456377265975,21.0,18,0,3,18,0,3,3,0,0
46,88,Q-TCID,1.0,100,13800.0,0.9945490584737364,3431.098684873432,22.0,22,0,0,22,0,0,0,0,0
47,89,Q-TCID,1.0,100,9600.0,0.9966077053549794,2540.3243099879473,15.0,14,0,1,14,0,1,1,0,0
48,90,Q-TCID,1.0,100,12300.0,0.9956469165659009,2889.3139817789197,18.0,17,1,0,17,1,0,0,0,0
49,91,Q-TCID,1.0,100,13600.0,0.9954268292682927,2474.4238226357847,15.0,15,0,0,15,0,0,0,0,0
50,92,Q-TCID,1.0,100,10100.0,0.9963389121338913,2692.839127441868,15.0,14,0,1,14,0,1,1,0,0
51,93,Q-TCID,1.0,100,14200.0,0.9954279908559817,2792.8076541703194,19.0,18,0,1,18,0,1,1,0,0
52,94,Q-TCID,1.0,100,10300.0,0.9959411466260781,2794.0936138555408,17.0,16,0,1,16,0,1,1,0,0
53,95,Q-TCID,1.0,100,11300.0,0.9940051384527547,2947.083247181028,22.0,21,0,1,21,0,1,1,0,0
54,96,Q-TCID,1.0,100,16100.0,0.99669353172143,4123.835269806907,17.0,16,0,1,16,0,1,1,0,0
55,97,Q-TCID,1.0,100,12300.0,0.99618138424821,2761.6478620432317,16.0,16,0,0,16,0,0,0,0,0
56,98,Q-TCID,1.0,100,10400.0,0.9952085682074409,2454.718963626772,17.0,17,0,0,17,0,0,0,0,0
57,99,Q-TCID,1.0,100,9600.0,0.9952153110047847,2214.8578082360327,17.0,16,0,1,16,0,1,1,0,0
58,100,Q-TCID,1.0,100,14100.0,0.9980053191489362,3330.6751262433827,10.0,9,0,1,9,0,1,1,0,0
59,101,Q-TCID,1.0,100,13600.0,0.995608685045133,3110.49904589355,18.0,18,0,0,18,0,0,0,0,0
60,102,Q-TCID,1.0,100,15400.0,0.9963982505788526,2878.709760474041,14.0,14,0,0,14,0,0,0,0,0
61,103,Q-TCID,1.0,100,10600.0,0.9963626916082099,2628.363087741658,15.0,14,0,1,14,0,1,1,0,0
62,104,Q-TCID,1.0,100,9900.0,0.9960222752585521,2529.7992246504873,15.0,15,0,0,15,0,0,0,0,0
63,105,Q-TCID,1.0,100,13200.0,0.9963196635120926,2910.542208407074,14.0,13,1,0,13,1,0,0,0,0
64,106,Q-TCID,1.0,100,16100.0,0.9967355821545157,3202.613326601684,15.0,15,0,0,15,0,0,0,0,0
65,107,Q-TCID,1.0,100,15100.0,0.9961089494163424,3012.2912947274745,15.0,15,0,0,15,0,0,0,0,0
66,108,Q-TCID,1.0,100,11300.0,0.9973268529769137,2901.896602611989,11.0,10,1,0,10,1,0,0,0,0
67,109,Q-TCID,1.0,100,10800.0,0.9977755808205635,2874.0209536515176,10.0,8,1,1,8,1,1,1,0,0
68,110,Q-TCID,1.0,100,12600.0,0.9967435549525102,2798.9011246394366,13.0,12,0,1,12,0,1,1,0,0
69,111,Q-TCID,1.0,100,10700.0,0.9958018471872376,2585.2339786272496,15.0,14,1,0,14,1,0,0,0,0
70,112,Q-TCID,1.0,100,12400.0,0.9968468468468469,2843.6723053287715,14.0,14,0,0,14,0,0,0,0,0
71,113,Q-TCID,1.0,100,15000.0,0.9966659257612803,2952.5436298027635,18.0,14,1,3,14,1,3,3,0,0
72,114,Q-TCID,1.0,100,11300.0,0.9962462462462462,2747.2055456899107,15.0,15,0,0,15,0,0,0,0,0
73,115,Q-TCID,1.0,100,14100.0,0.9963459196102314,3112.0421974975616,15.0,15,0,0,15,0,0,0,0,0
74,116,Q-TCID,1.0,100,13900.0,0.9982083439979524,2777.494842046872,7.0,7,0,0,7,0,0,0,0,0
75,117,Q-TCID,1.0,100,12200.0,0.9961464354527938,3050.6920290011913,18.0,16,0,2,16,0,2,2,0,0
76,118,Q-TCID,1.0,100,13700.0,0.9965130759651307,2990.1332202982157,15.0,14,0,1,14,0,1,1,0,0
77,119,Q-TCID,1.0,100,11900.0,0.9950993738088756,2575.5002530980855,18.0,18,0,0,18,0,0,0,0,0
78,120,Q-TCID,1.0,100,12000.0,0.9958404697822364,2866.8393634706736,18.0,17,0,1,17,0,1,1,0,0
79,121,Q-TCID,1.0,100,11900.0,0.9929906542056075,2405.1007041651756,24.0,23,1,0,23,1,0,0,0,0
0,42,TA-QTCID,1.0,100,10800.0,0.9964104098115465,2827.983597295359,12.0,12,0,0,12,0,0,0,0,3343
1,43,TA-QTCID,1.0,100,10600.0,0.9965251923554231,2943.2451521586627,14.0,14,0,0,14,0,0,0,0,4029
2,44,TA-QTCID,1.0,100,11200.0,0.9960411718131433,2982.7340061813593,15.0,15,0,0,15,0,0,0,0,3789
3,45,TA-QTCID,1.0,100,14300.0,0.996996303142329,3704.315655838698,13.0,13,0,0,13,0,0,0,0,4328
4,46,TA-QTCID,1.0,100,15500.0,0.9955451845566398,4026.3397424407303,21.0,21,0,0,21,0,0,0,0,4714
5,47,TA-QTCID,1.0,100,13900.0,0.9974747474747475,3533.619346966967,10.0,10,0,0,10,0,0,0,0,3960
6,48,TA-QTCID,1.0,100,9200.0,0.9968145062484686,2714.8784978743643,13.0,13,0,0,13,0,0,0,0,4081
7,49,TA-QTCID,1.0,100,12100.0,0.996848975917173,3324.621223784983,14.0,14,0,0,14,0,0,0,0,4443
8,50,TA-QTCID,1.0,100,16100.0,0.9965798474085766,3894.558551756665,13.0,13,0,0,13,0,0,0,0,3801
9,51,TA-QTCID,1.0,100,10600.0,0.9971554176364107,2909.295816745609,11.0,11,0,0,11,0,0,0,0,3867
10,52,TA-QTCID,1.0,100,13400.0,0.9966513185433236,3639.9385360889137,16.0,16,0,0,16,0,0,0,0,4778
11,53,TA-QTCID,1.0,100,10900.0,0.9967704728950404,3071.5245757475495,14.0,13,1,0,13,1,0,0,0,4335
12,54,TA-QTCID,1.0,100,8200.0,0.9966814159292036,2411.589854527265,12.0,12,0,0,12,0,0,0,0,3616
13,55,TA-QTCID,1.0,100,12000.0,0.9952795031055901,3209.6762128546834,19.0,19,0,0,19,0,0,0,0,4025
14,56,TA-QTCID,1.0,100,15400.0,0.9959626545546303,3832.4368074741215,16.0,16,0,0,16,0,0,0,0,3963
15,57,TA-QTCID,1.0,100,9400.0,0.9953786906290115,2694.7779589556158,18.0,18,0,0,18,0,0,0,0,3895
16,58,TA-QTCID,1.0,100,10200.0,0.9949706621961442,2760.4608223531395,18.0,18,0,0,18,0,0,0,0,3579
17,59,TA-QTCID,1.0,100,10600.0,0.9971006852925672,2892.5783409606665,11.0,11,0,0,11,0,0,0,0,3794
18,60,TA-QTCID,1.0,100,10300.0,0.9953560371517027,2706.430732028559,15.0,15,0,0,15,0,0,0,0,3230
19,61,TA-QTCID,1.0,100,10500.0,0.9956033219345384,2957.66768453829,18.0,18,0,0,18,0,0,0,0,4094
20,62,TA-QTCID,1.0,100,9300.0,0.9934658317451674,2646.564363140613,25.0,24,0,1,24,0,1,1,1,3672
21,63,TA-QTCID,1.0,100,12400.0,0.9973190348525469,3305.7868605498224,11.0,11,0,0,11,0,0,0,0,4103
22,64,TA-QTCID,1.0,100,13100.0,0.9958455522971652,3447.2226407993585,18.0,17,0,1,17,0,1,1,1,4091
23,65,TA-QTCID,1.0,100,9700.0,0.9970379146919431,2644.9420755449682,11.0,10,0,1,10,0,1,1,1,3375
24,66,TA-QTCID,1.0,100,13700.0,0.9969977483112334,3507.682529527694,12.0,12,0,0,12,0,0,0,0,3997
25,67,TA-QTCID,1.0,100,10600.0,0.9968774395003903,2899.265331286937,12.0,12,0,0,12,0,0,0,0,3843
26,68,TA-QTCID,1.0,100,10700.0,0.9969896004378763,2864.5246360506862,11.0,11,0,0,11,0,0,0,0,3654
27,69,TA-QTCID,1.0,100,12700.0,0.9973076060130133,3439.7245066836476,12.0,12,0,0,12,0,0,0,0,4457
28,70,TA-QTCID,1.0,100,14200.0,0.9961268458000484,3646.2100625094026,16.0,16,0,0,16,0,0,0,0,4131
29,71,TA-QTCID,1.0,100,11600.0,0.9960386234216391,3135.941263459623,16.0,16,0,0,16,0,0,0,0,4039
30,72,TA-QTCID,1.0,100,11500.0,0.9971874200971619,3072.4346395041794,11.0,11,0,0,11,0,0,0,0,3911
31,73,TA-QTCID,1.0,100,9000.0,0.996,2586.5792903080583,15.0,15,0,0,15,0,0,0,0,3750
32,74,TA-QTCID,1.0,100,11000.0,0.9963996399639964,3131.173320673406,16.0,16,0,0,16,0,0,0,0,4444
33,75,TA-QTCID,1.0,100,9500.0,0.9956088992974239,2593.167360637337,15.0,15,0,0,15,0,0,0,0,3416
34,76,TA-QTCID,1.0,100,13200.0,0.9976948868398994,3604.2284251134843,11.0,11,0,0,11,0,0,0,0,4772
35,77,TA-QTCID,1.0,100,13200.0,0.9969469234382339,3483.6054076068103,13.0,13,0,0,13,0,0,0,0,4258
36,78,TA-QTCID,1.0,100,12600.0,0.9966071024655055,3406.3093391358852,15.0,15,0,0,15,0,0,0,0,4421
37,79,TA-QTCID,1.0,100,11300.0,0.9961859356376639,3116.4540283866227,16.0,16,0,0,16,0,0,0,0,4195
38,80,TA-QTCID,1.0,100,9900.0,0.996530557779557,2745.345850178972,13.0,13,0,0,13,0,0,0,0,3747
39,81,TA-QTCID,1.0,100,10700.0,0.9966477565755544,2922.1356294881552,13.0,13,0,0,13,0,0,0,0,3878
40,82,TA-QTCID,1.0,100,11000.0,0.992239149180799,2875.2673453446478,27.0,26,1,0,26,1,0,0,0,3479
41,83,TA-QTCID,1.0,100,7600.0,0.9951259138911455,2320.1482296288013,18.0,18,0,0,18,0,0,0,0,3693
42,84,TA-QTCID,1.0,100,12600.0,0.9950385887541345,3237.967325685546,19.0,18,0,1,18,0,1,1,1,3627
43,85,TA-QTCID,1.0,100,11400.0,0.9966418805468937,3122.349658889696,14.0,14,0,0,14,0,0,0,0,4169
44,86,TA-QTCID,1.0,100,11300.0,0.9981627296587926,3022.578972119838,7.0,7,0,0,7,0,0,0,0,3810
45,87,TA-QTCID,1.0,100,12000.0,0.996919014084507,3346.621026204899,15.0,14,0,1,14,0,1,1,1,4543
46,88,TA-QTCID,1.0,100,8900.0,0.994378698224852,2505.445126807317,20.0,19,0,1,19,0,1,1,1,3379
47,89,TA-QTCID,1.0,100,13800.0,0.9969574036511156,3556.390725236386,13.0,12,0,1,12,0,1,1,1,3943
48,90,TA-QTCID,1.0,100,13000.0,0.9964471814306016,3426.03398215957,15.0,15,0,0,15,0,0,0,0,4222
49,91,TA-QTCID,1.0,100,13200.0,0.9982561036372696,3445.2838093135506,7.0,7,0,0,7,0,0,0,0,4014
50,92,TA-QTCID,1.0,100,10800.0,0.9970993473531544,3029.6220743525773,12.0,12,0,0,12,0,0,0,0,4137
51,93,TA-QTCID,1.0,100,13500.0,0.9979084967320262,3435.7083557210863,8.0,8,0,0,8,0,0,0,0,3825
52,94,TA-QTCID,1.0,100,9800.0,0.9958257239759979,2769.0272922124714,16.0,16,0,0,16,0,0,0,0,3833
53,95,TA-QTCID,1.0,100,14400.0,0.9979155810317873,3623.02322040312,8.0,8,0,0,8,0,0,0,0,3838
54,96,TA-QTCID,1.0,100,11200.0,0.9955729166666667,2998.4227142073214,17.0,17,0,0,17,0,0,0,0,3840
55,97,TA-QTCID,1.0,100,8900.0,0.9953147877013178,2492.981209957972,16.0,16,0,0,16,0,0,0,0,3415
56,98,TA-QTCID,1.0,100,8400.0,0.9969738651994497,2442.670510672033,11.0,11,0,0,11,0,0,0,0,3635
57,99,TA-QTCID,1.0,100,10600.0,0.9961832061068703,2850.3988636191934,14.0,14,0,0,14,0,0,0,0,3668
58,100,TA-QTCID,1.0,100,13200.0,0.9968484848484849,3466.116356033832,13.0,13,0,0,13,0,0,0,0,4125
59,101,TA-QTCID,1.0,100,10900.0,0.996279564177518,2930.583395346999,14.0,14,0,0,14,0,0,0,0,3763
60,102,TA-QTCID,1.0,100,8600.0,0.9972580202906498,2514.5061965063214,11.0,10,0,1,10,0,1,1,1,3646
61,103,TA-QTCID,1.0,100,8400.0,0.9968102073365231,2479.448957370594,12.0,12,0,0,12,0,0,0,0,3762
62,104,TA-QTCID,1.0,100,13600.0,0.995996231747527,3528.5348602365702,17.0,17,0,0,17,0,0,0,0,4246
63,105,TA-QTCID,1.0,100,10500.0,0.9952764656849125,2823.92787832208,17.0,17,0,0,17,0,0,0,0,3599
64,106,TA-QTCID,1.0,100,10900.0,0.9976342559735036,3046.0625741779804,10.0,10,0,0,10,0,0,0,0,4227
65,107,TA-QTCID,1.0,100,13400.0,0.9966753740204227,3523.687781494111,14.0,14,0,0,14,0,0,0,0,4211
66,108,TA-QTCID,1.0,100,10700.0,0.9950824414231993,2828.003381293267,17.0,17,0,0,17,0,0,0,0,3457
67,109,TA-QTCID,1.0,100,11800.0,0.994884287454324,3196.3418001960963,21.0,21,0,0,21,0,0,0,0,4105
68,110,TA-QTCID,1.0,100,12700.0,0.9958180867746994,3286.4381134379655,16.0,16,0,0,16,0,0,0,0,3826
69,111,TA-QTCID,1.0,100,11800.0,0.9966126300508106,3173.708909906447,14.0,14,0,0,14,0,0,0,0,4133
70,112,TA-QTCID,1.0,100,9400.0,0.9953715608125482,2690.9200799185783,18.0,18,0,0,18,0,0,0,0,3889
71,113,TA-QTCID,1.0,100,10600.0,0.9962090441375575,2867.116339415312,14.0,14,0,0,14,0,0,0,0,3693
72,114,TA-QTCID,1.0,100,13400.0,0.9971478718736287,3582.0703507065773,13.0,13,0,0,13,0,0,0,0,4558
73,115,TA-QTCID,1.0,100,10000.0,0.9973002159827213,2770.016491951421,10.0,10,0,0,10,0,0,0,0,3704
74,116,TA-QTCID,1.0,100,12300.0,0.9963924963924964,3290.6323203686625,15.0,15,0,0,15,0,0,0,0,4158
75,117,TA-QTCID,1.0,100,13700.0,0.9965466206216083,3513.3407520875335,14.0,14,0,0,14,0,0,0,0,4054
76,118,TA-QTCID,1.0,100,9400.0,0.9963436928702011,2670.0875331945717,14.0,14,0,0,14,0,0,0,0,3829
77,119,TA-QTCID,1.0,100,9200.0,0.9955798231929277,2646.722635101527,17.0,17,0,0,17,0,0,0,0,3846
78,120,TA-QTCID,1.0,100,14900.0,0.9976972995603935,3957.768415765837,13.0,11,0,2,11,0,2,2,2,4775
79,121,TA-QTCID,1.0,100,12000.0,0.9969879518072289,3100.8840243145823,11.0,11,0,0,11,0,0,0,0,3652
0,42,Q-TCID,1.0,200,13800.0,0.9937469937469937,1552.7072795871645,14.0,12,1,1,12,1,1,1,0,0
1,43,Q-TCID,1.0,200,16200.0,0.994458653026428,1763.189202381298,14.0,12,1,1,12,1,1,1,0,0
2,44,Q-TCID,1.0,200,10800.0,0.9856373429084381,1323.6877534650266,25.0,23,1,1,23,1,1,1,0,0
3,45,Q-TCID,1.0,200,11800.0,0.9916710046850599,1167.671168897301,16.0,16,0,0,16,0,0,0,0,0
4,46,Q-TCID,1.0,200,15600.0,0.9949215143120961,1770.074032638222,12.0,10,1,1,10,1,1,1,0,0
5,47,Q-TCID,1.0,200,12200.0,0.9945622620989668,1437.8018366303295,11.0,10,0,1,10,0,1,1,0,0
6,48,Q-TCID,1.0,200,16000.0,0.9955535793686082,1763.565098296851,12.0,9,1,2,9,1,2,2,0,0
7,49,Q-TCID,1.0,200,10600.0,0.9920411985018727,1539.5113549102098,19.0,17,0,2,17,0,2,2,0,0
8,50,Q-TCID,1.0,200,11600.0,0.9902413970210581,1288.3139704018831,20.0,18,1,1,18,1,1,1,0,0
9,51,Q-TCID,1.0,200,13600.0,0.9910714285714286,1615.0070798359811,20.0,18,0,2,18,0,2,2,0,0
10,52,Q-TCID,1.0,200,8800.0,0.9916710046850599,1263.9005205724388,17.0,15,1,1,15,1,1,1,0,0
11,53,Q-TCID,1.0,200,11600.0,0.9923954372623575,1409.7283477261662,16.0,15,1,0,15,1,0,0,0,0
12,54,Q-TCID,1.0,200,13400.0,0.9962139138665405,1525.9988863337785,9.0,8,0,1,8,0,1,1,0,0
13,55,Q-TCID,1.0,200,10400.0,0.995244888254874,1462.650534344837,10.0,10,0,0,10,0,0,0,0,0
14,56,Q-TCID,1.0,200,10400.0,0.9925886712546321,1212.6204055380076,14.0,13,1,0,13,1,0,0,0,0
15,57,Q-TCID,1.0,200,12400.0,0.9927007299270073,1331.5024314839393,17.0,14,0,3,14,0,3,3,0,0
16,58,Q-TCID,1.0,200,13400.0,0.9935594675826535,1520.7759116515517,15.0,14,1,0,14,1,0,0,0,0
17,59,Q-TCID,1.0,200,15800.0,0.9945701357466064,1799.1169373150915,13.0,11,1,1,11,1,1,1,0,0
18,60,Q-TCID,1.0,200,13600.0,0.9928503336510963,1681.6791429985315,16.0,15,0,1,15,0,1,1,0,0
19,61,Q-TCID,1.0,200,12400.0,0.9928400954653938,1475.7871070262045,17.0,15,0,2,15,0,2,2,0,0
20,62,Q-TCID,1.0,200,13400.0,0.9926121372031662,1399.025206424296,15.0,13,1,1,13,1,1,1,0,0
21,63,Q-TCID,1.0,200,15200.0,0.9937078651685394,1724.4719241820276,14.0,14,0,0,14,0,0,0,0,0
22,64,Q-TCID,1.0,200,11000.0,0.9901639344262295,1417.760649688542,19.0,18,0,1,18,0,1,1,0,0
23,65,Q-TCID,1.0,200,8800.0,0.9897854954034729,1273.416622173041,21.0,19,1,1,19,1,1,1,0,0
24,66,Q-TCID,1.0,200,13400.0,0.9934579439252337,1722.8694205675274,19.0,13,1,5,13,1,5,5,0,0
25,67,Q-TCID,1.0,200,9000.0,0.9893318360471645,1313.9935959074646,22.0,18,1,3,18,1,3,3,0,0
26,68,Q-TCID,1.0,200,11800.0,0.9893023255813953,1510.191474320367,23.0,23,0,0,23,0,0,0,0,0
27,69,Q-TCID,1.0,200,16200.0,0.9953051643192489,1861.1793296262622,11.0,11,0,0,11,0,0,0,0,0
28,70,Q-TCID,1.0,200,8800.0,0.9898705683736635,1226.8648819383234,19.0,17,1,1,17,1,1,1,0,0
29,71,Q-TCID,1.0,200,15600.0,0.9952586206896552,1908.443293692544,11.0,11,0,0,11,0,0,0,0,0
30,72,Q-TCID,1.0,200,12200.0,0.9959316517493898,1781.8652936667204,12.0,8,2,2,8,2,2,2,0,0
31,73,Q-TCID,1.0,200,10800.0,0.9883544303797468,1429.729966668412,23.0,23,0,0,23,0,0,0,0,0
32,74,Q-TCID,1.0,200,12600.0,0.9966187658495351,1672.1036894079298,8.0,8,0,0,8,0,0,0,0,0
33,75,Q-TCID,1.0,200,9400.0,0.9904137235116044,1254.2657150048763,19.0,19,0,0,19,0,0,0,0,0
34,76,Q-TCID,1.0,200,9600.0,0.9909456740442656,1281.1323802229017,19.0,17,1,1,17,1,1,1,0,0
35,77,Q-TCID,1.0,200,12800.0,0.9894091415830546,1540.1840107496828,21.0,19,0,2,19,0,2,2,0,0
36,78,Q-TCID,1.0,200,16200.0,0.9922440537745605,1416.6527459751815,17.0,15,0,2,15,0,2,2,0,0
37,79,Q-TCID,1.0,200,11600.0,0.9935155164427976,1591.0090939030051,15.0,14,0,1,14,0,1,1,0,0
38,80,Q-TCID,1.0,200,9800.0,0.9916625796959294,1355.0256015434861,19.0,16,1,2,16,1,2,2,0,0
39,81,Q-TCID,1.0,200,15200.0,0.9934913993491399,1492.7222067471594,14.0,14,0,0,14,0,0,0,0,0
40,82,Q-TCID,1.0,200,10800.0,0.9861529199277543,1186.9012120328844,25.0,22,1,2,22,1,2,2,0,0
41,83,Q-TCID,1.0,200,10600.0,0.9912748424624334,1351.0688025467098,21.0,17,1,3,17,1,3,3,0,0
42,84,Q-TCID,1.0,200,13600.0,0.9900679560899112,1573.3222023770213,19.0,19,0,0,19,0,0,0,0,0
43,85,Q-TCID,1.0,200,12000.0,0.9924357034795764,1492.56393478252,16.0,15,0,1,15,0,1,1,0,0
44,86,Q-TCID,1.0,200,12200.0,0.9959839357429718,1416.3757700379938,8.0,8,0,0,8,0,0,0,0,0
45,87,Q-TCID,1.0,200,13800.0,0.9870331950207469,1488.5477837994695,25.0,24,1,0,24,1,0,0,0,0
46,88,Q-TCID,1.0,200,11600.0,0.9930174563591022,1427.3163192737848,15.0,14,0,1,14,0,1,1,0,0
47,89,Q-TCID,1.0,200,15800.0,0.9928241927216812,1767.9571451935917,15.0,11,3,1,11,3,1,1,0,0
48,90,Q-TCID,1.0,200,11400.0,0.9943582510578279,1522.002519344911,12.0,12,0,0,12,0,0,0,0,0
49,91,Q-TCID,1.0,200,8600.0,0.9845583693638048,1158.372691243887,27.0,24,1,2,24,1,2,2,0,0
50,92,Q-TCID,1.0,200,13000.0,0.9922054103622192,1464.9850457478315,17.0,15,2,0,15,2,0,0,0,0
51,93,Q-TCID,1.0,200,9600.0,0.9905013192612138,1431.9457741025835,21.0,17,1,3,17,1,3,3,0,0
52,94,Q-TCID,1.0,200,11600.0,0.9906817067189799,1496.8372777067125,21.0,19,0,2,19,0,2,2,0,0
53,95,Q-TCID,1.0,200,13200.0,0.9934671021931871,1710.9792395774275,15.0,12,2,1,12,2,1,1,0,0
54,96,Q-TCID,1.0,200,16200.0,0.9939262472885032,1699.4649544972926,15.0,14,0,1,14,0,1,1,0,0
55,97,Q-TCID,1.0,200,11800.0,0.992018779342723,1537.968203311786,19.0,17,0,2,17,0,2,2,0,0
56,98,Q-TCID,1.0,200,12400.0,0.9902486591906388,1449.2765537220985,20.0,20,0,0,20,0,0,0,0,0
57,99,Q-TCID,1.0,200,12800.0,0.9904426559356136,1476.1234349384904,20.0,18,1,1,18,1,1,1,0,0
58,100,Q-TCID,1.0,200,11400.0,0.9931673987310884,1403.179845372215,15.0,14,0,1,14,0,1,1,0,0
59,101,Q-TCID,1.0,200,9800.0,0.9925729442970822,1325.5474489871413,15.0,14,0,1,14,0,1,1,0,0
60,102,Q-TCID,1.0,200,10600.0,0.9908952959028832,1323.8855934161693,18.0,15,3,0,15,3,0,0,0,0
61,103,Q-TCID,1.0,200,14000.0,0.989409984871407,1474.8374752737582,22.0,21,0,1,21,0,1,1,0,0
62,104,Q-TCID,1.0,200,12000.0,0.9931865828092243,1427.692215172574,15.0,13,0,2,13,0,2,2,0,0
63,105,Q-TCID,1.0,200,13400.0,0.9913544668587896,1400.9244699459523,17.0,14,1,2,14,1,2,2,0,0
64,106,Q-TCID,1.0,200,11000.0,0.996011964107677,1384.523538088426,8.0,8,0,0,8,0,0,0,0,0
65,107,Q-TCID,1.0,200,13600.0,0.9941662615459407,1663.5372195709497,12.0,12,0,0,12,0,0,0,0,0
66,108,Q-TCID,1.0,200,12400.0,0.9921798631476051,1483.4435130953789,16.0,15,1,0,15,1,0,0,0,0
67,109,Q-TCID,1.0,200,12400.0,0.9926238145416227,1620.111350554973,16.0,14,0,2,14,0,2,2,0,0
68,110,Q-TCID,1.0,200,7200.0,0.9891950297136682,1164.8618416003883,22.0,19,1,2,19,1,2,2,0,0
69,111,Q-TCID,1.0,200,11000.0,0.9917555771096024,1477.429178610444,18.0,16,1,1,16,1,1,1,0,0
70,112,Q-TCID,1.0,200,11200.0,0.993431855500821,1573.6189622990787,17.0,16,0,1,16,0,1,1,0,0
71,113,Q-TCID,1.0,200,11000.0,0.9919050188882893,1370.4966856390238,16.0,15,0,1,15,0,1,1,0,0
72,114,Q-TCID,1.0,200,16200.0,0.9945492662473795,1712.443255217746,13.0,13,0,0,13,0,0,0,0,0
73,115,Q-TCID,1.0,200,13000.0,0.9897816999535531,1617.3218072559685,22.0,21,1,0,21,1,0,0,0,0
74,116,Q-TCID,1.0,200,11800.0,0.9938650306748467,1509.8155784197152,14.0,13,0,1,13,0,1,1,0,0
75,117,Q-TCID,1.0,200,11000.0,0.9895995839833593,1244.1560935620219,23.0,19,1,3,19,1,3,3,0,0
76,118,Q-TCID,1.0,200,13200.0,0.9893736017897091,1470.2673724330962,19.0,17,2,0,17,2,0,0,0,0
77,119,Q-TCID,1.0,200,10600.0,0.9933875890132248,1409.6887797266245,13.0,13,0,0,13,0,0,0,0,0
78,120,Q-TCID,1.0,200,11800.0,0.9922265408106608,1240.6345424484462,16.0,14,0,2,14,0,2,2,0,0
79,121,Q-TCID,1.0,200,9800.0,0.9859424920127795,1083.7078941073269,23.0,22,0,1,22,0,1,1,0,0
0,42,TA-QTCID,1.0,200,9200.0,0.9908935685828116,1288.8877062629908,16.0,16,0,0,16,0,0,0,0,1757
1,43,TA-QTCID,1.0,200,14200.0,0.9960299955888839,1874.79071819596,9.0,9,0,0,9,0,0,0,0,2267
2,44,TA-QTCID,1.0,200,12200.0,0.9957325746799431,1706.2508647870272,11.0,9,0,2,9,0,2,2,2,2107
3,45,TA-QTCID,1.0,200,12800.0,0.9945676776822091,1734.502409644425,12.0,11,1,0,11,1,0,0,0,2209
4,46,TA-QTCID,1.0,200,8800.0,0.9897352782279849,1278.8967887870967,19.0,18,1,0,18,1,0,0,0,1851
5,47,TA-QTCID,1.0,200,13800.0,0.9950405770964833,1830.5932733677328,11.0,11,0,0,11,0,0,0,0,2218
6,48,TA-QTCID,1.0,200,14000.0,0.9963709677419355,1906.7023021169007,9.0,9,0,0,9,0,0,0,0,2480
7,49,TA-QTCID,1.0,200,11200.0,0.993862134088763,1557.712630316615,13.0,13,0,0,13,0,0,0,0,2118
8,50,TA-QTCID,1.0,200,10200.0,0.9924932975871313,1404.267965104431,14.0,14,0,0,14,0,0,0,0,1865
9,51,TA-QTCID,1.0,200,11000.0,0.991187143597719,1525.702126417309,18.0,17,0,1,17,0,1,1,1,1928
10,52,TA-QTCID,1.0,200,12400.0,0.9974811083123426,1757.2935718782246,7.0,6,0,1,6,0,1,1,1,2381
11,53,TA-QTCID,1.0,200,12800.0,0.9961202715809894,1706.982872614637,8.0,8,0,0,8,0,0,0,0,2062
12,54,TA-QTCID,1.0,200,11000.0,0.9940119760479041,1518.3820482641459,12.0,12,0,0,12,0,0,0,0,2004
13,55,TA-QTCID,1.0,200,11800.0,0.9919719016557953,1586.4587750583887,16.0,16,0,0,16,0,0,0,0,1993
14,56,TA-QTCID,1.0,200,9200.0,0.9906832298136646,1331.3243755381554,18.0,17,1,0,17,1,0,0,0,1932
15,57,TA-QTCID,1.0,200,16200.0,0.9958410351201479,2000.122326521203,9.0,9,0,0,9,0,0,0,0,2164
16,58,TA-QTCID,1.0,200,9800.0,0.9916666666666667,1386.8184815123677,16.0,16,0,0,16,0,0,0,0,1920
17,59,TA-QTCID,1.0,200,13800.0,0.9968777876895629,1834.1939604580402,7.0,7,0,0,7,0,0,0,0,2242
18,60,TA-QTCID,1.0,200,13200.0,0.9934944237918215,1776.7610229682177,15.0,14,0,1,14,0,1,1,1,2151
19,61,TA-QTCID,1.0,200,13000.0,0.9929345266132831,1731.3963224291801,15.0,14,1,0,14,1,0,0,0,2123
20,62,TA-QTCID,1.0,200,13800.0,0.9941256213285133,1819.0196362882853,13.0,13,0,0,13,0,0,0,0,2213
21,63,TA-QTCID,1.0,200,13800.0,0.9907019990702,1812.075454045087,20.0,20,0,0,20,0,0,0,0,2151
22,64,TA-QTCID,1.0,200,12200.0,0.9921094160967912,1607.251753816381,15.0,15,0,0,15,0,0,0,0,1901
23,65,TA-QTCID,1.0,200,12400.0,0.9924609585352719,1649.2729591988027,15.0,13,1,1,13,1,1,1,1,1856
24,66,TA-QTCID,1.0,200,12000.0,0.9956227616394747,1737.9250407740474,11.0,11,0,0,11,0,0,0,0,2513
25,67,TA-QTCID,1.0,200,11600.0,0.9930452061599603,1572.8473865054548,14.0,14,0,0,14,0,0,0,0,2013
26,68,TA-QTCID,1.0,200,12800.0,0.9925615992561599,1742.336871664971,17.0,16,0,1,16,0,1,1,1,2150
27,69,TA-QTCID,1.0,200,12000.0,0.9950248756218906,1705.5188569705933,12.0,12,0,0,12,0,0,0,0,2412
28,70,TA-QTCID,1.0,200,10000.0,0.9934671021931871,1483.3643771111965,15.0,14,0,1,14,0,1,1,1,2142
29,71,TA-QTCID,1.0,200,12200.0,0.9929894842263395,1623.4548457134515,14.0,14,0,0,14,0,0,0,0,1997
30,72,TA-QTCID,1.0,200,10600.0,0.9926108374384236,1511.0817541051656,16.0,15,0,1,15,0,1,1,1,2029
31,73,TA-QTCID,1.0,200,11000.0,0.9922656960873522,1558.5039901137352,17.0,17,0,0,17,0,0,0,0,2198
32,74,TA-QTCID,1.0,200,7600.0,0.9925224327018943,1208.8020944986492,15.0,15,0,0,15,0,0,0,0,2006
33,75,TA-QTCID,1.0,200,13200.0,0.9981524249422633,1753.495044844225,4.0,4,0,0,4,0,0,0,0,2165
34,76,TA-QTCID,1.0,200,13200.0,0.9938107869142352,1777.1567028611898,14.0,14,0,0,14,0,0,0,0,2262
35,77,TA-QTCID,1.0,200,14600.0,0.9953810623556582,1891.7258179169148,10.0,10,0,0,10,0,0,0,0,2165
36,78,TA-QTCID,1.0,200,13000.0,0.9938587512794268,1684.0730063915253,12.0,12,0,0,12,0,0,0,0,1954
37,79,TA-QTCID,1.0,200,11800.0,0.9923518164435946,1609.3488572668284,16.0,16,0,0,16,0,0,0,0,2092
38,80,TA-QTCID,1.0,200,11600.0,0.9911041339612768,1570.3941711187363,18.0,17,0,1,17,0,1,1,1,1910
39,81,TA-QTCID,1.0,200,9600.0,0.9953350296861747,1480.198937907815,11.0,11,0,0,11,0,0,0,0,2358
40,82,TA-QTCID,1.0,200,12000.0,0.9923591212989494,1631.4475796986371,16.0,16,0,0,16,0,0,0,0,2094
41,83,TA-QTCID,1.0,200,11200.0,0.9916628068550255,1571.0866109412163,18.0,17,1,0,17,1,0,0,0,2159
42,84,TA-QTCID,1.0,200,12000.0,0.9957142857142857,1631.704771636054,9.0,9,0,0,9,0,0,0,0,2100
43,85,TA-QTCID,1.0,200,14400.0,0.993862134088763,1915.1302840020508,15.0,13,0,2,13,0,2,2,2,2116
44,86,TA-QTCID,1.0,200,10600.0,0.9945054945054945,1439.46369221434,10.0,9,1,0,9,1,0,0,0,1820
45,87,TA-QTCID,1.0,200,14000.0,0.9950428120775124,1839.5752070937306,11.0,11,0,0,11,0,0,0,0,2219
46,88,TA-QTCID,1.0,200,11600.0,0.991779213153259,1487.7168560083956,14.0,14,0,0,14,0,0,0,0,1703
47,89,TA-QTCID,1.0,200,12200.0,0.9905482041587902,1644.0302005093545,20.0,20,0,0,20,0,0,0,0,2116
48,90,TA-QTCID,1.0,200,9200.0,0.994967978042086,1395.87955121696,11.0,11,0,0,11,0,0,0,0,2186
49,91,TA-QTCID,1.0,200,11200.0,0.9923273657289002,1520.9341836236417,15.0,15,0,0,15,0,0,0,0,1955
50,92,TA-QTCID,1.0,200,12200.0,0.9916083916083916,1688.9003011733294,19.0,18,0,1,18,0,1,1,1,2144
51,93,TA-QTCID,1.0,200,11600.0,0.988737403675163,1493.889462461695,19.0,19,0,0,19,0,0,0,0,1687
52,94,TA-QTCID,1.0,200,11400.0,0.9944842801985659,1503.4253480341285,10.0,10,0,0,10,0,0,0,0,1813
53,95,TA-QTCID,1.0,200,12400.0,0.9926362297496318,1676.2781123574823,16.0,15,0,1,15,0,1,1,1,2036
54,96,TA-QTCID,1.0,200,11400.0,0.9920300046882325,1605.906442137435,18.0,17,0,1,17,0,1,1,1,2132
55,97,TA-QTCID,1.0,200,14600.0,0.9946524064171123,1876.8086856920272,11.0,10,1,0,10,1,0,0,0,2057
56,98,TA-QTCID,1.0,200,10600.0,0.9915134370579916,1513.0205856226385,18.0,17,1,0,17,1,0,0,0,2121
57,99,TA-QTCID,1.0,200,8600.0,0.9876252209781968,1226.706609979272,21.0,21,0,0,21,0,0,0,0,1697
58,100,TA-QTCID,1.0,200,16200.0,0.9953527672158851,2104.6609561089426,12.0,11,0,1,11,0,1,1,1,2366
59,101,TA-QTCID,1.0,200,11000.0,0.9911357340720222,1467.4580451361835,16.0,16,0,0,16,0,0,0,0,1805
60,102,TA-QTCID,1.0,200,11800.0,0.9949587534372135,1659.1056047026068,12.0,10,1,1,10,1,1,1,1,2181
61,103,TA-QTCID,1.0,200,10000.0,0.9935897435897436,1426.9206393752247,13.0,13,0,0,13,0,0,0,0,2028
62,104,TA-QTCID,1.0,200,14000.0,0.9941520467836257,1853.4635715875775,13.0,13,0,0,13,0,0,0,0,2223
63,105,TA-QTCID,1.0,200,11200.0,0.9947414548641542,1629.0735002886504,13.0,12,0,1,12,0,1,1,1,2281
64,106,TA-QTCID,1.0,200,9000.0,0.9916054564533053,1306.1393498983234,16.0,16,0,0,16,0,0,0,0,1906
65,107,TA-QTCID,1.0,200,11000.0,0.9951089373054691,1578.8221529945731,11.0,11,0,0,11,0,0,0,0,2249
66,108,TA-QTCID,1.0,200,10600.0,0.9934243803743045,1472.1270679552108,13.0,13,0,0,13,0,0,0,0,1977
67,109,TA-QTCID,1.0,200,10000.0,0.9959964412811388,1483.2456731442362,9.0,9,0,0,9,0,0,0,0,2248
68,110,TA-QTCID,1.0,200,10000.0,0.9942252165543792,1439.7802361305803,12.0,12,0,0,12,0,0,0,0,2078
69,111,TA-QTCID,1.0,200,14000.0,0.9896319336443753,1808.3164949957281,21.0,20,0,1,20,0,1,1,1,1928
70,112,TA-QTCID,1.0,200,12400.0,0.9911463187325257,1673.84468097426,19.0,19,0,0,19,0,0,0,0,2146
71,113,TA-QTCID,1.0,200,14800.0,0.993607305936073,1938.6336700636894,15.0,13,1,1,13,1,1,1,1,2189
72,114,TA-QTCID,1.0,200,12600.0,0.9958385351643778,1753.811588762328,10.0,10,0,0,10,0,0,0,0,2403
73,115,TA-QTCID,1.0,200,8600.0,0.9905793688177108,1327.0114646293223,20.0,20,0,0,20,0,0,0,0,2123
74,116,TA-QTCID,1.0,200,13400.0,0.9961587708066582,1813.1437897663563,9.0,9,0,0,9,0,0,0,0,2343
75,117,TA-QTCID,1.0,200,14200.0,0.9933774834437086,1821.294795697555,14.0,14,0,0,14,0,0,0,0,2114
76,118,TA-QTCID,1.0,200,9800.0,0.9941737288135594,1374.4732686281204,11.0,11,0,0,11,0,0,0,0,1888
77,119,TA-QTCID,1.0,200,10200.0,0.9929185634800203,1439.2460682690144,14.0,14,0,0,14,0,0,0,0,1977
78,120,TA-QTCID,1.0,200,10000.0,0.9921186833565137,1460.0983989927918,17.0,17,0,0,17,0,0,0,0,2157
79,121,TA-QTCID,1.0,200,8400.0,0.9927121290994274,1283.1701317057014,15.0,14,0,1,14,0,1,1,1,1920
0,42,Q-TCID,1.0,350,14000.0,0.9852140077821012,1001.5647468753159,21.0,16,3,2,16,3,2,2,0,0
1,43,Q-TCID,1.0,350,11200.0,0.9824884792626728,896.9469813108444,21.0,19,0,2,19,0,2,2,0,0
2,44,Q-TCID,1.0,350,12600.0,0.972193614830072,789.1242085639387,28.0,26,1,1,26,1,1,1,0,0
3,45,Q-TCID,1.0,350,13650.0,0.977859778597786,896.6897893752903,26.0,23,1,2,23,1,2,2,0,0
4,46,Q-TCID,1.0,350,9450.0,0.9798076923076923,771.4175330400467,22.0,21,0,1,21,0,1,1,0,0
5,47,Q-TCID,1.0,350,12950.0,0.9800693240901213,932.4196843523532,25.0,22,1,2,22,1,2,2,0,0
6,48,Q-TCID,1.0,350,11200.0,0.9867498051441933,826.3181191664189,17.0,16,1,0,16,1,0,0,0,0
7,49,Q-TCID,1.0,350,12250.0,0.98014440433213,852.215368622914,22.0,20,2,0,20,2,0,0,0,0
8,50,Q-TCID,1.0,350,16100.0,0.9833887043189369,1054.1703895889223,20.0,19,1,0,19,1,0,0,0,0
9,51,Q-TCID,1.0,350,11200.0,0.980849292256453,883.7312726546079,24.0,23,0,1,23,0,1,1,0,0
10,52,Q-TCID,1.0,350,15050.0,0.9822222222222222,1003.464010393247,23.0,19,1,3,19,1,3,3,0,0
11,53,Q-TCID,1.0,350,15050.0,0.9901547116736991,1100.1088259685785,15.0,13,1,1,13,1,1,1,0,0
12,54,Q-TCID,1.0,350,13650.0,0.986863711001642,1027.3828603513539,19.0,14,2,3,14,2,3,3,0,0
13,55,Q-TCID,1.0,350,13650.0,0.9857997010463379,964.5488922279328,19.0,19,0,0,19,0,0,0,0,0
14,56,Q-TCID,1.0,350,11550.0,0.9839797639123102,887.4704477097839,21.0,17,2,2,17,2,2,2,0,0
15,57,Q-TCID,1.0,350,11200.0,0.9840566873339238,948.7810482177883,23.0,17,1,5,17,1,5,5,0,0
16,58,Q-TCID,1.0,350,13650.0,0.9827160493827161,859.4760947842151,23.0,19,2,2,19,2,2,2,0,0
17,59,Q-TCID,1.0,350,12950.0,0.9822723609991942,937.0689231734723,24.0,21,1,2,21,1,2,2,0,0
18,60,Q-TCID,1.0,350,11200.0,0.983843537414966,996.3219881951809,24.0,14,5,5,14,5,5,5,0,0
19,61,Q-TCID,1.0,350,10500.0,0.9701338825952626,854.9653439223766,34.0,25,4,5,25,4,5,5,0,0
20,62,Q-TCID,1.0,350,12250.0,0.9748878923766816,912.2597934491932,31.0,26,2,3,26,2,3,3,0,0
21,63,Q-TCID,1.0,350,13300.0,0.9851851851851852,950.6407437436283,18.0,18,0,0,18,0,0,0,0,0
22,64,Q-TCID,1.0,350,11550.0,0.977205153617443,814.0916102547199,26.0,22,1,3,22,1,3,3,0,0
23,65,Q-TCID,1.0,350,10500.0,0.9780439121756487,794.5648071896285,25.0,19,3,3,19,3,3,3,0,0
24,66,Q-TCID,1.0,350,10850.0,0.9808219178082191,810.8866030648351,23.0,18,3,2,18,3,2,2,0,0
25,67,Q-TCID,1.0,350,14350.0,0.9848484848484849,907.4918506462127,19.0,18,1,0,18,1,0,0,0,0
26,68,Q-TCID,1.0,350,10850.0,0.9695780176643768,669.787150727585,31.0,29,2,0,29,2,0,0,0,0
27,69,Q-TCID,1.0,350,13300.0,0.9789303079416531,927.6715255472809,27.0,22,4,1,22,4,1,1,0,0
28,70,Q-TCID,1.0,350,9800.0,0.9719626168224299,774.4049162790179,31.0,27,0,4,27,0,4,4,0,0
29,71,Q-TCID,1.0,350,9800.0,0.988135593220339,865.6684852223843,18.0,13,1,4,13,1,4,4,0,0
30,72,Q-TCID,1.0,350,10150.0,0.9778846153846154,715.7058031205088,26.0,22,1,3,22,1,3,3,0,0
31,73,Q-TCID,1.0,350,11200.0,0.9820700896495518,766.3330463226885,23.0,21,1,1,21,1,1,1,0,0
32,74,Q-TCID,1.0,350,14350.0,0.987887963663891,886.7384398952127,18.0,14,2,2,14,2,2,2,0,0
33,75,Q-TCID,1.0,350,7700.0,0.9770687936191426,723.9161610454321,26.0,22,1,3,22,1,3,3,0,0
34,76,Q-TCID,1.0,350,12950.0,0.9848993288590604,916.8694642763585,19.0,17,1,1,17,1,1,1,0,0
35,77,Q-TCID,1.0,350,12600.0,0.9661214953271028,706.3677574843168,30.0,29,0,1,29,0,1,1,0,0
36,78,Q-TCID,1.0,350,10150.0,0.9867439933719967,925.7920460198075,20.0,14,2,4,14,2,4,4,0,0
37,79,Q-TCID,1.0,350,12250.0,0.9797809604043808,958.6334777269512,26.0,23,1,2,23,1,2,2,0,0
38,80,Q-TCID,1.0,350,15400.0,0.9879245283018868,1004.255370195955,17.0,15,1,1,15,1,1,1,0,0
39,81,Q-TCID,1.0,350,11900.0,0.9859154929577465,951.1155596263707,22.0,16,1,5,16,1,5,5,0,0
40,82,Q-TCID,1.0,350,8050.0,0.982840800762631,702.8264223709702,19.0,17,1,1,17,1,1,1,0,0
41,83,Q-TCID,1.0,350,16100.0,0.9901812688821753,1110.3569353856146,14.0,13,0,1,13,0,1,1,0,0
42,84,Q-TCID,1.0,350,16100.0,0.9700854700854701,772.5254367664456,28.0,26,2,0,26,2,0,0,0,0
43,85,Q-TCID,1.0,350,11900.0,0.9832915622389307,946.0112889092416,27.0,20,0,7,20,0,7,7,0,0
44,86,Q-TCID,1.0,350,8050.0,0.9821905609973286,873.7997071556747,27.0,20,0,7,20,0,7,7,0,0
45,87,Q-TCID,1.0,350,8750.0,0.9776386404293381,857.3196393288672,30.0,24,1,5,24,1,5,5,0,0
46,88,Q-TCID,1.0,350,11200.0,0.9844389844389845,921.7956790328026,22.0,15,4,3,15,4,3,3,0,0
47,89,Q-TCID,1.0,350,11900.0,0.9816955684007708,889.9236630853266,24.0,17,2,5,17,2,5,5,0,0
48,90,Q-TCID,1.0,350,13650.0,0.981149012567325,975.3113855049014,23.0,19,2,2,19,2,2,2,0,0
49,91,Q-TCID,1.0,350,11200.0,0.9828150572831423,879.0028978493065,23.0,21,0,2,21,0,2,2,0,0
50,92,Q-TCID,1.0,350,11200.0,0.9822184589331076,800.0845417976379,21.0,20,1,0,20,1,0,0,0,0
51,93,Q-TCID,1.0,350,10150.0,0.97678916827853,845.844922222197,28.0,21,3,4,21,3,4,4,0,0
52,94,Q-TCID,1.0,350,16100.0,0.9803921568627451,972.7592501547188,25.0,21,2,2,21,2,2,2,0,0
53,95,Q-TCID,1.0,350,13650.0,0.9792452830188679,819.6113448608667,24.0,21,1,2,21,1,2,2,0,0
54,96,Q-TCID,1.0,350,12600.0,0.9873684210526316,941.3422660976648,19.0,17,1,1,17,1,1,1,0,0
55,97,Q-TCID,1.0,350,14000.0,0.988599348534202,979.3077524974942,15.0,14,0,1,14,0,1,1,0,0
56,98,Q-TCID,1.0,350,15050.0,0.9787234042553191,864.9562614001334,25.0,23,1,1,23,1,1,1,0,0
57,99,Q-TCID,1.0,350,9800.0,0.9769230769230769,761.288127599284,26.0,24,0,2,24,0,2,2,0,0
58,100,Q-TCID,1.0,350,16100.0,0.9867938371239912,1188.7609075587243,21.0,17,1,3,17,1,3,3,0,0
59,101,Q-TCID,1.0,350,9800.0,0.978494623655914,713.8658915869892,23.0,21,1,1,21,1,1,1,0,0
60,102,Q-TCID,1.0,350,12250.0,0.9830899308224442,866.4004930332303,22.0,21,1,0,21,1,0,0,0,0
61,103,Q-TCID,1.0,350,12950.0,0.9779735682819384,866.7566049452871,26.0,24,1,1,24,1,1,1,0,0
62,104,Q-TCID,1.0,350,9800.0,0.9786821705426356,809.8776193186641,26.0,21,1,4,21,1,4,4,0,0
63,105,Q-TCID,1.0,350,9450.0,0.9815303430079155,750.7828262522817,23.0,21,0,2,21,0,2,2,0,0
64,106,Q-TCID,1.0,350,12950.0,0.9786507258753202,939.3242986071855,25.0,24,1,0,24,1,0,0,0,0
65,107,Q-TCID,1.0,350,11900.0,0.9843205574912892,930.8765327427536,20.0,18,0,2,18,0,2,2,0,0
66,108,Q-TCID,1.0,350,9450.0,0.9748743718592965,764.9085986800492,29.0,25,0,4,25,0,4,4,0,0
67,109,Q-TCID,1.0,350,11550.0,0.9808612440191388,851.2063848730177,22.0,17,3,2,17,3,2,2,0,0
68,110,Q-TCID,1.0,350,16100.0,0.9699170124481328,716.4180269408971,30.0,27,2,1,27,2,1,1,0,0
69,111,Q-TCID,1.0,350,10850.0,0.9816207184628237,882.7025049161166,23.0,22,0,1,22,0,1,1,0,0
70,112,Q-TCID,1.0,350,14350.0,0.9821276595744681,904.9001473095268,21.0,20,1,0,20,1,0,0,0,0
71,113,Q-TCID,1.0,350,11200.0,0.9775739041794088,880.3284255079925,30.0,21,1,8,21,1,8,8,0,0
72,114,Q-TCID,1.0,350,14000.0,0.9817490494296578,1019.4099103715271,25.0,23,1,1,23,1,1,1,0,0
73,115,Q-TCID,1.0,350,13650.0,0.9755381604696673,835.1615649219602,28.0,23,2,3,23,2,3,3,0,0
74,116,Q-TCID,1.0,350,15750.0,0.987411487018096,919.4611676242203,17.0,16,0,1,16,0,1,1,0,0
75,117,Q-TCID,1.0,350,8750.0,0.9826325411334552,765.047086648643,22.0,19,0,3,19,0,3,3,0,0
76,118,Q-TCID,1.0,350,9800.0,0.9731610337972167,760.1406558901072,30.0,24,3,3,24,3,3,3,0,0
77,119,Q-TCID,1.0,350,12600.0,0.9792418772563177,842.0859631802887,24.0,22,1,1,22,1,1,1,0,0
78,120,Q-TCID,1.0,350,10150.0,0.9762376237623762,735.8459100313485,26.0,23,1,2,23,1,2,2,0,0
79,121,Q-TCID,1.0,350,7350.0,0.9724680432645034,676.8698209375143,29.0,25,3,1,25,3,1,1,0,0
0,42,TA-QTCID,1.0,350,8400.0,0.9840823970037453,720.1572019942105,17.0,17,0,0,17,0,0,0,0,1068
1,43,TA-QTCID,1.0,350,12600.0,0.9879129734085415,984.0559113081545,15.0,15,0,0,15,0,0,0,0,1241
2,44,TA-QTCID,1.0,350,10850.0,0.9886264216972879,863.0174298882484,13.0,13,0,0,13,0,0,0,0,1143
3,45,TA-QTCID,1.0,350,10850.0,0.9895561357702349,865.3321573045105,12.0,12,0,0,12,0,0,0,0,1149
4,46,TA-QTCID,1.0,350,10500.0,0.9828674481514879,863.9274936616421,20.0,19,0,1,19,0,1,1,1,1108
5,47,TA-QTCID,1.0,350,7000.0,0.9778633301251203,665.5731597896665,24.0,23,0,1,23,0,1,1,1,1038
6,48,TA-QTCID,1.0,350,11200.0,0.9883810999225406,918.2939119189978,15.0,15,0,0,15,0,0,0,0,1291
7,49,TA-QTCID,1.0,350,9450.0,0.9863123993558777,820.917088534683,17.0,17,0,0,17,0,0,0,0,1242
8,50,TA-QTCID,1.0,350,12250.0,0.9828674481514879,933.6660760436207,19.0,19,0,0,19,0,0,0,0,1109
9,51,TA-QTCID,1.0,350,16100.0,0.991929567131328,1173.6855033785105,11.0,11,0,0,11,0,0,0,0,1363
10,52,TA-QTCID,1.0,350,10850.0,0.9810469314079422,888.0837515555322,22.0,20,1,1,20,1,1,1,1,1107
11,53,TA-QTCID,1.0,350,11550.0,0.9907604832977968,965.8546359017491,13.0,13,0,0,13,0,0,0,0,1407
12,54,TA-QTCID,1.0,350,9800.0,0.984302862419206,799.2931820005178,17.0,17,0,0,17,0,0,0,0,1083
13,55,TA-QTCID,1.0,350,7350.0,0.9846678023850085,693.2114008031785,18.0,18,0,0,18,0,0,0,0,1174
14,56,TA-QTCID,1.0,350,10150.0,0.9921691464369616,862.799805952236,10.0,10,0,0,10,0,0,0,0,1277
15,57,TA-QTCID,1.0,350,8750.0,0.9855630413859481,731.9682470094413,15.0,15,0,0,15,0,0,0,0,1039
16,58,TA-QTCID,1.0,350,11900.0,0.9780793319415448,906.2850269600749,22.0,21,0,1,21,0,1,1,1,957
17,59,TA-QTCID,1.0,350,10500.0,0.9828519855595668,840.9187074732035,19.0,18,1,0,18,1,0,0,0,1108
18,60,TA-QTCID,1.0,350,10150.0,0.9853658536585366,848.9114414583892,18.0,18,0,0,18,0,0,0,0,1230
19,61,TA-QTCID,1.0,350,11200.0,0.98714859437751,935.6444755382836,17.0,16,0,1,16,0,1,1,1,1244
20,62,TA-QTCID,1.0,350,12600.0,0.9876644736842105,982.7699516322464,15.0,15,0,0,15,0,0,0,0,1216
21,63,TA-QTCID,1.0,350,9100.0,0.9844827586206897,779.5289709866047,18.0,18,0,0,18,0,0,0,0,1160
22,64,TA-QTCID,1.0,350,11550.0,0.9887459807073955,953.1137431189418,15.0,14,0,1,14,0,1,1,1,1243
23,65,TA-QTCID,1.0,350,14000.0,0.986322188449848,1074.2511445078999,18.0,18,0,0,18,0,0,0,0,1316
24,66,TA-QTCID,1.0,350,11200.0,0.9883540372670807,920.0942554678768,15.0,15,0,0,15,0,0,0,0,1288
25,67,TA-QTCID,1.0,350,11900.0,0.9862792574656981,944.4879213012755,17.0,17,0,0,17,0,0,0,0,1239
26,68,TA-QTCID,1.0,350,9450.0,0.9801699716713881,771.0218531377614,21.0,21,0,0,21,0,0,0,0,1059
27,69,TA-QTCID,1.0,350,10500.0,0.990506329113924,877.1827703118324,12.0,12,0,0,12,0,0,0,0,1264
28,70,TA-QTCID,1.0,350,11200.0,0.9860869565217392,885.8877281136811,16.0,16,0,0,16,0,0,0,0,1150
29,71,TA-QTCID,1.0,350,10500.0,0.9846022241231822,855.3214558381587,18.0,17,1,0,17,1,0,0,0,1169
30,72,TA-QTCID,1.0,350,11550.0,0.9914463452566097,936.0203714445233,11.0,11,0,0,11,0,0,0,0,1286
31,73,TA-QTCID,1.0,350,14700.0,0.9887556221889056,1122.0492764320225,15.0,15,0,0,15,0,0,0,0,1334
32,74,TA-QTCID,1.0,350,11200.0,0.9829596412556054,879.4579297397286,19.0,18,1,0,18,1,0,0,0,1115
33,75,TA-QTCID,1.0,350,9450.0,0.9911894273127754,817.4351054150611,11.0,10,0,1,10,0,1,1,1,1134
34,76,TA-QTCID,1.0,350,9800.0,0.9836065573770492,800.3219497352839,18.0,18,0,0,18,0,0,0,0,1098
35,77,TA-QTCID,1.0,350,8750.0,0.9854651162790697,754.4626493230462,16.0,15,0,1,15,0,1,1,1,1031
36,78,TA-QTCID,1.0,350,8400.0,0.9802566633761106,704.9828778300434,20.0,20,0,0,20,0,0,0,0,1013
37,79,TA-QTCID,1.0,350,9100.0,0.99079754601227,840.6021635551006,13.0,12,0,1,12,0,1,1,1,1303
38,80,TA-QTCID,1.0,350,9100.0,0.9871912168344007,790.1925443001091,15.0,14,0,1,14,0,1,1,1,1092
39,81,TA-QTCID,1.0,350,10500.0,0.9910793933987511,840.4043236039579,10.0,10,0,0,10,0,0,0,0,1121
40,82,TA-QTCID,1.0,350,15050.0,0.9890625,1146.067046361044,15.0,14,0,1,14,0,1,1,1,1279
41,83,TA-QTCID,1.0,350,10500.0,0.983170947741364,842.4618590846658,19.0,19,0,0,19,0,0,0,0,1129
42,84,TA-QTCID,1.0,350,9100.0,0.9825367647058824,761.011151669547,19.0,19,0,0,19,0,0,0,0,1088
43,85,TA-QTCID,1.0,350,10500.0,0.9839285714285714,842.7190510239452,18.0,18,0,0,18,0,0,0,0,1120
44,86,TA-QTCID,1.0,350,10850.0,0.9878892733564014,867.3896927926689,14.0,14,0,0,14,0,0,0,0,1156
45,87,TA-QTCID,1.0,350,10150.0,0.9854132901134521,851.7405527420342,18.0,18,0,0,18,0,0,0,0,1234
46,88,TA-QTCID,1.0,350,10150.0,0.9865433137089992,839.138147931546,16.0,16,0,0,16,0,0,0,0,1189
47,89,TA-QTCID,1.0,350,16100.0,0.987012987012987,1155.8007718976587,16.0,15,0,1,15,0,1,1,1,1154
48,90,TA-QTCID,1.0,350,9450.0,0.9912420382165605,820.6598965954036,11.0,11,0,0,11,0,0,0,0,1256
49,91,TA-QTCID,1.0,350,10500.0,0.9878892733564014,851.4635768122971,14.0,14,0,0,14,0,0,0,0,1156
50,92,TA-QTCID,1.0,350,7350.0,0.9833333333333333,639.7154783234,16.0,16,0,0,16,0,0,0,0,960
51,93,TA-QTCID,1.0,350,9800.0,0.9789184234647113,845.8251382298768,25.0,23,0,2,23,0,2,2,2,1089
52,94,TA-QTCID,1.0,350,10850.0,0.9831649831649831,875.3626427687705,20.0,19,1,0,19,1,0,0,0,1188
53,95,TA-QTCID,1.0,350,16100.0,0.9859271523178808,1161.7161863967776,18.0,17,0,1,17,0,1,1,1,1207
54,96,TA-QTCID,1.0,350,10850.0,0.9838160136286201,878.1917540561408,19.0,18,1,0,18,1,0,0,0,1174
55,97,TA-QTCID,1.0,350,13300.0,0.9891891891891892,1032.11123515293,14.0,14,0,0,14,0,0,0,0,1295
56,98,TA-QTCID,1.0,350,12600.0,0.9836734693877551,979.940840344876,20.0,19,1,0,19,1,0,0,0,1225
57,99,TA-QTCID,1.0,350,12250.0,0.9909977494373593,985.1044630352408,12.0,12,0,0,12,0,0,0,0,1333
58,100,TA-QTCID,1.0,350,12600.0,0.9870235198702352,984.5702951774001,16.0,15,1,0,15,1,0,0,0,1233
59,101,TA-QTCID,1.0,350,12250.0,0.9887550200803212,985.2231670040637,15.0,14,0,1,14,0,1,1,1,1244
60,102,TA-QTCID,1.0,350,10150.0,0.9903691813804173,903.673539608717,14.0,12,0,2,12,0,2,2,2,1244
61,103,TA-QTCID,1.0,350,10850.0,0.9878971255673222,911.1123217381537,16.0,16,0,0,16,0,0,0,0,1322
62,104,TA-QTCID,1.0,350,7350.0,0.9849397590361446,672.2403661049902,16.0,15,0,1,15,0,1,1,1,995
63,105,TA-QTCID,1.0,350,10500.0,0.9840336134453781,888.6179194245487,20.0,18,1,1,18,1,1,1,1,1189
64,106,TA-QTCID,1.0,350,12950.0,0.9907904834996163,1038.1651376280934,13.0,12,0,1,12,0,1,1,1,1302
65,107,TA-QTCID,1.0,350,15400.0,0.982532751091703,1112.7507987879217,20.0,20,0,0,20,0,0,0,0,1145
66,108,TA-QTCID,1.0,350,16100.0,0.9866785079928952,1120.4467728324234,15.0,15,0,0,15,0,0,0,0,1126
67,109,TA-QTCID,1.0,350,9800.0,0.9905982905982906,868.200836578384,13.0,11,0,2,11,0,2,2,2,1168
68,110,TA-QTCID,1.0,350,10850.0,0.9821124361158433,895.7995096035302,22.0,20,1,1,20,1,1,1,1,1173
69,111,TA-QTCID,1.0,350,11200.0,0.988822652757079,932.4394683428109,15.0,15,0,0,15,0,0,0,0,1342
70,112,TA-QTCID,1.0,350,10850.0,0.9896988906497622,894.3948459587991,13.0,13,0,0,13,0,0,0,0,1262
71,113,TA-QTCID,1.0,350,11900.0,0.9878048780487805,959.1478615943342,16.0,16,0,0,16,0,0,0,0,1312
72,114,TA-QTCID,1.0,350,9800.0,0.9864986498649865,802.6366771534085,15.0,15,0,0,15,0,0,0,0,1111
73,115,TA-QTCID,1.0,350,10500.0,0.9821596244131455,852.6110485251993,20.0,19,0,1,19,0,1,1,1,1064
74,116,TA-QTCID,1.0,350,11900.0,0.982648401826484,905.9091310519725,19.0,19,0,0,19,0,0,0,0,1095
75,117,TA-QTCID,1.0,350,10500.0,0.9853700516351118,856.0930316466838,17.0,17,0,0,17,0,0,0,0,1162
76,118,TA-QTCID,1.0,350,9100.0,0.9858623939679547,755.3529290985316,15.0,13,2,0,13,2,0,0,0,1061
77,119,TA-QTCID,1.0,350,9800.0,0.9762845849802372,775.374332042411,24.0,24,0,0,24,0,0,0,0,1012
78,120,TA-QTCID,1.0,350,9100.0,0.987012987012987,778.2430113162845,15.0,13,2,0,13,2,0,0,0,1155
79,121,TA-QTCID,1.0,350,8750.0,0.9833005893909627,726.5672163758427,17.0,17,0,0,17,0,0,0,0,1018
0,42,Q-TCID,1.0,600,9000.0,0.9511400651465798,532.7038493622094,35.0,27,3,5,27,3,5,5,0,0
1,43,Q-TCID,1.0,600,12000.0,0.9479166666666666,601.4334479961544,36.0,28,2,6,28,2,6,6,0,0
2,44,Q-TCID,1.0,600,8400.0,0.9191489361702128,460.2152916882187,43.0,35,3,5,35,3,5,5,0,0
3,45,Q-TCID,1.0,600,9600.0,0.9309090909090909,531.4376736860722,45.0,32,6,7,32,6,7,7,0,0
4,46,Q-TCID,1.0,600,12600.0,0.958139534883721,679.9561241548508,34.0,24,3,7,24,3,7,7,0,0
5,47,Q-TCID,1.0,600,8400.0,0.951048951048951,445.9312472976744,30.0,27,1,2,27,1,2,2,0,0
6,48,Q-TCID,1.0,600,16200.0,0.9787535410764873,688.0477781035006,21.0,13,2,6,13,2,6,6,0,0
7,49,Q-TCID,1.0,600,10200.0,0.9343971631205674,509.71484717540443,43.0,32,5,6,32,5,6,6,0,0
8,50,Q-TCID,1.0,600,13200.0,0.9597014925373134,557.2360031679273,31.0,24,3,4,24,3,4,4,0,0
9,51,Q-TCID,1.0,600,11400.0,0.9384615384615385,459.4041478969157,37.0,35,1,1,35,1,1,1,0,0
10,52,Q-TCID,1.0,600,7800.0,0.9327433628318584,502.3749850280583,43.0,30,8,5,30,8,5,5,0,0
11,53,Q-TCID,1.0,600,15600.0,0.9619883040935673,674.7925014514476,31.0,24,2,5,24,2,5,5,0,0
12,54,Q-TCID,1.0,600,10200.0,0.9357638888888888,581.1746371164918,45.0,34,3,8,34,3,8,8,0,0
13,55,Q-TCID,1.0,600,11400.0,0.961139896373057,651.8430672548711,36.0,25,5,6,25,5,6,6,0,0
14,56,Q-TCID,1.0,600,10800.0,0.9512987012987013,525.6211791560054,34.0,27,3,4,27,3,4,4,0,0
15,57,Q-TCID,1.0,600,6600.0,0.9460869565217391,444.17047174461186,35.0,28,3,4,28,3,4,4,0,0
16,58,Q-TCID,1.0,600,12600.0,0.9707057256990679,562.874441742897,24.0,21,1,2,21,1,2,2,0,0
17,59,Q-TCID,1.0,600,12600.0,0.9606413994169096,675.3068853262812,32.0,24,3,5,24,3,5,5,0,0
18,60,Q-TCID,1.0,600,16200.0,0.9658002735978112,504.5512244813144,27.0,23,2,2,23,2,2,2,0,0
19,61,Q-TCID,1.0,600,5400.0,0.9389587073608617,447.13807098940015,39.0,28,6,5,28,6,5,5,0,0
20,62,Q-TCID,1.0,600,10200.0,0.9363636363636364,549.1641332041472,42.0,30,5,7,30,5,7,7,0,0
21,63,Q-TCID,1.0,600,12000.0,0.9652042360060514,658.7476815078408,29.0,21,2,6,21,2,6,6,0,0
22,64,Q-TCID,1.0,600,4200.0,0.9100642398286938,363.21436420083046,46.0,37,5,4,37,5,4,4,0,0
23,65,Q-TCID,1.0,600,10800.0,0.9339130434782609,583.4497965425253,44.0,32,6,6,32,6,6,6,0,0
24,66,Q-TCID,1.0,600,12000.0,0.9582712369597616,585.3490600641817,31.0,24,4,3,24,4,3,3,0,0
25,67,Q-TCID,1.0,600,12000.0,0.9410801963993454,587.6440034825355,39.0,33,3,3,33,3,3,3,0,0
26,68,Q-TCID,1.0,600,9600.0,0.9646892655367232,617.6563238929957,31.0,23,2,6,23,2,6,6,0,0
27,69,Q-TCID,1.0,600,7800.0,0.9443609022556391,469.85009725391865,39.0,32,5,2,32,5,2,2,0,0
28,70,Q-TCID,1.0,600,8400.0,0.9439252336448598,532.3081694636494,40.0,32,4,4,32,4,4,4,0,0
29,71,Q-TCID,1.0,600,12600.0,0.956338028169014,534.6031128913164,33.0,25,6,2,25,6,2,2,0,0
30,72,Q-TCID,1.0,600,9600.0,0.9581589958158996,713.6680516302586,39.0,25,5,9,25,5,9,9,0,0
31,73,Q-TCID,1.0,600,9000.0,0.9476268412438625,499.0117058828473,35.0,28,4,3,28,4,3,3,0,0
32,74,Q-TCID,1.0,600,14400.0,0.9649595687331537,732.7596068046987,32.0,24,2,6,24,2,6,6,0,0
33,75,Q-TCID,1.0,600,13200.0,0.94,524.0384595580399,38.0,34,2,2,34,2,2,2,0,0
34,76,Q-TCID,1.0,600,11400.0,0.9585185185185185,624.363098198548,36.0,24,4,8,24,4,8,8,0,0
35,77,Q-TCID,1.0,600,12000.0,0.922,480.5928065367043,41.0,38,1,2,38,1,2,2,0,0
36,78,Q-TCID,1.0,600,16200.0,0.96602658788774,551.439292633906,26.0,20,3,3,20,3,3,3,0,0
37,79,Q-TCID,1.0,600,7800.0,0.9571865443425076,618.9620675612241,36.0,26,2,8,26,2,8,8,0,0
38,80,Q-TCID,1.0,600,16200.0,0.9523099850968704,539.7667355798185,36.0,30,2,4,30,2,4,4,0,0
39,81,Q-TCID,1.0,600,10800.0,0.9594594594594594,566.3366408701986,30.0,26,1,3,26,1,3,3,0,0
40,82,Q-TCID,1.0,600,11400.0,0.9643874643874644,522.4161719679832,28.0,25,0,3,25,0,3,3,0,0
41,83,Q-TCID,1.0,600,8400.0,0.9577677224736049,537.7092000991106,32.0,23,5,4,23,5,4,4,0,0
42,84,Q-TCID,1.0,600,7200.0,0.9395509499136442,488.2492125965655,40.0,33,2,5,33,2,5,5,0,0
43,85,Q-TCID,1.0,600,10800.0,0.9713216957605985,651.9617712255567,28.0,22,1,5,22,1,5,5,0,0
44,86,Q-TCID,1.0,600,8400.0,0.9556213017751479,548.6497493349016,35.0,28,2,5,28,2,5,5,0,0
45,87,Q-TCID,1.0,600,12000.0,0.9536741214057508,512.9989903494716,31.0,28,1,2,28,1,2,2,0,0
46,88,Q-TCID,1.0,600,9000.0,0.9565217391304348,443.3593279477209,30.0,28,2,0,28,2,0,0,0,0
47,89,Q-TCID,1.0,600,6600.0,0.9303675048355899,497.62682623043656,42.0,34,2,6,34,2,6,6,0,0
48,90,Q-TCID,1.0,600,7800.0,0.9420970266040689,470.760161023587,40.0,34,3,3,34,3,3,3,0,0
49,91,Q-TCID,1.0,600,11400.0,0.9703903095558546,507.6375277042389,24.0,22,0,2,22,0,2,2,0,0
50,92,Q-TCID,1.0,600,11400.0,0.9579207920792079,688.9578418768942,39.0,31,3,5,31,3,5,5,0,0
51,93,Q-TCID,1.0,600,11400.0,0.9420062695924765,516.085293572396,39.0,27,10,2,27,10,2,2,0,0
52,94,Q-TCID,1.0,600,11400.0,0.9525316455696202,565.1891691554338,34.0,29,1,4,29,1,4,4,0,0
53,95,Q-TCID,1.0,600,12000.0,0.9515347334410339,544.1192144788802,34.0,27,3,4,27,3,4,4,0,0
54,96,Q-TCID,1.0,600,16200.0,0.9671717171717171,654.4545545969158,27.0,21,5,1,21,5,1,1,0,0
55,97,Q-TCID,1.0,600,15600.0,0.9584,477.28887937404215,28.0,25,1,2,25,1,2,2,0,0
56,98,Q-TCID,1.0,600,12000.0,0.9340866290018832,496.1628106031567,38.0,31,4,3,31,4,3,3,0,0
57,99,Q-TCID,1.0,600,7800.0,0.9480314960629921,639.3989343922585,42.0,28,5,9,28,5,9,9,0,0
58,100,Q-TCID,1.0,600,10800.0,0.955177743431221,569.0470481794327,33.0,28,1,4,28,1,4,4,0,0
59,101,Q-TCID,1.0,600,16200.0,0.9603053435114504,799.0162060633302,32.0,25,1,6,25,1,6,6,0,0
60,102,Q-TCID,1.0,600,12600.0,0.9565217391304348,586.0414998885244,38.0,29,5,4,29,5,4,4,0,0
61,103,Q-TCID,1.0,600,8400.0,0.946218487394958,416.39374276064336,34.0,30,2,2,30,2,2,2,0,0
62,104,Q-TCID,1.0,600,8400.0,0.9378151260504202,492.36428356170654,42.0,34,3,5,34,3,5,5,0,0
63,105,Q-TCID,1.0,600,10800.0,0.9611801242236024,540.4196074195206,30.0,24,1,5,24,1,5,5,0,0
64,106,Q-TCID,1.0,600,12000.0,0.9597701149425287,667.7493992391974,34.0,27,1,6,27,1,6,6,0,0
65,107,Q-TCID,1.0,600,10800.0,0.9595645412130638,507.2418478000909,29.0,26,0,3,26,0,3,3,0,0
66,108,Q-TCID,1.0,600,7800.0,0.934819897084048,431.0338990651071,40.0,33,5,2,33,5,2,2,0,0
67,109,Q-TCID,1.0,600,10800.0,0.946524064171123,551.9932444896549,37.0,26,4,7,26,4,7,7,0,0
68,110,Q-TCID,1.0,600,13800.0,0.946551724137931,645.5121888574213,38.0,28,3,7,28,3,7,7,0,0
69,111,Q-TCID,1.0,600,12600.0,0.9624624624624625,660.0336411874741,31.0,24,1,6,24,1,6,6,0,0
70,112,Q-TCID,1.0,600,11400.0,0.9581529581529582,545.4249581508338,33.0,27,2,4,27,2,4,4,0,0
71,113,Q-TCID,1.0,600,8400.0,0.9417808219178082,522.4557399526238,41.0,32,2,7,32,2,7,7,0,0
72,114,Q-TCID,1.0,600,11400.0,0.9495798319327731,522.7524998839945,32.0,27,3,2,27,3,2,2,0,0
73,115,Q-TCID,1.0,600,14400.0,0.9457735247208932,523.3855877257884,35.0,30,4,1,30,4,1,1,0,0
74,116,Q-TCID,1.0,600,9000.0,0.9535603715170279,540.9339912831783,35.0,29,1,5,29,1,5,5,0,0
75,117,Q-TCID,1.0,600,13800.0,0.9488,621.6329068932682,39.0,31,1,7,31,1,7,7,0,0
76,118,Q-TCID,1.0,600,7200.0,0.9046653144016227,509.1806793101132,53.0,38,9,6,38,9,6,6,0,0
77,119,Q-TCID,1.0,600,11400.0,0.9382911392405063,625.9656017944217,44.0,34,5,5,34,5,5,5,0,0
78,120,Q-TCID,1.0,600,10200.0,0.9606060606060606,612.9081650935113,33.0,25,1,7,25,1,7,7,0,0
79,121,Q-TCID,1.0,600,9000.0,0.927536231884058,577.5343820340931,46.0,35,5,6,35,5,6,6,0,0
0,42,TA-QTCID,1.0,600,10200.0,0.9668874172185431,479.5640388019383,20.0,20,0,0,20,0,0,0,0,604
1,43,TA-QTCID,1.0,600,10200.0,0.9720670391061452,507.3407677821815,20.0,20,0,0,20,0,0,0,0,716
2,44,TA-QTCID,1.0,600,8400.0,0.9621212121212122,465.0821544639766,26.0,25,0,1,25,0,1,1,1,659
3,45,TA-QTCID,1.0,600,10200.0,0.9577464788732394,511.31735077500343,28.0,27,0,1,27,0,1,1,1,638
4,46,TA-QTCID,1.0,600,10200.0,0.9519038076152304,503.20591282844543,26.0,24,0,2,24,0,2,2,2,497
5,47,TA-QTCID,1.0,600,9600.0,0.9603448275862069,480.9884864408523,24.0,23,0,1,23,0,1,1,1,579
6,48,TA-QTCID,1.0,600,12000.0,0.9836065573770492,603.3327115196735,14.0,13,0,1,13,0,1,1,1,792
7,49,TA-QTCID,1.0,600,12600.0,0.9648854961832061,566.1585849169642,23.0,23,0,0,23,0,0,0,0,655
8,50,TA-QTCID,1.0,600,9000.0,0.9639097744360903,455.9419487696141,24.0,23,1,0,23,1,0,0,0,665
9,51,TA-QTCID,1.0,600,6000.0,0.9643874643874644,401.89207442849874,26.0,25,0,1,25,0,1,1,1,701
10,52,TA-QTCID,1.0,600,10800.0,0.9773049645390071,520.6949644032866,16.0,16,0,0,16,0,0,0,0,705
11,53,TA-QTCID,1.0,600,12600.0,0.9736842105263158,607.4279984887689,20.0,19,0,1,19,0,1,1,1,721
12,54,TA-QTCID,1.0,600,7200.0,0.9553264604810997,381.4156396035105,26.0,26,0,0,26,0,0,0,0,582
13,55,TA-QTCID,1.0,600,7200.0,0.9593984962406015,402.76257020793855,27.0,27,0,0,27,0,0,0,0,665
14,56,TA-QTCID,1.0,600,9000.0,0.9530075187969925,424.3073407653719,25.0,25,0,0,25,0,0,0,0,532
15,57,TA-QTCID,1.0,600,8400.0,0.9720930232558139,433.07165054790676,18.0,18,0,0,18,0,0,0,0,645
16,58,TA-QTCID,1.0,600,10200.0,0.9699140401146131,500.13939359784126,21.0,21,0,0,21,0,0,0,0,698
17,59,TA-QTCID,1.0,600,10200.0,0.9723926380368099,491.90925168432295,18.0,18,0,0,18,0,0,0,0,652
18,60,TA-QTCID,1.0,600,7200.0,0.9641744548286605,498.1412100996822,27.0,22,1,4,22,1,4,4,4,638
19,61,TA-QTCID,1.0,600,12000.0,0.9718875502008032,570.8078237418085,21.0,21,0,0,21,0,0,0,0,747
20,62,TA-QTCID,1.0,600,9000.0,0.9744897959183674,513.4144542459399,21.0,20,0,1,20,0,1,1,1,783
21,63,TA-QTCID,1.0,600,10800.0,0.9702702702702702,528.6679143868387,22.0,22,0,0,22,0,0,0,0,740
22,64,TA-QTCID,1.0,600,9000.0,0.9686567164179104,483.83738171868026,22.0,21,0,1,21,0,1,1,1,669
23,65,TA-QTCID,1.0,600,13200.0,0.9710906701708278,612.4333492275327,22.0,22,0,0,22,0,0,0,0,761
24,66,TA-QTCID,1.0,600,10800.0,0.9681528662420382,503.4631047639996,20.0,20,0,0,20,0,0,0,0,628
25,67,TA-QTCID,1.0,600,10800.0,0.95929203539823,534.0491610318422,25.0,22,1,2,22,1,2,2,2,563
26,68,TA-QTCID,1.0,600,13200.0,0.9774436090225563,618.0915717929602,18.0,18,0,0,18,0,0,0,0,798
27,69,TA-QTCID,1.0,600,9000.0,0.9494949494949495,492.9578034169972,32.0,30,0,2,30,0,2,2,2,592
28,70,TA-QTCID,1.0,600,7200.0,0.9556213017751479,404.8201056905091,30.0,28,2,0,28,2,0,0,0,676
29,71,TA-QTCID,1.0,600,14400.0,0.9881465517241379,709.7310366313905,12.0,11,0,1,11,0,1,1,1,927
30,72,TA-QTCID,1.0,600,13200.0,0.979108635097493,594.9442976377904,15.0,15,0,0,15,0,0,0,0,718
31,73,TA-QTCID,1.0,600,9600.0,0.9742033383915023,496.9343864079565,18.0,16,1,1,16,1,1,1,1,658
32,74,TA-QTCID,1.0,600,9600.0,0.9656203288490284,474.9543679654598,23.0,23,0,0,23,0,0,0,0,669
33,75,TA-QTCID,1.0,600,13200.0,0.9763779527559056,632.8702160567045,19.0,18,0,1,18,0,1,1,1,761
34,76,TA-QTCID,1.0,600,9000.0,0.9762219286657859,504.9271203856915,19.0,18,0,1,18,0,1,1,1,756
35,77,TA-QTCID,1.0,600,6600.0,0.9590316573556797,353.6586946230382,22.0,22,0,0,22,0,0,0,0,537
36,78,TA-QTCID,1.0,600,9600.0,0.9573070607553367,459.522851863876,26.0,25,1,0,25,1,0,0,0,609
37,79,TA-QTCID,1.0,600,9600.0,0.9713375796178344,492.304931582883,19.0,18,0,1,18,0,1,1,1,627
38,80,TA-QTCID,1.0,600,9000.0,0.9651898734177216,498.10164211317897,24.0,21,1,2,21,1,2,2,2,630
39,81,TA-QTCID,1.0,600,9600.0,0.9639769452449568,482.41293408349156,25.0,25,0,0,25,0,0,0,0,694
40,82,TA-QTCID,1.0,600,10200.0,0.9726027397260274,491.90925168432295,18.0,18,0,0,18,0,0,0,0,657
41,83,TA-QTCID,1.0,600,7800.0,0.9567496723460026,470.76016102172434,34.0,33,0,1,33,0,1,1,1,762
42,84,TA-QTCID,1.0,600,7800.0,0.9630872483221476,453.1326214764267,24.0,22,0,2,22,0,2,2,2,594
43,85,TA-QTCID,1.0,600,12600.0,0.9779141104294479,602.1654558163136,18.0,17,1,0,17,1,0,0,0,815
44,86,TA-QTCID,1.0,600,8400.0,0.959375,434.35761022754014,26.0,24,2,0,24,2,0,0,0,640
45,87,TA-QTCID,1.0,600,10800.0,0.9551282051282052,502.69152896106243,28.0,28,0,0,28,0,0,0,0,624
46,88,TA-QTCID,1.0,600,7800.0,0.96,429.23355551995337,28.0,26,2,0,26,2,0,0,0,700
47,89,TA-QTCID,1.0,600,11400.0,0.9714693295292439,561.4302101060748,21.0,19,1,1,19,1,1,1,1,700
48,90,TA-QTCID,1.0,600,6600.0,0.9486754966887417,394.6709162555635,32.0,31,0,1,31,0,1,1,1,603
49,91,TA-QTCID,1.0,600,12600.0,0.9754098360655737,579.789757469669,18.0,18,0,0,18,0,0,0,0,732
50,92,TA-QTCID,1.0,600,7200.0,0.9709302325581395,407.9064089115709,20.0,20,0,0,20,0,0,0,0,688
51,93,TA-QTCID,1.0,600,9600.0,0.96987087517934,481.898550208658,21.0,21,0,0,21,0,0,0,0,697
52,94,TA-QTCID,1.0,600,9000.0,0.9679054054054054,437.16693751327693,19.0,19,0,0,19,0,0,0,0,592
53,95,TA-QTCID,1.0,600,7800.0,0.9588138385502472,430.63821916282177,26.0,25,0,1,25,0,1,1,1,606
54,96,TA-QTCID,1.0,600,11400.0,0.9750982961992136,584.0631003919989,20.0,17,2,1,17,2,1,1,1,762
55,97,TA-QTCID,1.0,600,10200.0,0.9697885196374623,541.0131272692233,22.0,20,0,2,20,0,2,2,2,660
56,98,TA-QTCID,1.0,600,7200.0,0.9460500963391136,391.8220209721476,29.0,28,0,1,28,0,1,1,1,518
57,99,TA-QTCID,1.0,600,14400.0,0.9838709677419355,653.0301069580019,13.0,13,0,0,13,0,0,0,0,806
58,100,TA-QTCID,1.0,600,10800.0,0.9798657718120806,529.6966821290553,15.0,15,0,0,15,0,0,0,0,745
59,101,TA-QTCID,1.0,600,9600.0,0.9599332220367279,512.4846064820886,26.0,23,1,2,23,1,2,2,2,597
60,102,TA-QTCID,1.0,600,9600.0,0.9643835616438357,490.6430759970099,26.0,25,1,0,25,1,0,0,0,730
61,103,TA-QTCID,1.0,600,14400.0,0.9718518518518519,676.4147890545428,21.0,19,0,2,19,0,2,2,2,673
62,104,TA-QTCID,1.0,600,12600.0,0.9782886334610472,595.2212735731155,17.0,17,0,0,17,0,0,0,0,783
63,105,TA-QTCID,1.0,600,14400.0,0.9712418300653595,647.6290763337165,22.0,21,1,0,21,1,0,0,0,765
64,106,TA-QTCID,1.0,600,7800.0,0.9603960396039604,430.63821916282177,25.0,24,0,1,24,0,1,1,1,605
65,107,TA-QTCID,1.0,600,11400.0,0.9615975422427036,577.752005988732,27.0,24,1,2,24,1,2,2,2,649
66,108,TA-QTCID,1.0,600,5400.0,0.9383802816901409,348.93031981773674,36.0,34,1,1,34,1,1,1,1,567
67,109,TA-QTCID,1.0,600,12000.0,0.9686028257456829,563.9823454655707,21.0,19,1,1,19,1,1,1,1,636
68,110,TA-QTCID,1.0,600,7800.0,0.9617486338797814,390.6547652743757,21.0,21,0,0,21,0,0,0,0,549
69,111,TA-QTCID,1.0,600,11400.0,0.9778699861687413,569.6603520289063,17.0,16,0,1,16,0,1,1,1,722
70,112,TA-QTCID,1.0,600,8400.0,0.9688385269121813,474.34106412157416,23.0,22,0,1,22,0,1,1,1,705
71,113,TA-QTCID,1.0,600,6000.0,0.9446366782006921,419.8757258839905,35.0,30,2,3,30,2,3,3,3,575
72,114,TA-QTCID,1.0,600,6000.0,0.9496402877697842,364.08485998399556,29.0,28,0,1,28,0,1,1,1,555
73,115,TA-QTCID,1.0,600,9000.0,0.9678321678321679,468.02996971458197,23.0,23,0,0,23,0,0,0,0,715
74,116,TA-QTCID,1.0,600,10800.0,0.9776223776223776,523.2668837532401,16.0,16,0,0,16,0,0,0,0,715
75,117,TA-QTCID,1.0,600,9600.0,0.9727148703956344,516.223781529814,21.0,19,1,1,19,1,1,1,1,732
76,118,TA-QTCID,1.0,600,9000.0,0.9662576687116564,477.9219672139734,23.0,21,1,1,21,1,1,1,1,651
77,119,TA-QTCID,1.0,600,10800.0,0.9682080924855492,520.1805805377662,22.0,22,0,0,22,0,0,0,0,692
78,120,TA-QTCID,1.0,600,9600.0,0.9648876404494382,488.5855405256152,25.0,24,1,0,24,1,0,0,0,712
79,121,TA-QTCID,1.0,600,12000.0,0.959866220735786,556.7809712812304,25.0,24,0,1,24,0,1,1,1,597
0,42,Q-TCID,1.0,1000,15000.0,0.8930348258706468,450.32329418696463,49.0,36,7,6,36,7,6,6,0,0
1,43,Q-TCID,1.0,1000,11000.0,0.8904109589041096,387.62781403027475,46.0,35,5,6,35,5,6,6,0,0
2,44,Q-TCID,1.0,1000,4000.0,0.7457044673539519,391.3867730759084,83.0,52,22,9,52,22,9,9,0,0
3,45,Q-TCID,1.0,1000,10000.0,0.8851540616246498,537.5113601442426,53.0,36,5,12,36,5,12,12,0,0
4,46,Q-TCID,1.0,1000,8000.0,0.8717201166180758,508.5871594566852,55.0,40,4,11,40,4,11,11,0,0
5,47,Q-TCID,1.0,1000,12000.0,0.8790322580645161,364.1046439744532,50.0,36,9,5,36,9,5,5,0,0
6,48,Q-TCID,1.0,1000,9000.0,0.8857142857142857,561.0345302000642,53.0,34,6,13,34,6,13,13,0,0
7,49,Q-TCID,1.0,1000,9000.0,0.8602739726027397,496.5189225040376,62.0,44,7,11,44,7,11,11,0,0
8,50,Q-TCID,1.0,1000,11000.0,0.905940594059406,433.11121853441,44.0,33,5,6,33,5,6,6,0,0
9,51,Q-TCID,1.0,1000,7000.0,0.8771929824561403,574.1711028758436,57.0,40,2,15,40,2,15,15,0,0
10,52,Q-TCID,1.0,1000,8000.0,0.8197278911564626,478.2582951206714,64.0,44,9,11,44,9,11,11,0,0
11,53,Q-TCID,1.0,1000,10000.0,0.887468030690537,429.76772338338196,50.0,39,5,6,39,5,6,6,0,0
12,54,Q-TCID,1.0,1000,7000.0,0.8721590909090909,391.8813729546964,52.0,38,7,7,38,7,7,7,0,0
13,55,Q-TCID,1.0,1000,8000.0,0.8948717948717949,647.2927483990788,57.0,38,3,16,38,3,16,16,0,0
14,56,Q-TCID,1.0,1000,4000.0,0.834920634920635,625.4710019081831,70.0,39,13,18,39,13,18,18,0,0
15,57,Q-TCID,1.0,1000,8000.0,0.8759894459102903,315.25796032324433,50.0,37,10,3,37,10,3,3,0,0
16,58,Q-TCID,1.0,1000,8000.0,0.8820375335120644,516.3029175046831,55.0,36,8,11,36,8,11,11,0,0
17,59,Q-TCID,1.0,1000,11000.0,0.8635097493036211,548.1551494561136,60.0,41,8,11,41,8,11,11,0,0
18,60,Q-TCID,1.0,1000,9000.0,0.89501312335958,358.8223173096776,44.0,34,6,4,34,6,4,4,0,0
19,61,Q-TCID,1.0,1000,6000.0,0.882183908045977,441.49963241256773,50.0,38,3,9,38,3,9,9,0,0
20,62,Q-TCID,1.0,1000,5000.0,0.8549848942598187,470.04793719388545,59.0,41,7,11,41,7,11,11,0,0
21,63,Q-TCID,1.0,1000,8000.0,0.8915343915343915,626.4799856562167,57.0,34,7,16,34,7,16,16,0,0
22,64,Q-TCID,1.0,1000,7000.0,0.8567415730337079,435.96011381037533,59.0,40,11,8,40,11,8,8,0,0
23,65,Q-TCID,1.0,1000,7000.0,0.8780487804878049,573.5182310435921,59.0,42,3,14,42,3,14,14,0,0
24,66,Q-TCID,1.0,1000,6000.0,0.8844086021505376,523.642779648304,55.0,36,7,12,36,7,12,12,0,0
25,67,Q-TCID,1.0,1000,7000.0,0.850609756097561,360.3852529153228,55.0,41,8,6,41,8,6,6,0,0
26,68,Q-TCID,1.0,1000,15000.0,0.8959810874704491,483.58018978126347,49.0,40,4,5,40,4,5,5,0,0
27,69,Q-TCID,1.0,1000,9000.0,0.9093078758949881,495.21317883580923,47.0,35,3,9,35,3,9,9,0,0
28,70,Q-TCID,1.0,1000,7000.0,0.8627450980392157,418.49084622971714,57.0,41,8,8,41,8,8,8,0,0
29,71,Q-TCID,1.0,1000,8000.0,0.8523076923076923,352.016623031348,53.0,43,5,5,43,5,5,5,0,0
30,72,Q-TCID,1.0,1000,4000.0,0.8085808580858086,470.4436170924455,70.0,41,17,12,41,17,12,12,0,0
31,73,Q-TCID,1.0,1000,10000.0,0.8484848484848485,624.26417821832,65.0,46,4,15,46,4,15,15,0,0
32,74,Q-TCID,1.0,1000,11000.0,0.8815426997245179,625.1544579938054,57.0,35,8,14,35,8,14,14,0,0
33,75,Q-TCID,1.0,1000,10000.0,0.8958333333333334,544.4555423893034,52.0,34,6,12,34,6,12,12,0,0
34,76,Q-TCID,1.0,1000,5000.0,0.8384146341463414,545.2469021864235,67.0,41,12,14,41,12,14,14,0,0
35,77,Q-TCID,1.0,1000,5000.0,0.8260869565217391,487.14130887389183,64.0,44,8,12,44,8,12,12,0,0
36,78,Q-TCID,1.0,1000,8000.0,0.8746355685131195,475.66659177839756,52.0,38,5,9,38,5,9,9,0,0
37,79,Q-TCID,1.0,1000,6000.0,0.8422619047619048,590.3544107880443,68.0,42,11,15,42,11,15,15,0,0
38,80,Q-TCID,1.0,1000,8000.0,0.8666666666666667,542.0221110023558,59.0,41,5,13,41,5,13,13,0,0
39,81,Q-TCID,1.0,1000,8000.0,0.8917525773195877,368.2197149377316,47.0,37,5,5,37,5,5,5,0,0
40,82,Q-TCID,1.0,1000,17000.0,0.8900804289544236,364.36183591187,46.0,34,7,5,34,7,5,5,0,0
41,83,Q-TCID,1.0,1000,11000.0,0.926829268292683,412.27867180109024,37.0,30,3,4,30,3,4,4,0,0
42,84,Q-TCID,1.0,1000,6000.0,0.8673740053050398,448.9581985268742,59.0,42,8,9,42,8,9,9,0,0
43,85,Q-TCID,1.0,1000,10000.0,0.9129464285714286,487.47763679362833,46.0,33,6,7,33,6,7,7,0,0
44,86,Q-TCID,1.0,1000,9000.0,0.9225181598062954,417.69948642887175,38.0,30,2,6,30,2,6,6,0,0
45,87,Q-TCID,1.0,1000,6000.0,0.8360655737704918,557.0579472016543,64.0,43,7,14,43,7,14,14,0,0
46,88,Q-TCID,1.0,1000,12000.0,0.8951219512195122,442.25142422504723,50.0,37,6,7,37,6,7,7,0,0
47,89,Q-TCID,1.0,1000,9000.0,0.8535031847133758,339.0581063050777,52.0,39,7,6,39,7,6,6,0,0
48,90,Q-TCID,1.0,1000,11000.0,0.8934624697336562,478.47591906785965,51.0,38,6,7,38,6,7,7,0,0
49,91,Q-TCID,1.0,1000,11000.0,0.8773584905660378,549.6785170696676,61.0,43,9,9,43,9,9,9,0,0
50,92,Q-TCID,1.0,1000,4000.0,0.8485714285714285,457.2081244401634,64.0,41,12,11,41,12,11,11,0,0
51,93,Q-TCID,1.0,1000,9000.0,0.8753541076487252,333.894483609125,48.0,38,6,4,38,6,4,4,0,0
52,94,Q-TCID,1.0,1000,5000.0,0.8547945205479452,656.057058179751,71.0,39,14,18,39,14,18,18,0,0
53,95,Q-TCID,1.0,1000,11000.0,0.8683473389355743,395.6996839903295,52.0,40,7,5,40,7,5,5,0,0
54,96,Q-TCID,1.0,1000,12000.0,0.8900523560209425,478.10002316720784,50.0,34,8,8,34,8,8,8,0,0
55,97,Q-TCID,1.0,1000,8000.0,0.8657894736842106,535.8297205697745,62.0,38,13,11,38,13,11,11,0,0
56,98,Q-TCID,1.0,1000,8000.0,0.8431372549019608,423.10051706433296,56.0,44,4,8,44,4,8,8,0,0
57,99,Q-TCID,1.0,1000,9000.0,0.8805555555555555,353.4212866742164,47.0,39,4,4,39,4,4,4,0,0
58,100,Q-TCID,1.0,1000,11000.0,0.8648648648648649,414.23728730529547,57.0,39,11,7,39,11,7,7,0,0
59,101,Q-TCID,1.0,1000,10000.0,0.8071895424836601,567.4445445816964,72.0,46,13,13,46,13,13,13,0,0
60,102,Q-TCID,1.0,1000,9000.0,0.8888888888888888,413.3272235356271,50.0,37,7,6,37,7,6,6,0,0
61,103,Q-TCID,1.0,1000,6000.0,0.8309037900874635,338.9196183402091,63.0,46,12,5,46,12,5,5,0,0
62,104,Q-TCID,1.0,1000,11000.0,0.8746268656716418,567.3060566131026,54.0,38,4,12,38,4,12,12,0,0
63,105,Q-TCID,1.0,1000,8000.0,0.890625,476.08205567114055,52.0,35,7,10,35,7,10,10,0,0
64,106,Q-TCID,1.0,1000,10000.0,0.8571428571428571,403.2967380695045,57.0,43,8,6,43,8,6,6,0,0
65,107,Q-TCID,1.0,1000,8000.0,0.8816120906801007,514.8784698676318,57.0,40,7,10,40,7,10,10,0,0
66,108,Q-TCID,1.0,1000,13000.0,0.886685552407932,521.2884842455387,50.0,35,5,10,35,5,10,10,0,0
67,109,Q-TCID,1.0,1000,6000.0,0.8280254777070064,650.5373235736042,73.0,42,12,19,42,12,19,19,0,0
68,110,Q-TCID,1.0,1000,4000.0,0.7720588235294118,741.0293166991323,85.0,44,18,23,44,18,23,23,0,0
69,111,Q-TCID,1.0,1000,10000.0,0.8421052631578947,452.79629355855286,60.0,44,7,9,44,7,9,9,0,0
70,112,Q-TCID,1.0,1000,13000.0,0.9070796460176991,496.1034586131573,50.0,36,6,8,36,6,8,8,0,0
71,113,Q-TCID,1.0,1000,11000.0,0.8518518518518519,442.2712082155049,61.0,43,9,9,43,9,9,9,0,0
72,114,Q-TCID,1.0,1000,6000.0,0.8489425981873112,361.15682871825993,56.0,41,9,6,41,9,6,6,0,0
73,115,Q-TCID,1.0,1000,7000.0,0.9093198992443325,403.45501003041863,43.0,33,3,7,33,3,7,7,0,0
74,116,Q-TCID,1.0,1000,6000.0,0.8894601542416453,325.4269337505102,47.0,39,4,4,39,4,4,4,0,0
75,117,Q-TCID,1.0,1000,5000.0,0.8579545454545454,399.47842703200877,58.0,42,8,8,42,8,8,8,0,0
76,118,Q-TCID,1.0,1000,13000.0,0.7879858657243817,518.4791569579393,72.0,46,14,12,46,14,12,12,0,0
77,119,Q-TCID,1.0,1000,11000.0,0.8911917098445595,395.56119602546096,46.0,35,7,4,35,7,4,4,0,0
78,120,Q-TCID,1.0,1000,8000.0,0.84472049689441,275.27450642734766,52.0,44,6,2,44,6,2,2,0,0
79,121,Q-TCID,1.0,1000,7000.0,0.8433734939759037,513.3551022484899,64.0,45,7,12,45,7,12,12,0,0
0,42,TA-QTCID,1.0,1000,8000.0,0.8947368421052632,274.36444265954196,37.0,35,1,1,35,1,1,1,1,341
1,43,TA-QTCID,1.0,1000,7000.0,0.9206730769230769,350.09757551550865,37.0,28,5,4,28,5,4,4,4,412
2,44,TA-QTCID,1.0,1000,9000.0,0.9478908188585607,307.5224182792008,22.0,21,0,1,21,0,1,1,1,402
3,45,TA-QTCID,1.0,1000,8000.0,0.9226666666666666,258.5570306573063,29.0,29,0,0,29,0,0,0,0,375
4,46,TA-QTCID,1.0,1000,6000.0,0.8734177215189873,257.54804690927267,42.0,39,1,2,39,1,2,2,2,314
5,47,TA-QTCID,1.0,1000,7000.0,0.9038461538461539,235.94392437115312,35.0,35,0,0,35,0,0,0,0,364
6,48,TA-QTCID,1.0,1000,9000.0,0.9451754385964912,321.1535908356309,26.0,25,0,1,25,0,1,1,1,455
7,49,TA-QTCID,1.0,1000,8000.0,0.926829268292683,276.5604661051184,33.0,33,0,0,33,0,0,0,0,451
8,50,TA-QTCID,1.0,1000,6000.0,0.8657142857142858,265.26380496285856,49.0,44,3,2,44,3,2,2,2,348
9,51,TA-QTCID,1.0,1000,7000.0,0.8975,295.59266929142177,43.0,36,5,2,36,5,2,2,2,398
10,52,TA-QTCID,1.0,1000,8000.0,0.9325301204819277,318.20577557757497,30.0,27,1,2,27,1,2,2,2,413
11,53,TA-QTCID,1.0,1000,6000.0,0.9072463768115943,264.4922291506082,34.0,31,1,2,31,1,2,2,2,343
12,54,TA-QTCID,1.0,1000,8000.0,0.8905775075987842,295.5728852953762,38.0,36,0,2,36,0,2,2,2,327
13,55,TA-QTCID,1.0,1000,6000.0,0.8997289972899729,270.6648355908692,39.0,34,3,2,34,3,2,2,2,367
14,56,TA-QTCID,1.0,1000,11000.0,0.9153846153846154,364.95535576343536,35.0,33,0,2,33,0,2,2,2,388
15,57,TA-QTCID,1.0,1000,6000.0,0.9067796610169492,216.4171213041991,33.0,33,0,0,33,0,0,0,0,354
16,58,TA-QTCID,1.0,1000,11000.0,0.924433249370277,341.6893776413053,31.0,28,2,1,28,2,1,1,1,396
17,59,TA-QTCID,1.0,1000,4000.0,0.875,324.93233387358487,47.0,36,5,6,36,5,6,6,6,322
18,60,TA-QTCID,1.0,1000,4000.0,0.8622950819672132,345.11200877279043,49.0,35,7,7,35,7,7,7,7,298
19,61,TA-QTCID,1.0,1000,13000.0,0.8920454545454546,342.55987342633307,38.0,38,0,0,38,0,0,0,0,352
20,62,TA-QTCID,1.0,1000,6000.0,0.9140625,274.52271461859345,35.0,32,1,2,32,1,2,2,2,382
21,63,TA-QTCID,1.0,1000,5000.0,0.9230769230769231,361.9481885191053,37.0,26,5,6,26,5,6,6,6,397
22,64,TA-QTCID,1.0,1000,9000.0,0.9055555555555556,322.04387060552835,36.0,33,1,2,33,1,2,2,2,358
23,65,TA-QTCID,1.0,1000,8000.0,0.9063291139240506,313.06193687580526,39.0,36,1,2,36,1,2,2,2,393
24,66,TA-QTCID,1.0,1000,5000.0,0.8882521489971347,298.4415645711124,43.0,37,2,4,37,2,4,4,4,345
25,67,TA-QTCID,1.0,1000,7000.0,0.912,290.44883059524,35.0,29,4,2,29,4,2,2,2,373
26,68,TA-QTCID,1.0,1000,12000.0,0.94,374.0757774617523,28.0,27,0,1,27,0,1,1,1,449
27,69,TA-QTCID,1.0,1000,11000.0,0.9150485436893204,319.9665511343628,35.0,34,1,0,34,1,0,0,0,412
28,70,TA-QTCID,1.0,1000,12000.0,0.9020618556701031,359.41583716496825,39.0,36,2,1,36,2,1,1,1,387
29,71,TA-QTCID,1.0,1000,8000.0,0.9321266968325792,325.1499578244984,32.0,29,1,2,29,1,2,2,2,440
30,72,TA-QTCID,1.0,1000,9000.0,0.9112903225806451,300.8354279715568,34.0,33,0,1,33,0,1,1,1,371
31,73,TA-QTCID,1.0,1000,4000.0,0.8490566037735849,347.94112006016076,55.0,41,7,7,41,7,7,7,7,311
32,74,TA-QTCID,1.0,1000,7000.0,0.8741721854304636,374.2538334131241,44.0,37,1,6,37,1,6,6,6,296
33,75,TA-QTCID,1.0,1000,6000.0,0.9272300469483568,334.94303534552455,35.0,28,3,4,28,3,4,4,4,422
34,76,TA-QTCID,1.0,1000,4000.0,0.8753623188405797,405.27513756789267,52.0,40,3,9,40,3,9,9,9,336
35,77,TA-QTCID,1.0,1000,12000.0,0.9050445103857567,447.85029481351376,37.0,32,0,5,32,0,5,5,5,332
36,78,TA-QTCID,1.0,1000,8000.0,0.8895348837209303,249.55531293153763,38.0,37,1,0,37,1,0,0,0,344
37,79,TA-QTCID,1.0,1000,12000.0,0.9292929292929293,386.79688624478877,30.0,27,1,2,27,1,2,2,2,394
38,80,TA-QTCID,1.0,1000,11000.0,0.9464668094218416,334.36929949745536,25.0,25,0,0,25,0,0,0,0,467
39,81,TA-QTCID,1.0,1000,5000.0,0.9114583333333334,306.67170649394393,38.0,33,1,4,33,1,4,4,4,380
40,82,TA-QTCID,1.0,1000,7000.0,0.9011299435028248,310.37131355702877,38.0,35,0,3,35,0,3,3,3,351
41,83,TA-QTCID,1.0,1000,10000.0,0.9361702127659575,343.76669711992145,31.0,29,1,1,29,1,1,1,1,469
42,84,TA-QTCID,1.0,1000,7000.0,0.9098591549295775,233.88638889044523,32.0,32,0,0,32,0,0,0,0,355
43,85,TA-QTCID,1.0,1000,15000.0,0.9444444444444444,416.07719884999096,28.0,26,2,0,26,2,0,0,0,504
44,86,TA-QTCID,1.0,1000,10000.0,0.927710843373494,303.011667419225,30.0,30,0,0,30,0,0,0,0,415
45,87,TA-QTCID,1.0,1000,7000.0,0.9037900874635568,256.3807912040502,34.0,33,0,1,33,0,1,1,1,342
46,88,TA-QTCID,1.0,1000,7000.0,0.907928388746803,268.9831960182637,37.0,34,2,1,34,2,1,1,1,390
47,89,TA-QTCID,1.0,1000,6000.0,0.8672839506172839,259.34839045628905,45.0,38,5,2,38,5,2,2,2,322
48,90,TA-QTCID,1.0,1000,15000.0,0.9469387755102041,438.8287930935621,27.0,25,1,1,25,1,1,1,1,489
49,91,TA-QTCID,1.0,1000,10000.0,0.9369369369369369,335.7937471345067,29.0,26,2,1,26,2,1,1,1,443
50,92,TA-QTCID,1.0,1000,12000.0,0.9414316702819957,351.3241832125932,27.0,26,1,0,26,1,0,0,0,461
51,93,TA-QTCID,1.0,1000,8000.0,0.9202127659574468,308.17529011517763,32.0,29,1,2,29,1,2,2,2,374
52,94,TA-QTCID,1.0,1000,6000.0,0.8848484848484849,235.568028466776,39.0,37,1,1,37,1,1,1,1,329
53,95,TA-QTCID,1.0,1000,3000.0,0.8281786941580757,348.3367999587208,58.0,46,4,8,46,4,8,8,8,283
54,96,TA-QTCID,1.0,1000,9000.0,0.9418604651162791,340.04730606265366,27.0,25,0,2,25,0,2,2,2,428
55,97,TA-QTCID,1.0,1000,6000.0,0.893491124260355,287.7582072727382,39.0,36,0,3,36,0,3,3,3,335
56,98,TA-QTCID,1.0,1000,7000.0,0.8875379939209727,278.618001582101,39.0,36,1,2,36,1,2,2,2,327
57,99,TA-QTCID,1.0,1000,5000.0,0.8205980066445183,286.3535436298698,58.0,48,6,4,48,6,4,4,4,297
58,100,TA-QTCID,1.0,1000,7000.0,0.8873239436619719,284.27622414939106,42.0,39,1,2,39,1,2,2,2,353
59,101,TA-QTCID,1.0,1000,6000.0,0.8730650154798761,233.51049298420548,42.0,40,1,1,40,1,1,1,1,322
60,102,TA-QTCID,1.0,1000,6000.0,0.8927536231884058,214.1023938897997,37.0,37,0,0,37,0,0,0,0,345
61,103,TA-QTCID,1.0,1000,4000.0,0.8725761772853186,333.4196677301079,52.0,41,5,6,41,5,6,6,6,355
62,104,TA-QTCID,1.0,1000,5000.0,0.8580246913580247,292.26895812898874,50.0,43,3,4,43,3,4,4,4,320
63,105,TA-QTCID,1.0,1000,9000.0,0.9223057644110275,333.1031238157302,33.0,30,1,2,30,1,2,2,2,397
64,106,TA-QTCID,1.0,1000,8000.0,0.917312661498708,285.68088779971004,33.0,31,1,1,31,1,1,1,1,386
65,107,TA-QTCID,1.0,1000,6000.0,0.9017632241813602,278.1234017107636,41.0,36,3,2,36,3,2,2,2,395
66,108,TA-QTCID,1.0,1000,8000.0,0.8861538461538462,297.63042077980936,39.0,36,1,2,36,1,2,2,2,323
67,109,TA-QTCID,1.0,1000,6000.0,0.8947368421052632,218.21746484935284,38.0,36,2,0,36,2,0,0,0,361
68,110,TA-QTCID,1.0,1000,6000.0,0.8395522388059702,347.52565616741776,49.0,39,4,6,39,4,6,6,6,262
69,111,TA-QTCID,1.0,1000,7000.0,0.8694362017804155,281.70430480502546,46.0,40,4,2,40,4,2,2,2,335
70,112,TA-QTCID,1.0,1000,10000.0,0.9020618556701031,372.29521790891886,41.0,37,1,3,37,1,3,3,3,385
71,113,TA-QTCID,1.0,1000,7000.0,0.9164677804295943,352.15511099621654,39.0,34,1,4,34,1,4,4,4,415
72,114,TA-QTCID,1.0,1000,7000.0,0.8979591836734694,268.9831960182637,41.0,39,1,1,39,1,1,1,1,391
73,115,TA-QTCID,1.0,1000,10000.0,0.9,414.1977193187922,40.0,34,1,5,34,1,5,5,5,345
74,116,TA-QTCID,1.0,1000,12000.0,0.9535864978902954,356.2108299769461,22.0,21,1,0,21,1,0,0,0,474
75,117,TA-QTCID,1.0,1000,10000.0,0.921760391198044,302.7544754855335,32.0,32,0,0,32,0,0,0,0,409
76,118,TA-QTCID,1.0,1000,6000.0,0.8640776699029126,305.1087708901614,46.0,38,4,4,38,4,4,4,4,305
77,119,TA-QTCID,1.0,1000,10000.0,0.8958904109589041,342.08505754359066,40.0,38,0,2,38,0,2,2,2,363
78,120,TA-QTCID,1.0,1000,10000.0,0.9164420485175202,319.590655233711,32.0,31,0,1,31,0,1,1,1,370
79,121,TA-QTCID,1.0,1000,11000.0,0.9234828496042217,440.66870462708175,34.0,28,1,5,28,1,5,5,5,374
0,42,Q-TCID,1.0,1500,3000.0,0.6748768472906403,713.1536677442491,90.0,51,15,24,51,15,24,24,0,0
1,43,Q-TCID,1.0,1500,13500.0,0.7878787878787878,495.8660506699234,68.0,47,9,12,47,9,12,12,0,0
2,44,Q-TCID,1.0,1500,3000.0,0.6802030456852792,660.9634889364243,85.0,50,13,22,50,13,22,22,0,0
3,45,Q-TCID,1.0,1500,10500.0,0.8485915492957746,609.900997845456,60.0,35,8,17,35,8,17,17,0,0
4,46,Q-TCID,1.0,1500,6000.0,0.6711111111111111,703.6177821550518,96.0,55,19,22,55,19,22,22,0,0
5,47,Q-TCID,1.0,1500,12000.0,0.8244274809160306,621.9692347962409,63.0,42,4,17,42,4,17,17,0,0
6,48,Q-TCID,1.0,1500,6000.0,0.6855895196506551,838.8611719701439,100.0,50,22,28,50,22,28,28,0,0
7,49,Q-TCID,1.0,1500,3000.0,0.7584745762711864,493.7293792068958,72.0,45,12,15,45,12,15,15,0,0
8,50,Q-TCID,1.0,1500,9000.0,0.7568627450980392,417.58078245818615,71.0,48,14,9,48,14,9,9,0,0
9,51,Q-TCID,1.0,1500,3000.0,0.7479674796747967,546.9483257550746,79.0,47,15,17,47,15,17,17,0,0
10,52,Q-TCID,1.0,1500,4500.0,0.7276595744680852,561.8456739913672,81.0,45,19,17,45,19,17,17,0,0
11,53,Q-TCID,1.0,1500,4500.0,0.78,540.3800394143909,71.0,40,15,16,40,15,16,16,0,0
12,54,Q-TCID,1.0,1500,4500.0,0.7205240174672489,585.6260359790176,82.0,48,16,18,48,16,18,18,0,0
13,55,Q-TCID,1.0,1500,3000.0,0.7813765182186235,471.2349768932909,68.0,41,13,14,41,13,14,14,0,0
14,56,Q-TCID,1.0,1500,4500.0,0.7142857142857143,741.6821885332465,94.0,48,22,24,48,22,24,24,0,0
15,57,Q-TCID,1.0,1500,6000.0,0.7581967213114754,733.82794252038,82.0,46,13,23,46,13,23,23,0,0
16,58,Q-TCID,1.0,1500,4500.0,0.7642276422764228,514.027758076787,73.0,42,16,15,42,16,15,15,0,0
17,59,Q-TCID,1.0,1500,1500.0,0.6615384615384615,465.4580503515899,81.0,47,19,15,47,19,15,15,0,0
18,60,Q-TCID,1.0,1500,3000.0,0.6866359447004609,716.7543548326939,92.0,47,21,24,47,21,24,24,0,0
19,61,Q-TCID,1.0,1500,6000.0,0.7727272727272727,632.0195042528212,74.0,47,8,19,47,8,19,19,0,0
20,62,Q-TCID,1.0,1500,4500.0,0.7459016393442623,564.160401403904,79.0,49,13,17,49,13,17,17,0,0
21,63,Q-TCID,1.0,1500,4500.0,0.7785977859778598,469.8105292543769,73.0,41,19,13,41,19,13,13,0,0
22,64,Q-TCID,1.0,1500,10500.0,0.7759336099585062,497.5476902425289,67.0,47,7,13,47,7,13,13,0,0
23,65,Q-TCID,1.0,1500,6000.0,0.772,431.4889309387654,68.0,49,8,11,49,8,11,11,0,0
24,66,Q-TCID,1.0,1500,3000.0,0.6926605504587156,590.3939787745476,86.0,48,19,19,48,19,19,19,0,0
25,67,Q-TCID,1.0,1500,6000.0,0.7940074906367042,461.18470743484795,67.0,46,9,12,46,9,12,12,0,0
26,68,Q-TCID,1.0,1500,7500.0,0.7867647058823529,708.1087490227073,79.0,43,15,21,43,15,21,21,0,0
27,69,Q-TCID,1.0,1500,7500.0,0.8145161290322581,481.621574267745,59.0,41,5,13,41,5,13,13,0,0
28,70,Q-TCID,1.0,1500,4500.0,0.7739463601532567,441.9150963053107,71.0,45,14,12,45,14,12,12,0,0
29,71,Q-TCID,1.0,1500,1500.0,0.6935483870967742,513.7903501354158,74.0,42,15,17,42,15,17,17,0,0
30,72,Q-TCID,1.0,1500,3000.0,0.7725321888412017,619.5753713976592,73.0,39,14,20,39,14,20,20,0,0
31,73,Q-TCID,1.0,1500,6000.0,0.7611336032388664,633.3054639287293,78.0,46,13,19,46,13,19,19,0,0
32,74,Q-TCID,1.0,1500,1500.0,0.7389162561576355,644.7801810260862,75.0,36,17,22,36,17,22,22,0,0
33,75,Q-TCID,1.0,1500,6000.0,0.749003984063745,507.7166636735201,77.0,52,11,14,52,11,14,14,0,0
34,76,Q-TCID,1.0,1500,4500.0,0.7663934426229508,614.8074286039919,76.0,46,11,19,46,11,19,19,0,0
35,77,Q-TCID,1.0,1500,4500.0,0.7155172413793104,637.0446389839053,86.0,49,17,20,49,17,20,20,0,0
36,78,Q-TCID,1.0,1500,10500.0,0.7936507936507936,449.729774331674,63.0,41,11,11,41,11,11,11,0,0
37,79,Q-TCID,1.0,1500,3000.0,0.6857142857142857,512.3659024946392,82.0,54,12,16,54,12,16,16,0,0
38,80,Q-TCID,1.0,1500,3000.0,0.7336683417085427,762.7719272021204,79.0,48,5,26,48,5,26,26,0,0
39,81,Q-TCID,1.0,1500,4500.0,0.732,591.0270666144788,85.0,47,20,18,47,20,18,18,0,0
40,82,Q-TCID,1.0,1500,3000.0,0.7161572052401747,466.60552206262946,79.0,47,18,14,47,18,14,14,0,0
41,83,Q-TCID,1.0,1500,10500.0,0.822742474916388,504.8677683956921,65.0,39,14,12,39,14,12,12,0,0
42,84,Q-TCID,1.0,1500,9000.0,0.7887323943661971,609.9009978435934,77.0,46,14,17,46,14,17,17,0,0
43,85,Q-TCID,1.0,1500,3000.0,0.7053571428571429,591.9371303822845,85.0,49,17,19,49,17,19,19,0,0
44,86,Q-TCID,1.0,1500,7500.0,0.75,610.6923576425761,76.0,48,9,19,48,9,19,19,0,0
45,87,Q-TCID,1.0,1500,1500.0,0.6271186440677966,663.4167043138295,89.0,49,17,23,49,17,23,23,0,0
46,88,Q-TCID,1.0,1500,4500.0,0.7330677290836654,591.2842585481703,85.0,46,21,18,46,21,18,18,0,0
47,89,Q-TCID,1.0,1500,3000.0,0.7222222222222222,767.1441900972277,86.0,43,17,26,43,17,26,26,0,0
48,90,Q-TCID,1.0,1500,4500.0,0.7280334728033473,613.5214689280838,84.0,49,16,19,49,16,19,19,0,0
49,91,Q-TCID,1.0,1500,7500.0,0.7518518518518519,487.2797968387604,80.0,53,14,13,53,14,13,13,0,0
50,92,Q-TCID,1.0,1500,6000.0,0.7518796992481203,612.8685970939696,84.0,46,20,18,46,20,18,18,0,0
51,93,Q-TCID,1.0,1500,1500.0,0.7083333333333334,439.3629609476775,70.0,41,15,14,41,15,14,14,0,0
52,94,Q-TCID,1.0,1500,10500.0,0.7790697674418605,509.51700722053647,71.0,44,13,14,44,13,14,14,0,0
53,95,Q-TCID,1.0,1500,7500.0,0.7510204081632653,658.1145936585963,81.0,50,11,20,50,11,20,20,0,0
54,96,Q-TCID,1.0,1500,4500.0,0.7701612903225806,438.5716011505574,69.0,45,12,12,45,12,12,12,0,0
55,97,Q-TCID,1.0,1500,9000.0,0.7459016393442623,657.8574017230421,82.0,49,13,20,49,13,20,20,0,0
56,98,Q-TCID,1.0,1500,1500.0,0.6597938144329897,439.87734481692314,80.0,50,16,14,50,16,14,14,0,0
57,99,Q-TCID,1.0,1500,3000.0,0.7361111111111112,488.58554050698876,72.0,46,11,15,46,11,15,15,0,0
58,100,Q-TCID,1.0,1500,9000.0,0.8088235294117647,454.87361303158104,63.0,43,9,11,43,9,11,11,0,0
59,101,Q-TCID,1.0,1500,4500.0,0.6981132075471698,791.4389359559864,91.0,49,15,27,49,15,27,27,0,0
60,102,Q-TCID,1.0,1500,6000.0,0.8436482084690554,522.1194120310247,62.0,37,11,14,37,11,14,14,0,0
61,103,Q-TCID,1.0,1500,12000.0,0.8256227758007118,507.8353676442057,62.0,41,8,13,41,8,13,13,0,0
62,104,Q-TCID,1.0,1500,1500.0,0.7010869565217391,690.5405614580959,79.0,43,12,24,43,12,24,24,0,0
63,105,Q-TCID,1.0,1500,9000.0,0.8296296296296296,530.329769955948,60.0,42,4,14,42,4,14,14,0,0
64,106,Q-TCID,1.0,1500,6000.0,0.7148936170212766,427.63105191476643,78.0,50,17,11,50,17,11,11,0,0
65,107,Q-TCID,1.0,1500,13500.0,0.7841726618705036,542.5167108811438,73.0,45,15,13,45,15,13,13,0,0
66,108,Q-TCID,1.0,1500,1500.0,0.7333333333333333,465.4580503515899,67.0,39,13,15,39,13,15,15,0,0
67,109,Q-TCID,1.0,1500,4500.0,0.7670682730923695,413.50527948513627,69.0,45,13,11,45,13,11,11,0,0
68,110,Q-TCID,1.0,1500,1500.0,0.6593406593406593,639.379150390625,84.0,43,19,22,43,19,22,22,0,0
69,111,Q-TCID,1.0,1500,3000.0,0.7606837606837606,467.89148173853755,70.0,41,15,14,41,15,14,14,0,0
70,112,Q-TCID,1.0,1500,7500.0,0.7876712328767124,611.9585333261639,79.0,48,14,17,48,14,17,17,0,0
71,113,Q-TCID,1.0,1500,1500.0,0.7073170731707317,417.3829425033182,73.0,43,17,13,43,17,13,13,0,0
72,114,Q-TCID,1.0,1500,3000.0,0.6649746192893401,458.3753801435232,80.0,52,14,14,52,14,14,14,0,0
73,115,Q-TCID,1.0,1500,9000.0,0.8445945945945946,612.9873010646552,63.0,38,8,17,38,8,17,17,0,0
74,116,Q-TCID,1.0,1500,4500.0,0.7575757575757576,383.55231105722487,66.0,47,9,10,47,9,10,10,0,0
75,117,Q-TCID,1.0,1500,7500.0,0.8007968127490039,363.3726361580193,59.0,45,5,9,45,5,9,9,0,0
76,118,Q-TCID,1.0,1500,1500.0,0.6818181818181818,491.55313975550234,79.0,41,22,16,41,22,16,16,0,0
77,119,Q-TCID,1.0,1500,9000.0,0.7817460317460317,652.317883124575,74.0,41,14,19,41,14,19,19,0,0
78,120,Q-TCID,1.0,1500,4500.0,0.7689075630252101,587.9407633952796,73.0,45,10,18,45,10,18,18,0,0
79,121,Q-TCID,1.0,1500,7500.0,0.7470817120622568,501.6627612039447,78.0,49,16,13,49,16,13,13,0,0
0,42,TA-QTCID,1.0,1500,4500.0,0.7293577981651376,456.9509325027466,72.0,51,8,13,51,8,13,13,13,205
1,43,TA-QTCID,1.0,1500,12000.0,0.9107692307692308,245.69743390753865,29.0,29,0,0,29,0,0,0,0,325
2,44,TA-QTCID,1.0,1500,3000.0,0.6577540106951871,430.47994719445705,77.0,53,11,13,53,11,13,13,13,174
3,45,TA-QTCID,1.0,1500,1500.0,0.6179775280898876,587.7033554520458,88.0,56,12,20,56,12,20,20,20,158
4,46,TA-QTCID,1.0,1500,3000.0,0.7644230769230769,410.557464228943,61.0,42,7,12,42,7,12,12,12,196
5,47,TA-QTCID,1.0,1500,4500.0,0.7294685990338164,226.72458269633353,60.0,54,2,4,54,2,4,4,4,203
6,48,TA-QTCID,1.0,1500,1500.0,0.6589595375722543,611.740909377113,80.0,49,10,21,49,10,21,21,21,152
7,49,TA-QTCID,1.0,1500,7500.0,0.8480565371024735,256.4005751963705,46.0,42,1,3,42,1,3,3,3,280
8,50,TA-QTCID,1.0,1500,3000.0,0.728110599078341,362.22516444697976,69.0,48,11,10,48,11,10,10,10,207
9,51,TA-QTCID,1.0,1500,6000.0,0.8285714285714286,339.19659427180886,55.0,40,8,7,40,8,7,7,7,273
10,52,TA-QTCID,1.0,1500,6000.0,0.836,254.7387196160853,45.0,39,2,4,39,2,4,4,4,246
11,53,TA-QTCID,1.0,1500,6000.0,0.6904761904761905,422.48721321485937,76.0,56,9,11,56,9,11,11,11,199
12,54,TA-QTCID,1.0,1500,6000.0,0.8016528925619835,253.1955680064857,52.0,44,4,4,44,4,4,4,4,238
13,55,TA-QTCID,1.0,1500,10500.0,0.9085173501577287,325.9215336255729,33.0,29,0,4,29,0,4,4,4,313
14,56,TA-QTCID,1.0,1500,4500.0,0.7621359223300971,479.9597186874598,63.0,46,3,14,46,3,14,14,14,192
15,57,TA-QTCID,1.0,1500,9000.0,0.8833333333333333,253.17578401602805,37.0,33,2,2,33,2,2,2,2,298
16,58,TA-QTCID,1.0,1500,4500.0,0.8141263940520446,393.32560458779335,60.0,42,8,10,42,8,10,10,10,259
17,59,TA-QTCID,1.0,1500,6000.0,0.8475177304964538,287.77799126692116,48.0,40,3,5,40,3,5,5,5,277
18,60,TA-QTCID,1.0,1500,3000.0,0.7477477477477478,312.86409692279994,64.0,42,14,8,42,14,8,8,8,214
19,61,TA-QTCID,1.0,1500,4500.0,0.7577092511013216,383.5523110553622,65.0,48,7,10,48,7,10,10,10,217
20,62,TA-QTCID,1.0,1500,9000.0,0.8705501618122977,255.49051143042743,42.0,37,3,2,37,3,2,2,2,307
21,63,TA-QTCID,1.0,1500,9000.0,0.8888888888888888,281.842792769894,38.0,34,1,3,34,1,3,3,3,312
22,64,TA-QTCID,1.0,1500,7500.0,0.7883817427385892,346.89256832562387,58.0,47,4,7,47,4,7,7,7,234
23,65,TA-QTCID,1.0,1500,4500.0,0.7727272727272727,310.41088154539466,62.0,46,9,7,46,9,7,7,7,235
24,66,TA-QTCID,1.0,1500,0.0,0.4453125,582.4408127814531,92.0,55,16,21,55,16,21,21,21,107
25,67,TA-QTCID,1.0,1500,3000.0,0.7736625514403292,419.5591819547117,67.0,42,13,12,42,13,12,12,12,231
26,68,TA-QTCID,1.0,1500,6000.0,0.8346456692913385,307.44328229501843,48.0,40,2,6,40,2,6,6,6,248
27,69,TA-QTCID,1.0,1500,7500.0,0.8432835820895522,227.21918257139623,44.0,40,2,2,40,2,2,2,2,266
28,70,TA-QTCID,1.0,1500,6000.0,0.7309417040358744,223.2425995785743,63.0,52,8,3,52,8,3,3,3,220
29,71,TA-QTCID,1.0,1500,6000.0,0.7548076923076923,244.7082341518253,55.0,49,2,4,49,2,4,4,4,204
30,72,TA-QTCID,1.0,1500,4500.0,0.6282722513089005,475.8446477279067,85.0,62,9,14,62,9,14,14,14,177
31,73,TA-QTCID,1.0,1500,3000.0,0.698019801980198,307.7202582228929,69.0,49,12,8,49,12,8,8,8,194
32,74,TA-QTCID,1.0,1500,3000.0,0.6940639269406392,489.35711631178856,82.0,54,13,15,54,13,15,15,15,204
33,75,TA-QTCID,1.0,1500,3000.0,0.8294573643410853,296.7994929831475,51.0,37,7,7,37,7,7,7,7,251
34,76,TA-QTCID,1.0,1500,6000.0,0.8277153558052435,234.55904471874237,49.0,46,0,3,46,0,3,3,3,264
35,77,TA-QTCID,1.0,1500,9000.0,0.7668161434977578,410.6366002112627,61.0,49,3,9,49,3,9,9,9,214
36,78,TA-QTCID,1.0,1500,7500.0,0.8104838709677419,423.89187686145306,57.0,45,2,10,45,2,10,10,10,238
37,79,TA-QTCID,1.0,1500,7500.0,0.7983193277310925,245.08413005806506,51.0,44,4,3,44,4,3,3,3,235
38,80,TA-QTCID,1.0,1500,3000.0,0.757847533632287,287.7977752573788,61.0,44,10,7,44,10,7,7,7,216
39,81,TA-QTCID,1.0,1500,6000.0,0.8844884488448845,369.149562695995,43.0,29,6,8,29,6,8,8,8,295
40,82,TA-QTCID,1.0,1500,4500.0,0.7843137254901961,389.72491749562323,65.0,43,12,10,43,12,10,10,10,245
41,83,TA-QTCID,1.0,1500,12000.0,0.8560311284046692,278.8554095234722,39.0,36,1,2,36,1,2,2,2,255
42,84,TA-QTCID,1.0,1500,3000.0,0.7309417040358744,363.76831605657935,70.0,50,10,10,50,10,10,10,10,213
43,85,TA-QTCID,1.0,1500,4500.0,0.7925311203319502,235.46910848654807,54.0,47,3,4,47,3,4,4,4,237
44,86,TA-QTCID,1.0,1500,1500.0,0.6079545454545454,409.92437638901174,82.0,56,13,13,56,13,13,13,13,163
45,87,TA-QTCID,1.0,1500,9000.0,0.6476683937823834,760.0219519026577,91.0,52,16,23,52,16,23,23,23,170
46,88,TA-QTCID,1.0,1500,7500.0,0.7623318385650224,292.9020459726453,58.0,48,5,5,48,5,5,5,5,218
47,89,TA-QTCID,1.0,1500,6000.0,0.7198067632850241,371.0686102118343,67.0,48,10,9,48,10,9,9,9,198
48,90,TA-QTCID,1.0,1500,4500.0,0.7478260869565218,358.7431813273579,67.0,49,9,9,49,9,9,9,9,221
49,91,TA-QTCID,1.0,1500,9000.0,0.8110236220472441,367.9625229984522,55.0,45,3,7,45,3,7,7,7,247
50,92,TA-QTCID,1.0,1500,4500.0,0.7627118644067796,335.47720320895314,64.0,50,6,8,50,6,8,8,8,228
51,93,TA-QTCID,1.0,1500,6000.0,0.7603686635944701,196.37593436799943,54.0,48,4,2,48,4,2,2,2,215
52,94,TA-QTCID,1.0,1500,4500.0,0.7782258064516129,312.2112250905484,62.0,49,6,7,49,6,7,7,7,241
53,95,TA-QTCID,1.0,1500,9000.0,0.796812749003984,292.5063660722226,55.0,44,7,4,44,7,4,4,4,247
54,96,TA-QTCID,1.0,1500,6000.0,0.8241758241758241,310.78677744977176,54.0,41,7,6,41,7,6,6,6,267
55,97,TA-QTCID,1.0,1500,4500.0,0.7089201877934272,278.914761506021,68.0,57,5,6,57,5,6,6,6,207
56,98,TA-QTCID,1.0,1500,4500.0,0.7791666666666667,335.220011273399,61.0,45,8,8,45,8,8,8,8,232
57,99,TA-QTCID,1.0,1500,1500.0,0.7371134020618557,363.90680401958525,62.0,40,11,11,40,11,11,11,11,183
58,100,TA-QTCID,1.0,1500,7500.0,0.7633928571428571,316.9395998939872,59.0,51,2,6,51,2,6,6,6,218
59,101,TA-QTCID,1.0,1500,3000.0,0.582010582010582,557.6118990592659,97.0,62,17,18,62,17,18,18,18,171
60,102,TA-QTCID,1.0,1500,9000.0,0.8581081081081081,277.7277218066156,45.0,37,5,3,37,5,3,3,3,293
61,103,TA-QTCID,1.0,1500,1500.0,0.6483516483516484,462.1145551968366,79.0,56,8,15,56,8,15,15,15,167
62,104,TA-QTCID,1.0,1500,6000.0,0.7452830188679245,169.76646109297872,55.0,49,5,1,49,5,1,1,1,211
63,105,TA-QTCID,1.0,1500,1500.0,0.7115384615384616,570.0955999027938,79.0,45,15,19,45,15,19,19,19,189
64,106,TA-QTCID,1.0,1500,4500.0,0.7863636363636364,254.87720758095384,52.0,44,3,5,44,3,5,5,5,215
65,107,TA-QTCID,1.0,1500,1500.0,0.7170731707317073,468.02996970154345,73.0,43,15,15,43,15,15,15,15,190
66,108,TA-QTCID,1.0,1500,6000.0,0.7251184834123223,270.80332355573773,63.0,57,1,5,57,1,5,5,5,206
67,109,TA-QTCID,1.0,1500,7500.0,0.841726618705036,229.7911019232124,46.0,40,4,2,40,4,2,2,2,276
68,110,TA-QTCID,1.0,1500,9000.0,0.6368715083798883,856.4293595328927,92.0,57,8,27,57,8,27,27,27,152
69,111,TA-QTCID,1.0,1500,4500.0,0.7754237288135594,233.66876494139433,57.0,52,1,4,52,1,4,4,4,232
70,112,TA-QTCID,1.0,1500,7500.0,0.8195488721804511,201.63847704045475,49.0,43,5,1,43,5,1,1,1,265
71,113,TA-QTCID,1.0,1500,4500.0,0.7935222672064778,312.4684170242399,58.0,50,1,7,50,1,7,7,7,240
72,114,TA-QTCID,1.0,1500,3000.0,0.693069306930693,459.66133981756866,76.0,49,13,14,49,13,14,14,14,188
73,115,TA-QTCID,1.0,1500,3000.0,0.7488789237668162,439.99604878760874,69.0,51,5,13,51,5,13,13,13,210
74,116,TA-QTCID,1.0,1500,3000.0,0.8032786885245902,470.46340108662844,62.0,44,4,14,44,4,14,14,14,230
75,117,TA-QTCID,1.0,1500,4500.0,0.78,262.07858175970614,60.0,45,10,5,45,10,5,5,5,245
76,118,TA-QTCID,1.0,1500,7500.0,0.7277227722772277,491.3750838059932,68.0,51,4,13,51,4,13,13,13,189
77,119,TA-QTCID,1.0,1500,3000.0,0.6802030456852792,357.08132574521005,73.0,53,10,10,53,10,10,10,10,187
78,120,TA-QTCID,1.0,1500,3000.0,0.6701030927835051,482.9273179359734,79.0,56,8,15,56,8,15,15,15,179
79,121,TA-QTCID,1.0,1500,7500.0,0.8446215139442231,349.20729574002326,46.0,38,1,7,38,1,7,7,7,244
